solid 
 facet normal -1.000000e+00  0.000000e+00  0.000000e+00
   outer loop
     vertex -1.500000e+00 -8.250000e+01  2.800000e+00
     vertex -1.500000e+00  4.500000e+00 -3.500000e+00
     vertex -1.500000e+00 -8.250000e+01 -3.500000e+00
   endloop
 endfacet
 facet normal -1.000000e+00  0.000000e+00  0.000000e+00
   outer loop
     vertex -1.500000e+00 -8.250000e+01  2.800000e+00
     vertex -1.500000e+00  4.500000e+00  2.800000e+00
     vertex -1.500000e+00  4.500000e+00 -3.500000e+00
   endloop
 endfacet
 facet normal  0.000000e+00  0.000000e+00  1.000000e+00
   outer loop
     vertex -4.421589e-01 -8.478649e+01  2.800000e+00
     vertex -5.630984e-01 -8.467799e+01  2.800000e+00
     vertex -5.033633e-01 -8.473306e+01  2.800000e+00
   endloop
 endfacet
 facet normal  0.000000e+00  0.000000e+00  1.000000e+00
   outer loop
     vertex -9.365666e-01 -8.425018e+01  2.800000e+00
     vertex -8.882792e-01 -8.431552e+01  2.800000e+00
     vertex -8.382401e-01 -8.437953e+01  2.800000e+00
   endloop
 endfacet
 facet normal  0.000000e+00  0.000000e+00  1.000000e+00
   outer loop
     vertex -9.365666e-01 -8.425018e+01  2.800000e+00
     vertex -8.382401e-01 -8.437953e+01  2.800000e+00
     vertex -7.864862e-01 -8.444216e+01  2.800000e+00
   endloop
 endfacet
 facet normal  0.000000e+00  0.000000e+00  1.000000e+00
   outer loop
     vertex -1.835612e-01 -8.498307e+01  2.800000e+00
     vertex -4.421589e-01 -8.478649e+01  2.800000e+00
     vertex -3.795300e-01 -8.483824e+01  2.800000e+00
   endloop
 endfacet
 facet normal  0.000000e+00  0.000000e+00  1.000000e+00
   outer loop
     vertex -1.835612e-01 -8.498307e+01  2.800000e+00
     vertex -3.795300e-01 -8.483824e+01  2.800000e+00
     vertex -3.155226e-01 -8.488828e+01  2.800000e+00
   endloop
 endfacet
 facet normal  0.000000e+00  0.000000e+00  1.000000e+00
   outer loop
     vertex -1.835612e-01 -8.498307e+01  2.800000e+00
     vertex -3.155226e-01 -8.488828e+01  2.800000e+00
     vertex -2.501837e-01 -8.493657e+01  2.800000e+00
   endloop
 endfacet
 facet normal  0.000000e+00  0.000000e+00  1.000000e+00
   outer loop
     vertex -1.027746e+00 -8.411570e+01  2.800000e+00
     vertex -9.830670e-01 -8.418356e+01  2.800000e+00
     vertex -9.365666e-01 -8.425018e+01  2.800000e+00
   endloop
 endfacet
 facet normal  0.000000e+00  0.000000e+00  1.000000e+00
   outer loop
     vertex -1.027746e+00 -8.411570e+01  2.800000e+00
     vertex -7.864862e-01 -8.444216e+01  2.800000e+00
     vertex -7.330552e-01 -8.450336e+01  2.800000e+00
   endloop
 endfacet
 facet normal  0.000000e+00  0.000000e+00  1.000000e+00
   outer loop
     vertex -1.027746e+00 -8.411570e+01  2.800000e+00
     vertex -7.330552e-01 -8.450336e+01  2.800000e+00
     vertex -6.779865e-01 -8.456310e+01  2.800000e+00
   endloop
 endfacet
 facet normal  0.000000e+00  0.000000e+00  1.000000e+00
   outer loop
     vertex -1.027746e+00 -8.411570e+01  2.800000e+00
     vertex -9.365666e-01 -8.425018e+01  2.800000e+00
     vertex -7.864862e-01 -8.444216e+01  2.800000e+00
   endloop
 endfacet
 facet normal  0.000000e+00  0.000000e+00  1.000000e+00
   outer loop
     vertex -1.187617e+00 -8.383294e+01  2.800000e+00
     vertex -1.150536e+00 -8.390523e+01  2.800000e+00
     vertex -1.111512e+00 -8.397648e+01  2.800000e+00
   endloop
 endfacet
 facet normal  0.000000e+00  0.000000e+00  1.000000e+00
   outer loop
     vertex -1.187617e+00 -8.383294e+01  2.800000e+00
     vertex -1.111512e+00 -8.397648e+01  2.800000e+00
     vertex -1.070572e+00 -8.404666e+01  2.800000e+00
   endloop
 endfacet
 facet normal  0.000000e+00  0.000000e+00  1.000000e+00
   outer loop
     vertex -1.187617e+00 -8.383294e+01  2.800000e+00
     vertex -1.070572e+00 -8.404666e+01  2.800000e+00
     vertex -1.027746e+00 -8.411570e+01  2.800000e+00
   endloop
 endfacet
 facet normal  0.000000e+00  0.000000e+00  1.000000e+00
   outer loop
     vertex  1.670649e-01 -8.518762e+01  2.800000e+00
     vertex -4.666157e-02 -8.507057e+01  2.800000e+00
     vertex  2.351511e-02 -8.511151e+01  2.800000e+00
   endloop
 endfacet
 facet normal  0.000000e+00  0.000000e+00  1.000000e+00
   outer loop
     vertex  1.670649e-01 -8.518762e+01  2.800000e+00
     vertex  2.351511e-02 -8.511151e+01  2.800000e+00
     vertex  9.477468e-02 -8.515054e+01  2.800000e+00
   endloop
 endfacet
 facet normal  0.000000e+00  0.000000e+00  1.000000e+00
   outer loop
     vertex  3.145244e-01 -8.525584e+01  2.800000e+00
     vertex  1.670649e-01 -8.518762e+01  2.800000e+00
     vertex  2.403327e-01 -8.522273e+01  2.800000e+00
   endloop
 endfacet
 facet normal  0.000000e+00  0.000000e+00  1.000000e+00
   outer loop
     vertex  3.895855e-01 -8.528693e+01  2.800000e+00
     vertex -4.666157e-02 -8.507057e+01  2.800000e+00
     vertex  1.670649e-01 -8.518762e+01  2.800000e+00
   endloop
 endfacet
 facet normal  0.000000e+00  0.000000e+00  1.000000e+00
   outer loop
     vertex  3.895855e-01 -8.528693e+01  2.800000e+00
     vertex  1.670649e-01 -8.518762e+01  2.800000e+00
     vertex  3.145244e-01 -8.525584e+01  2.800000e+00
   endloop
 endfacet
 facet normal  0.000000e+00  0.000000e+00  1.000000e+00
   outer loop
     vertex  3.895855e-01 -8.528693e+01  2.800000e+00
     vertex -1.157039e-01 -8.502775e+01  2.800000e+00
     vertex -4.666157e-02 -8.507057e+01  2.800000e+00
   endloop
 endfacet
 facet normal  0.000000e+00  0.000000e+00  1.000000e+00
   outer loop
     vertex -1.315977e+00 -8.353454e+01  2.800000e+00
     vertex -1.286930e+00 -8.361041e+01  2.800000e+00
     vertex -1.255839e+00 -8.368548e+01  2.800000e+00
   endloop
 endfacet
 facet normal  0.000000e+00  0.000000e+00  1.000000e+00
   outer loop
     vertex -1.315977e+00 -8.353454e+01  2.800000e+00
     vertex -1.255839e+00 -8.368548e+01  2.800000e+00
     vertex -1.222726e+00 -8.375967e+01  2.800000e+00
   endloop
 endfacet
 facet normal  0.000000e+00  0.000000e+00  1.000000e+00
   outer loop
     vertex -1.315977e+00 -8.353454e+01  2.800000e+00
     vertex -1.222726e+00 -8.375967e+01  2.800000e+00
     vertex -1.187617e+00 -8.383294e+01  2.800000e+00
   endloop
 endfacet
 facet normal  0.000000e+00  0.000000e+00  1.000000e+00
   outer loop
     vertex -1.342960e+00 -8.345790e+01  2.800000e+00
     vertex -1.315977e+00 -8.353454e+01  2.800000e+00
     vertex -1.187617e+00 -8.383294e+01  2.800000e+00
   endloop
 endfacet
 facet normal  0.000000e+00  0.000000e+00  1.000000e+00
   outer loop
     vertex  5.420954e-01 -8.534296e+01  2.800000e+00
     vertex -4.421589e-01 -8.478649e+01  2.800000e+00
     vertex -1.835612e-01 -8.498307e+01  2.800000e+00
   endloop
 endfacet
 facet normal  0.000000e+00  0.000000e+00  1.000000e+00
   outer loop
     vertex  5.420954e-01 -8.534296e+01  2.800000e+00
     vertex -1.157039e-01 -8.502775e+01  2.800000e+00
     vertex  3.895855e-01 -8.528693e+01  2.800000e+00
   endloop
 endfacet
 facet normal  0.000000e+00  0.000000e+00  1.000000e+00
   outer loop
     vertex  5.420954e-01 -8.534296e+01  2.800000e+00
     vertex -1.835612e-01 -8.498307e+01  2.800000e+00
     vertex -1.157039e-01 -8.502775e+01  2.800000e+00
   endloop
 endfacet
 facet normal  0.000000e+00  0.000000e+00  1.000000e+00
   outer loop
     vertex  5.420954e-01 -8.534296e+01  2.800000e+00
     vertex  3.895855e-01 -8.528693e+01  2.800000e+00
     vertex  4.654611e-01 -8.531598e+01  2.800000e+00
   endloop
 endfacet
 facet normal  0.000000e+00  0.000000e+00  1.000000e+00
   outer loop
     vertex  5.420954e-01 -8.534296e+01  2.800000e+00
     vertex -5.630984e-01 -8.467799e+01  2.800000e+00
     vertex -4.421589e-01 -8.478649e+01  2.800000e+00
   endloop
 endfacet
 facet normal  0.000000e+00  0.000000e+00  1.000000e+00
   outer loop
     vertex -1.411323e+00 -8.322401e+01  2.800000e+00
     vertex -1.390650e+00 -8.330259e+01  2.800000e+00
     vertex -1.367856e+00 -8.338057e+01  2.800000e+00
   endloop
 endfacet
 facet normal  0.000000e+00  0.000000e+00  1.000000e+00
   outer loop
     vertex -1.411323e+00 -8.322401e+01  2.800000e+00
     vertex -1.367856e+00 -8.338057e+01  2.800000e+00
     vertex -1.342960e+00 -8.345790e+01  2.800000e+00
   endloop
 endfacet
 facet normal  0.000000e+00  0.000000e+00  1.000000e+00
   outer loop
     vertex  7.759863e-01 -8.541132e+01  2.800000e+00
     vertex  5.420954e-01 -8.534296e+01  2.800000e+00
     vertex  6.194323e-01 -8.536786e+01  2.800000e+00
   endloop
 endfacet
 facet normal  0.000000e+00  0.000000e+00  1.000000e+00
   outer loop
     vertex  7.759863e-01 -8.541132e+01  2.800000e+00
     vertex  6.194323e-01 -8.536786e+01  2.800000e+00
     vertex  6.974150e-01 -8.539065e+01  2.800000e+00
   endloop
 endfacet
 facet normal  0.000000e+00  0.000000e+00  1.000000e+00
   outer loop
     vertex -1.446251e+00 -8.306534e+01  2.800000e+00
     vertex -1.187617e+00 -8.383294e+01  2.800000e+00
     vertex -1.027746e+00 -8.411570e+01  2.800000e+00
   endloop
 endfacet
 facet normal  0.000000e+00  0.000000e+00  1.000000e+00
   outer loop
     vertex -1.446251e+00 -8.306534e+01  2.800000e+00
     vertex -1.429862e+00 -8.314491e+01  2.800000e+00
     vertex -1.411323e+00 -8.322401e+01  2.800000e+00
   endloop
 endfacet
 facet normal  0.000000e+00  0.000000e+00  1.000000e+00
   outer loop
     vertex -1.446251e+00 -8.306534e+01  2.800000e+00
     vertex -6.779865e-01 -8.456310e+01  2.800000e+00
     vertex -6.213203e-01 -8.462132e+01  2.800000e+00
   endloop
 endfacet
 facet normal  0.000000e+00  0.000000e+00  1.000000e+00
   outer loop
     vertex -1.446251e+00 -8.306534e+01  2.800000e+00
     vertex -6.213203e-01 -8.462132e+01  2.800000e+00
     vertex -5.630984e-01 -8.467799e+01  2.800000e+00
   endloop
 endfacet
 facet normal  0.000000e+00  0.000000e+00  1.000000e+00
   outer loop
     vertex -1.446251e+00 -8.306534e+01  2.800000e+00
     vertex -1.342960e+00 -8.345790e+01  2.800000e+00
     vertex -1.187617e+00 -8.383294e+01  2.800000e+00
   endloop
 endfacet
 facet normal  0.000000e+00  0.000000e+00  1.000000e+00
   outer loop
     vertex -1.446251e+00 -8.306534e+01  2.800000e+00
     vertex -1.411323e+00 -8.322401e+01  2.800000e+00
     vertex -1.342960e+00 -8.345790e+01  2.800000e+00
   endloop
 endfacet
 facet normal  0.000000e+00  0.000000e+00  1.000000e+00
   outer loop
     vertex -1.446251e+00 -8.306534e+01  2.800000e+00
     vertex -1.027746e+00 -8.411570e+01  2.800000e+00
     vertex -6.779865e-01 -8.456310e+01  2.800000e+00
   endloop
 endfacet
 facet normal  0.000000e+00  0.000000e+00  1.000000e+00
   outer loop
     vertex  9.346640e-01 -8.544625e+01  2.800000e+00
     vertex  7.759863e-01 -8.541132e+01  2.800000e+00
     vertex  8.550887e-01 -8.542986e+01  2.800000e+00
   endloop
 endfacet
 facet normal  0.000000e+00  0.000000e+00  1.000000e+00
   outer loop
     vertex  1.256524e+00 -8.549010e+01  2.800000e+00
     vertex  1.014654e+00 -8.546048e+01  2.800000e+00
     vertex  1.095000e+00 -8.547254e+01  2.800000e+00
   endloop
 endfacet
 facet normal  0.000000e+00  0.000000e+00  1.000000e+00
   outer loop
     vertex  1.256524e+00 -8.549010e+01  2.800000e+00
     vertex  1.095000e+00 -8.547254e+01  2.800000e+00
     vertex  1.175643e+00 -8.548241e+01  2.800000e+00
   endloop
 endfacet
 facet normal  0.000000e+00  0.000000e+00  1.000000e+00
   outer loop
     vertex -1.495600e+00 -8.266242e+01  2.800000e+00
     vertex -1.490104e+00 -8.274348e+01  2.800000e+00
     vertex -1.482414e+00 -8.282436e+01  2.800000e+00
   endloop
 endfacet
 facet normal  0.000000e+00  0.000000e+00  1.000000e+00
   outer loop
     vertex -1.495600e+00 -8.266242e+01  2.800000e+00
     vertex -1.482414e+00 -8.282436e+01  2.800000e+00
     vertex -1.472537e+00 -8.290500e+01  2.800000e+00
   endloop
 endfacet
 facet normal  0.000000e+00  0.000000e+00  1.000000e+00
   outer loop
     vertex -1.495600e+00 -8.266242e+01  2.800000e+00
     vertex -1.472537e+00 -8.290500e+01  2.800000e+00
     vertex -1.460480e+00 -8.298535e+01  2.800000e+00
   endloop
 endfacet
 facet normal  0.000000e+00  0.000000e+00  1.000000e+00
   outer loop
     vertex -1.500000e+00 -8.250000e+01  2.800000e+00
     vertex -1.498900e+00 -8.258124e+01  2.800000e+00
     vertex -1.495600e+00 -8.266242e+01  2.800000e+00
   endloop
 endfacet
 facet normal  0.000000e+00  0.000000e+00  1.000000e+00
   outer loop
     vertex  1.500000e+00 -8.550000e+01  2.800000e+00
     vertex -1.460480e+00 -8.298535e+01  2.800000e+00
     vertex -1.446251e+00 -8.306534e+01  2.800000e+00
   endloop
 endfacet
 facet normal  0.000000e+00  0.000000e+00  1.000000e+00
   outer loop
     vertex  1.500000e+00 -8.550000e+01  2.800000e+00
     vertex  5.420954e-01 -8.534296e+01  2.800000e+00
     vertex  7.759863e-01 -8.541132e+01  2.800000e+00
   endloop
 endfacet
 facet normal  0.000000e+00  0.000000e+00  1.000000e+00
   outer loop
     vertex  1.500000e+00 -8.550000e+01  2.800000e+00
     vertex -5.630984e-01 -8.467799e+01  2.800000e+00
     vertex  5.420954e-01 -8.534296e+01  2.800000e+00
   endloop
 endfacet
 facet normal  0.000000e+00  0.000000e+00  1.000000e+00
   outer loop
     vertex  1.500000e+00 -8.550000e+01  2.800000e+00
     vertex -1.446251e+00 -8.306534e+01  2.800000e+00
     vertex -5.630984e-01 -8.467799e+01  2.800000e+00
   endloop
 endfacet
 facet normal  0.000000e+00  0.000000e+00  1.000000e+00
   outer loop
     vertex  1.500000e+00 -8.550000e+01  2.800000e+00
     vertex  7.759863e-01 -8.541132e+01  2.800000e+00
     vertex  9.346640e-01 -8.544625e+01  2.800000e+00
   endloop
 endfacet
 facet normal  0.000000e+00  0.000000e+00  1.000000e+00
   outer loop
     vertex  1.500000e+00 -8.550000e+01  2.800000e+00
     vertex  1.014654e+00 -8.546048e+01  2.800000e+00
     vertex  1.256524e+00 -8.549010e+01  2.800000e+00
   endloop
 endfacet
 facet normal  0.000000e+00  0.000000e+00  1.000000e+00
   outer loop
     vertex  1.500000e+00 -8.550000e+01  2.800000e+00
     vertex  9.346640e-01 -8.544625e+01  2.800000e+00
     vertex  1.014654e+00 -8.546048e+01  2.800000e+00
   endloop
 endfacet
 facet normal  0.000000e+00  0.000000e+00  1.000000e+00
   outer loop
     vertex  1.500000e+00 -8.550000e+01  2.800000e+00
     vertex  1.256524e+00 -8.549010e+01  2.800000e+00
     vertex  1.337583e+00 -8.549560e+01  2.800000e+00
   endloop
 endfacet
 facet normal  0.000000e+00  0.000000e+00  1.000000e+00
   outer loop
     vertex  1.500000e+00 -8.550000e+01  2.800000e+00
     vertex  1.337583e+00 -8.549560e+01  2.800000e+00
     vertex  1.418762e+00 -8.549890e+01  2.800000e+00
   endloop
 endfacet
 facet normal  0.000000e+00  0.000000e+00  1.000000e+00
   outer loop
     vertex  1.500000e+00 -8.550000e+01  2.800000e+00
     vertex -1.495600e+00 -8.266242e+01  2.800000e+00
     vertex -1.460480e+00 -8.298535e+01  2.800000e+00
   endloop
 endfacet
 facet normal  0.000000e+00  0.000000e+00  1.000000e+00
   outer loop
     vertex  1.500000e+00 -8.550000e+01  2.800000e+00
     vertex -1.500000e+00 -8.250000e+01  2.800000e+00
     vertex -1.495600e+00 -8.266242e+01  2.800000e+00
   endloop
 endfacet
 facet normal  0.000000e+00  0.000000e+00  1.000000e+00
   outer loop
     vertex  2.800000e+00 -6.840000e+01  2.800000e+00
     vertex -1.500000e+00 -8.250000e+01  2.800000e+00
     vertex  1.500000e+00 -8.550000e+01  2.800000e+00
   endloop
 endfacet
 facet normal  0.000000e+00  0.000000e+00  1.000000e+00
   outer loop
     vertex -1.500000e+00  4.500000e+00  2.800000e+00
     vertex  2.800000e+00 -6.840000e+01  2.800000e+00
     vertex  2.800000e+00 -4.200000e+00  2.800000e+00
   endloop
 endfacet
 facet normal  0.000000e+00  0.000000e+00  1.000000e+00
   outer loop
     vertex -1.500000e+00  4.500000e+00  2.800000e+00
     vertex -1.500000e+00 -8.250000e+01  2.800000e+00
     vertex  2.800000e+00 -6.840000e+01  2.800000e+00
   endloop
 endfacet
 facet normal  0.000000e+00  0.000000e+00  1.000000e+00
   outer loop
     vertex -1.495600e+00  4.662417e+00  2.800000e+00
     vertex -1.498900e+00  4.581238e+00  2.800000e+00
     vertex -1.500000e+00  4.500000e+00  2.800000e+00
   endloop
 endfacet
 facet normal  0.000000e+00  0.000000e+00  1.000000e+00
   outer loop
     vertex -1.490104e+00  4.743476e+00  2.800000e+00
     vertex -1.495600e+00  4.662417e+00  2.800000e+00
     vertex -1.500000e+00  4.500000e+00  2.800000e+00
   endloop
 endfacet
 facet normal  0.000000e+00  0.000000e+00  1.000000e+00
   outer loop
     vertex -1.472537e+00  4.905000e+00  2.800000e+00
     vertex -1.482414e+00  4.824357e+00  2.800000e+00
     vertex -1.490104e+00  4.743476e+00  2.800000e+00
   endloop
 endfacet
 facet normal  0.000000e+00  0.000000e+00  1.000000e+00
   outer loop
     vertex -1.429862e+00  5.144911e+00  2.800000e+00
     vertex -1.490104e+00  4.743476e+00  2.800000e+00
     vertex -1.500000e+00  4.500000e+00  2.800000e+00
   endloop
 endfacet
 facet normal  0.000000e+00  0.000000e+00  1.000000e+00
   outer loop
     vertex -1.429862e+00  5.144911e+00  2.800000e+00
     vertex -1.472537e+00  4.905000e+00  2.800000e+00
     vertex -1.490104e+00  4.743476e+00  2.800000e+00
   endloop
 endfacet
 facet normal  0.000000e+00  0.000000e+00  1.000000e+00
   outer loop
     vertex -1.429862e+00  5.144911e+00  2.800000e+00
     vertex -1.460480e+00  4.985346e+00  2.800000e+00
     vertex -1.472537e+00  4.905000e+00  2.800000e+00
   endloop
 endfacet
 facet normal  0.000000e+00  0.000000e+00  1.000000e+00
   outer loop
     vertex -1.429862e+00  5.144911e+00  2.800000e+00
     vertex -1.446251e+00  5.065336e+00  2.800000e+00
     vertex -1.460480e+00  4.985346e+00  2.800000e+00
   endloop
 endfacet
 facet normal  0.000000e+00  0.000000e+00  1.000000e+00
   outer loop
     vertex -1.411323e+00  5.224014e+00  2.800000e+00
     vertex -1.429862e+00  5.144911e+00  2.800000e+00
     vertex -1.500000e+00  4.500000e+00  2.800000e+00
   endloop
 endfacet
 facet normal  0.000000e+00  0.000000e+00  1.000000e+00
   outer loop
     vertex -1.367856e+00  5.380568e+00  2.800000e+00
     vertex -1.411323e+00  5.224014e+00  2.800000e+00
     vertex -1.500000e+00  4.500000e+00  2.800000e+00
   endloop
 endfacet
 facet normal  0.000000e+00  0.000000e+00  1.000000e+00
   outer loop
     vertex -1.367856e+00  5.380568e+00  2.800000e+00
     vertex -1.390650e+00  5.302585e+00  2.800000e+00
     vertex -1.411323e+00  5.224014e+00  2.800000e+00
   endloop
 endfacet
 facet normal  0.000000e+00  0.000000e+00  1.000000e+00
   outer loop
     vertex -1.286930e+00  5.610414e+00  2.800000e+00
     vertex -1.315977e+00  5.534539e+00  2.800000e+00
     vertex -1.342960e+00  5.457905e+00  2.800000e+00
   endloop
 endfacet
 facet normal  0.000000e+00  0.000000e+00  1.000000e+00
   outer loop
     vertex  8.998535e+01 -8.546048e+01  2.800000e+00
     vertex  8.982436e+01 -8.548241e+01  2.800000e+00
     vertex  8.990500e+01 -8.547254e+01  2.800000e+00
   endloop
 endfacet
 facet normal  0.000000e+00  0.000000e+00  1.000000e+00
   outer loop
     vertex  8.998535e+01 -8.546048e+01  2.800000e+00
     vertex  8.974348e+01 -8.549010e+01  2.800000e+00
     vertex  8.982436e+01 -8.548241e+01  2.800000e+00
   endloop
 endfacet
 facet normal  0.000000e+00  0.000000e+00  1.000000e+00
   outer loop
     vertex  8.998535e+01 -8.546048e+01  2.800000e+00
     vertex  8.966242e+01 -8.549560e+01  2.800000e+00
     vertex  8.974348e+01 -8.549010e+01  2.800000e+00
   endloop
 endfacet
 facet normal  0.000000e+00  0.000000e+00  1.000000e+00
   outer loop
     vertex  8.998535e+01 -8.546048e+01  2.800000e+00
     vertex  8.958124e+01 -8.549890e+01  2.800000e+00
     vertex  8.966242e+01 -8.549560e+01  2.800000e+00
   endloop
 endfacet
 facet normal  0.000000e+00  0.000000e+00  1.000000e+00
   outer loop
     vertex -1.187617e+00  5.832935e+00  2.800000e+00
     vertex -1.286930e+00  5.610414e+00  2.800000e+00
     vertex -1.342960e+00  5.457905e+00  2.800000e+00
   endloop
 endfacet
 facet normal  0.000000e+00  0.000000e+00  1.000000e+00
   outer loop
     vertex -1.187617e+00  5.832935e+00  2.800000e+00
     vertex -1.342960e+00  5.457905e+00  2.800000e+00
     vertex -1.367856e+00  5.380568e+00  2.800000e+00
   endloop
 endfacet
 facet normal  0.000000e+00  0.000000e+00  1.000000e+00
   outer loop
     vertex -1.187617e+00  5.832935e+00  2.800000e+00
     vertex -1.255839e+00  5.685476e+00  2.800000e+00
     vertex -1.286930e+00  5.610414e+00  2.800000e+00
   endloop
 endfacet
 facet normal  0.000000e+00  0.000000e+00  1.000000e+00
   outer loop
     vertex -1.187617e+00  5.832935e+00  2.800000e+00
     vertex -1.222726e+00  5.759667e+00  2.800000e+00
     vertex -1.255839e+00  5.685476e+00  2.800000e+00
   endloop
 endfacet
 facet normal  0.000000e+00  0.000000e+00  1.000000e+00
   outer loop
     vertex  9.014491e+01 -8.542986e+01  2.800000e+00
     vertex  8.998535e+01 -8.546048e+01  2.800000e+00
     vertex  9.006534e+01 -8.544625e+01  2.800000e+00
   endloop
 endfacet
 facet normal  0.000000e+00  0.000000e+00  1.000000e+00
   outer loop
     vertex  9.014491e+01 -8.542986e+01  2.800000e+00
     vertex  8.958124e+01 -8.549890e+01  2.800000e+00
     vertex  8.998535e+01 -8.546048e+01  2.800000e+00
   endloop
 endfacet
 facet normal  0.000000e+00  0.000000e+00  1.000000e+00
   outer loop
     vertex -1.150536e+00  5.905225e+00  2.800000e+00
     vertex -1.187617e+00  5.832935e+00  2.800000e+00
     vertex -1.367856e+00  5.380568e+00  2.800000e+00
   endloop
 endfacet
 facet normal  0.000000e+00  0.000000e+00  1.000000e+00
   outer loop
     vertex  9.022401e+01 -8.541132e+01  2.800000e+00
     vertex  8.958124e+01 -8.549890e+01  2.800000e+00
     vertex  9.014491e+01 -8.542986e+01  2.800000e+00
   endloop
 endfacet
 facet normal  0.000000e+00  0.000000e+00  1.000000e+00
   outer loop
     vertex -1.111512e+00  5.976485e+00  2.800000e+00
     vertex -1.367856e+00  5.380568e+00  2.800000e+00
     vertex -1.500000e+00  4.500000e+00  2.800000e+00
   endloop
 endfacet
 facet normal  0.000000e+00  0.000000e+00  1.000000e+00
   outer loop
     vertex -1.111512e+00  5.976485e+00  2.800000e+00
     vertex -1.150536e+00  5.905225e+00  2.800000e+00
     vertex -1.367856e+00  5.380568e+00  2.800000e+00
   endloop
 endfacet
 facet normal  0.000000e+00  0.000000e+00  1.000000e+00
   outer loop
     vertex  9.038057e+01 -8.536786e+01  2.800000e+00
     vertex  9.022401e+01 -8.541132e+01  2.800000e+00
     vertex  9.030259e+01 -8.539065e+01  2.800000e+00
   endloop
 endfacet
 facet normal  0.000000e+00  0.000000e+00  1.000000e+00
   outer loop
     vertex -1.027746e+00  6.115704e+00  2.800000e+00
     vertex -1.111512e+00  5.976485e+00  2.800000e+00
     vertex -1.500000e+00  4.500000e+00  2.800000e+00
   endloop
 endfacet
 facet normal  0.000000e+00  0.000000e+00  1.000000e+00
   outer loop
     vertex -1.027746e+00  6.115704e+00  2.800000e+00
     vertex -1.070572e+00  6.046662e+00  2.800000e+00
     vertex -1.111512e+00  5.976485e+00  2.800000e+00
   endloop
 endfacet
 facet normal  0.000000e+00  0.000000e+00  1.000000e+00
   outer loop
     vertex  9.045790e+01 -8.534296e+01  2.800000e+00
     vertex  8.958124e+01 -8.549890e+01  2.800000e+00
     vertex  9.022401e+01 -8.541132e+01  2.800000e+00
   endloop
 endfacet
 facet normal  0.000000e+00  0.000000e+00  1.000000e+00
   outer loop
     vertex  9.045790e+01 -8.534296e+01  2.800000e+00
     vertex  9.022401e+01 -8.541132e+01  2.800000e+00
     vertex  9.038057e+01 -8.536786e+01  2.800000e+00
   endloop
 endfacet
 facet normal  0.000000e+00  0.000000e+00  1.000000e+00
   outer loop
     vertex  9.053454e+01 -8.531598e+01  2.800000e+00
     vertex  8.950000e+01 -8.550000e+01  2.800000e+00
     vertex  8.958124e+01 -8.549890e+01  2.800000e+00
   endloop
 endfacet
 facet normal  0.000000e+00  0.000000e+00  1.000000e+00
   outer loop
     vertex  9.053454e+01 -8.531598e+01  2.800000e+00
     vertex  8.958124e+01 -8.549890e+01  2.800000e+00
     vertex  9.045790e+01 -8.534296e+01  2.800000e+00
   endloop
 endfacet
 facet normal  0.000000e+00  0.000000e+00  1.000000e+00
   outer loop
     vertex -9.365666e-01  6.250184e+00  2.800000e+00
     vertex -9.830670e-01  6.183561e+00  2.800000e+00
     vertex -1.027746e+00  6.115704e+00  2.800000e+00
   endloop
 endfacet
 facet normal  0.000000e+00  0.000000e+00  1.000000e+00
   outer loop
     vertex -8.882792e-01  6.315523e+00  2.800000e+00
     vertex -9.365666e-01  6.250184e+00  2.800000e+00
     vertex -1.027746e+00  6.115704e+00  2.800000e+00
   endloop
 endfacet
 facet normal  0.000000e+00  0.000000e+00  1.000000e+00
   outer loop
     vertex  9.068548e+01 -8.525584e+01  2.800000e+00
     vertex  9.053454e+01 -8.531598e+01  2.800000e+00
     vertex  9.061041e+01 -8.528693e+01  2.800000e+00
   endloop
 endfacet
 facet normal  0.000000e+00  0.000000e+00  1.000000e+00
   outer loop
     vertex -8.382401e-01  6.379530e+00  2.800000e+00
     vertex -8.882792e-01  6.315523e+00  2.800000e+00
     vertex -1.027746e+00  6.115704e+00  2.800000e+00
   endloop
 endfacet
 facet normal  0.000000e+00  0.000000e+00  1.000000e+00
   outer loop
     vertex  9.083294e+01 -8.518762e+01  2.800000e+00
     vertex  9.068548e+01 -8.525584e+01  2.800000e+00
     vertex  9.075967e+01 -8.522273e+01  2.800000e+00
   endloop
 endfacet
 facet normal  0.000000e+00  0.000000e+00  1.000000e+00
   outer loop
     vertex  9.083294e+01 -8.518762e+01  2.800000e+00
     vertex  8.950000e+01 -8.550000e+01  2.800000e+00
     vertex  9.053454e+01 -8.531598e+01  2.800000e+00
   endloop
 endfacet
 facet normal  0.000000e+00  0.000000e+00  1.000000e+00
   outer loop
     vertex  9.083294e+01 -8.518762e+01  2.800000e+00
     vertex  9.053454e+01 -8.531598e+01  2.800000e+00
     vertex  9.068548e+01 -8.525584e+01  2.800000e+00
   endloop
 endfacet
 facet normal  0.000000e+00  0.000000e+00  1.000000e+00
   outer loop
     vertex -7.864862e-01  6.442159e+00  2.800000e+00
     vertex -1.027746e+00  6.115704e+00  2.800000e+00
     vertex -1.500000e+00  4.500000e+00  2.800000e+00
   endloop
 endfacet
 facet normal  0.000000e+00  0.000000e+00  1.000000e+00
   outer loop
     vertex -7.864862e-01  6.442159e+00  2.800000e+00
     vertex -8.382401e-01  6.379530e+00  2.800000e+00
     vertex -1.027746e+00  6.115704e+00  2.800000e+00
   endloop
 endfacet
 facet normal  0.000000e+00  0.000000e+00  1.000000e+00
   outer loop
     vertex  9.090523e+01 -8.515054e+01  2.800000e+00
     vertex  8.950000e+01 -8.550000e+01  2.800000e+00
     vertex  9.083294e+01 -8.518762e+01  2.800000e+00
   endloop
 endfacet
 facet normal  0.000000e+00  0.000000e+00  1.000000e+00
   outer loop
     vertex -6.779865e-01  6.563098e+00  2.800000e+00
     vertex -7.330552e-01  6.503363e+00  2.800000e+00
     vertex -7.864862e-01  6.442159e+00  2.800000e+00
   endloop
 endfacet
 facet normal  0.000000e+00  0.000000e+00  1.000000e+00
   outer loop
     vertex  9.104666e+01 -8.507057e+01  2.800000e+00
     vertex  8.950000e+01 -8.550000e+01  2.800000e+00
     vertex  9.090523e+01 -8.515054e+01  2.800000e+00
   endloop
 endfacet
 facet normal  0.000000e+00  0.000000e+00  1.000000e+00
   outer loop
     vertex  9.104666e+01 -8.507057e+01  2.800000e+00
     vertex  9.090523e+01 -8.515054e+01  2.800000e+00
     vertex  9.097648e+01 -8.511151e+01  2.800000e+00
   endloop
 endfacet
 facet normal  0.000000e+00  0.000000e+00  1.000000e+00
   outer loop
     vertex -5.630984e-01  6.677986e+00  2.800000e+00
     vertex -6.213203e-01  6.621320e+00  2.800000e+00
     vertex -6.779865e-01  6.563098e+00  2.800000e+00
   endloop
 endfacet
 facet normal  0.000000e+00  0.000000e+00  1.000000e+00
   outer loop
     vertex -5.033633e-01  6.733055e+00  2.800000e+00
     vertex -5.630984e-01  6.677986e+00  2.800000e+00
     vertex -6.779865e-01  6.563098e+00  2.800000e+00
   endloop
 endfacet
 facet normal  0.000000e+00  0.000000e+00  1.000000e+00
   outer loop
     vertex -4.421589e-01  6.786486e+00  2.800000e+00
     vertex -5.033633e-01  6.733055e+00  2.800000e+00
     vertex -6.779865e-01  6.563098e+00  2.800000e+00
   endloop
 endfacet
 facet normal  0.000000e+00  0.000000e+00  1.000000e+00
   outer loop
     vertex -4.421589e-01  6.786486e+00  2.800000e+00
     vertex -6.779865e-01  6.563098e+00  2.800000e+00
     vertex -7.864862e-01  6.442159e+00  2.800000e+00
   endloop
 endfacet
 facet normal  0.000000e+00  0.000000e+00  1.000000e+00
   outer loop
     vertex  9.131552e+01 -8.488828e+01  2.800000e+00
     vertex  8.950000e+01 -8.550000e+01  2.800000e+00
     vertex  9.104666e+01 -8.507057e+01  2.800000e+00
   endloop
 endfacet
 facet normal  0.000000e+00  0.000000e+00  1.000000e+00
   outer loop
     vertex  9.131552e+01 -8.488828e+01  2.800000e+00
     vertex  9.118356e+01 -8.498307e+01  2.800000e+00
     vertex  9.125018e+01 -8.493657e+01  2.800000e+00
   endloop
 endfacet
 facet normal  0.000000e+00  0.000000e+00  1.000000e+00
   outer loop
     vertex  9.131552e+01 -8.488828e+01  2.800000e+00
     vertex  9.111570e+01 -8.502775e+01  2.800000e+00
     vertex  9.118356e+01 -8.498307e+01  2.800000e+00
   endloop
 endfacet
 facet normal  0.000000e+00  0.000000e+00  1.000000e+00
   outer loop
     vertex  9.131552e+01 -8.488828e+01  2.800000e+00
     vertex  9.104666e+01 -8.507057e+01  2.800000e+00
     vertex  9.111570e+01 -8.502775e+01  2.800000e+00
   endloop
 endfacet
 facet normal  0.000000e+00  0.000000e+00  1.000000e+00
   outer loop
     vertex  9.144216e+01 -8.478649e+01  2.800000e+00
     vertex  9.131552e+01 -8.488828e+01  2.800000e+00
     vertex  9.137953e+01 -8.483824e+01  2.800000e+00
   endloop
 endfacet
 facet normal  0.000000e+00  0.000000e+00  1.000000e+00
   outer loop
     vertex  9.150336e+01 -8.473306e+01  2.800000e+00
     vertex  9.131552e+01 -8.488828e+01  2.800000e+00
     vertex  9.144216e+01 -8.478649e+01  2.800000e+00
   endloop
 endfacet
 facet normal  0.000000e+00  0.000000e+00  1.000000e+00
   outer loop
     vertex  9.150336e+01 -8.473306e+01  2.800000e+00
     vertex  8.950000e+01 -8.550000e+01  2.800000e+00
     vertex  9.131552e+01 -8.488828e+01  2.800000e+00
   endloop
 endfacet
 facet normal  0.000000e+00  0.000000e+00  1.000000e+00
   outer loop
     vertex -1.157039e-01  7.027746e+00  2.800000e+00
     vertex -3.155226e-01  6.888279e+00  2.800000e+00
     vertex -3.795300e-01  6.838240e+00  2.800000e+00
   endloop
 endfacet
 facet normal  0.000000e+00  0.000000e+00  1.000000e+00
   outer loop
     vertex -1.157039e-01  7.027746e+00  2.800000e+00
     vertex -2.501837e-01  6.936567e+00  2.800000e+00
     vertex -3.155226e-01  6.888279e+00  2.800000e+00
   endloop
 endfacet
 facet normal  0.000000e+00  0.000000e+00  1.000000e+00
   outer loop
     vertex -1.157039e-01  7.027746e+00  2.800000e+00
     vertex -1.835612e-01  6.983067e+00  2.800000e+00
     vertex -2.501837e-01  6.936567e+00  2.800000e+00
   endloop
 endfacet
 facet normal  0.000000e+00  0.000000e+00  1.000000e+00
   outer loop
     vertex  9.162132e+01 -8.462132e+01  2.800000e+00
     vertex  9.150336e+01 -8.473306e+01  2.800000e+00
     vertex  9.156310e+01 -8.467799e+01  2.800000e+00
   endloop
 endfacet
 facet normal  0.000000e+00  0.000000e+00  1.000000e+00
   outer loop
     vertex -4.666157e-02  7.070572e+00  2.800000e+00
     vertex -1.157039e-01  7.027746e+00  2.800000e+00
     vertex -3.795300e-01  6.838240e+00  2.800000e+00
   endloop
 endfacet
 facet normal  0.000000e+00  0.000000e+00  1.000000e+00
   outer loop
     vertex  9.173306e+01 -8.450336e+01  2.800000e+00
     vertex  9.150336e+01 -8.473306e+01  2.800000e+00
     vertex  9.162132e+01 -8.462132e+01  2.800000e+00
   endloop
 endfacet
 facet normal  0.000000e+00  0.000000e+00  1.000000e+00
   outer loop
     vertex  9.173306e+01 -8.450336e+01  2.800000e+00
     vertex  8.950000e+01 -8.550000e+01  2.800000e+00
     vertex  9.150336e+01 -8.473306e+01  2.800000e+00
   endloop
 endfacet
 facet normal  0.000000e+00  0.000000e+00  1.000000e+00
   outer loop
     vertex  9.173306e+01 -8.450336e+01  2.800000e+00
     vertex  9.162132e+01 -8.462132e+01  2.800000e+00
     vertex  9.167799e+01 -8.456310e+01  2.800000e+00
   endloop
 endfacet
 facet normal  0.000000e+00  0.000000e+00  1.000000e+00
   outer loop
     vertex  9.477468e-02  7.150536e+00  2.800000e+00
     vertex  2.351511e-02  7.111512e+00  2.800000e+00
     vertex -4.666157e-02  7.070572e+00  2.800000e+00
   endloop
 endfacet
 facet normal  0.000000e+00  0.000000e+00  1.000000e+00
   outer loop
     vertex  9.477468e-02  7.150536e+00  2.800000e+00
     vertex -4.666157e-02  7.070572e+00  2.800000e+00
     vertex -3.795300e-01  6.838240e+00  2.800000e+00
   endloop
 endfacet
 facet normal  0.000000e+00  0.000000e+00  1.000000e+00
   outer loop
     vertex  1.670649e-01  7.187617e+00  2.800000e+00
     vertex  9.477468e-02  7.150536e+00  2.800000e+00
     vertex -3.795300e-01  6.838240e+00  2.800000e+00
   endloop
 endfacet
 facet normal  0.000000e+00  0.000000e+00  1.000000e+00
   outer loop
     vertex  3.145244e-01  7.255839e+00  2.800000e+00
     vertex -3.795300e-01  6.838240e+00  2.800000e+00
     vertex -4.421589e-01  6.786486e+00  2.800000e+00
   endloop
 endfacet
 facet normal  0.000000e+00  0.000000e+00  1.000000e+00
   outer loop
     vertex  3.145244e-01  7.255839e+00  2.800000e+00
     vertex  2.403327e-01  7.222726e+00  2.800000e+00
     vertex  1.670649e-01  7.187617e+00  2.800000e+00
   endloop
 endfacet
 facet normal  0.000000e+00  0.000000e+00  1.000000e+00
   outer loop
     vertex  3.145244e-01  7.255839e+00  2.800000e+00
     vertex  1.670649e-01  7.187617e+00  2.800000e+00
     vertex -3.795300e-01  6.838240e+00  2.800000e+00
   endloop
 endfacet
 facet normal  0.000000e+00  0.000000e+00  1.000000e+00
   outer loop
     vertex  3.145244e-01  7.255839e+00  2.800000e+00
     vertex -4.421589e-01  6.786486e+00  2.800000e+00
     vertex -7.864862e-01  6.442159e+00  2.800000e+00
   endloop
 endfacet
 facet normal  0.000000e+00  0.000000e+00  1.000000e+00
   outer loop
     vertex  3.895855e-01  7.286930e+00  2.800000e+00
     vertex  3.145244e-01  7.255839e+00  2.800000e+00
     vertex -7.864862e-01  6.442159e+00  2.800000e+00
   endloop
 endfacet
 facet normal  0.000000e+00  0.000000e+00  1.000000e+00
   outer loop
     vertex  9.193657e+01 -8.425018e+01  2.800000e+00
     vertex  8.950000e+01 -8.550000e+01  2.800000e+00
     vertex  9.173306e+01 -8.450336e+01  2.800000e+00
   endloop
 endfacet
 facet normal  0.000000e+00  0.000000e+00  1.000000e+00
   outer loop
     vertex  9.193657e+01 -8.425018e+01  2.800000e+00
     vertex  9.183824e+01 -8.437953e+01  2.800000e+00
     vertex  9.188828e+01 -8.431552e+01  2.800000e+00
   endloop
 endfacet
 facet normal  0.000000e+00  0.000000e+00  1.000000e+00
   outer loop
     vertex  9.193657e+01 -8.425018e+01  2.800000e+00
     vertex  9.178649e+01 -8.444216e+01  2.800000e+00
     vertex  9.183824e+01 -8.437953e+01  2.800000e+00
   endloop
 endfacet
 facet normal  0.000000e+00  0.000000e+00  1.000000e+00
   outer loop
     vertex  9.193657e+01 -8.425018e+01  2.800000e+00
     vertex  9.173306e+01 -8.450336e+01  2.800000e+00
     vertex  9.178649e+01 -8.444216e+01  2.800000e+00
   endloop
 endfacet
 facet normal  0.000000e+00  0.000000e+00  1.000000e+00
   outer loop
     vertex  5.420954e-01  7.342960e+00  2.800000e+00
     vertex  4.654611e-01  7.315977e+00  2.800000e+00
     vertex  3.895855e-01  7.286930e+00  2.800000e+00
   endloop
 endfacet
 facet normal  0.000000e+00  0.000000e+00  1.000000e+00
   outer loop
     vertex  5.420954e-01  7.342960e+00  2.800000e+00
     vertex  3.895855e-01  7.286930e+00  2.800000e+00
     vertex -7.864862e-01  6.442159e+00  2.800000e+00
   endloop
 endfacet
 facet normal  0.000000e+00  0.000000e+00  1.000000e+00
   outer loop
     vertex  6.194323e-01  7.367856e+00  2.800000e+00
     vertex  5.420954e-01  7.342960e+00  2.800000e+00
     vertex -7.864862e-01  6.442159e+00  2.800000e+00
   endloop
 endfacet
 facet normal  0.000000e+00  0.000000e+00  1.000000e+00
   outer loop
     vertex  9.207057e+01 -8.404666e+01  2.800000e+00
     vertex  9.198307e+01 -8.418356e+01  2.800000e+00
     vertex  9.202775e+01 -8.411570e+01  2.800000e+00
   endloop
 endfacet
 facet normal  0.000000e+00  0.000000e+00  1.000000e+00
   outer loop
     vertex  9.211151e+01 -8.397648e+01  2.800000e+00
     vertex  8.950000e+01 -8.550000e+01  2.800000e+00
     vertex  9.193657e+01 -8.425018e+01  2.800000e+00
   endloop
 endfacet
 facet normal  0.000000e+00  0.000000e+00  1.000000e+00
   outer loop
     vertex  9.211151e+01 -8.397648e+01  2.800000e+00
     vertex  9.198307e+01 -8.418356e+01  2.800000e+00
     vertex  9.207057e+01 -8.404666e+01  2.800000e+00
   endloop
 endfacet
 facet normal  0.000000e+00  0.000000e+00  1.000000e+00
   outer loop
     vertex  9.211151e+01 -8.397648e+01  2.800000e+00
     vertex  9.193657e+01 -8.425018e+01  2.800000e+00
     vertex  9.198307e+01 -8.418356e+01  2.800000e+00
   endloop
 endfacet
 facet normal  0.000000e+00  0.000000e+00  1.000000e+00
   outer loop
     vertex  9.215054e+01 -8.390523e+01  2.800000e+00
     vertex  8.950000e+01 -8.550000e+01  2.800000e+00
     vertex  9.211151e+01 -8.397648e+01  2.800000e+00
   endloop
 endfacet
 facet normal  0.000000e+00  0.000000e+00  1.000000e+00
   outer loop
     vertex  8.550887e-01  7.429862e+00  2.800000e+00
     vertex  7.759863e-01  7.411323e+00  2.800000e+00
     vertex  6.974150e-01  7.390650e+00  2.800000e+00
   endloop
 endfacet
 facet normal  0.000000e+00  0.000000e+00  1.000000e+00
   outer loop
     vertex  1.014654e+00  7.460480e+00  2.800000e+00
     vertex  9.346640e-01  7.446251e+00  2.800000e+00
     vertex  8.550887e-01  7.429862e+00  2.800000e+00
   endloop
 endfacet
 facet normal  0.000000e+00  0.000000e+00  1.000000e+00
   outer loop
     vertex  1.014654e+00  7.460480e+00  2.800000e+00
     vertex  8.550887e-01  7.429862e+00  2.800000e+00
     vertex  6.974150e-01  7.390650e+00  2.800000e+00
   endloop
 endfacet
 facet normal  0.000000e+00  0.000000e+00  1.000000e+00
   outer loop
     vertex  1.095000e+00  7.472537e+00  2.800000e+00
     vertex  1.014654e+00  7.460480e+00  2.800000e+00
     vertex  6.974150e-01  7.390650e+00  2.800000e+00
   endloop
 endfacet
 facet normal  0.000000e+00  0.000000e+00  1.000000e+00
   outer loop
     vertex  9.225584e+01 -8.368548e+01  2.800000e+00
     vertex  9.218762e+01 -8.383294e+01  2.800000e+00
     vertex  9.222273e+01 -8.375967e+01  2.800000e+00
   endloop
 endfacet
 facet normal  0.000000e+00  0.000000e+00  1.000000e+00
   outer loop
     vertex  9.225584e+01 -8.368548e+01  2.800000e+00
     vertex  9.215054e+01 -8.390523e+01  2.800000e+00
     vertex  9.218762e+01 -8.383294e+01  2.800000e+00
   endloop
 endfacet
 facet normal  0.000000e+00  0.000000e+00  1.000000e+00
   outer loop
     vertex  1.175643e+00  7.482414e+00  2.800000e+00
     vertex  6.974150e-01  7.390650e+00  2.800000e+00
     vertex  6.194323e-01  7.367856e+00  2.800000e+00
   endloop
 endfacet
 facet normal  0.000000e+00  0.000000e+00  1.000000e+00
   outer loop
     vertex  1.175643e+00  7.482414e+00  2.800000e+00
     vertex  6.194323e-01  7.367856e+00  2.800000e+00
     vertex -7.864862e-01  6.442159e+00  2.800000e+00
   endloop
 endfacet
 facet normal  0.000000e+00  0.000000e+00  1.000000e+00
   outer loop
     vertex  1.175643e+00  7.482414e+00  2.800000e+00
     vertex  1.095000e+00  7.472537e+00  2.800000e+00
     vertex  6.974150e-01  7.390650e+00  2.800000e+00
   endloop
 endfacet
 facet normal  0.000000e+00  0.000000e+00  1.000000e+00
   outer loop
     vertex  9.228693e+01 -8.361041e+01  2.800000e+00
     vertex  9.215054e+01 -8.390523e+01  2.800000e+00
     vertex  9.225584e+01 -8.368548e+01  2.800000e+00
   endloop
 endfacet
 facet normal  0.000000e+00  0.000000e+00  1.000000e+00
   outer loop
     vertex  1.256524e+00  7.490104e+00  2.800000e+00
     vertex  1.175643e+00  7.482414e+00  2.800000e+00
     vertex -7.864862e-01  6.442159e+00  2.800000e+00
   endloop
 endfacet
 facet normal  0.000000e+00  0.000000e+00  1.000000e+00
   outer loop
     vertex  9.231598e+01 -8.353454e+01  2.800000e+00
     vertex  9.215054e+01 -8.390523e+01  2.800000e+00
     vertex  9.228693e+01 -8.361041e+01  2.800000e+00
   endloop
 endfacet
 facet normal  0.000000e+00  0.000000e+00  1.000000e+00
   outer loop
     vertex  9.234296e+01 -8.345790e+01  2.800000e+00
     vertex  9.215054e+01 -8.390523e+01  2.800000e+00
     vertex  9.231598e+01 -8.353454e+01  2.800000e+00
   endloop
 endfacet
 facet normal  0.000000e+00  0.000000e+00  1.000000e+00
   outer loop
     vertex  9.234296e+01 -8.345790e+01  2.800000e+00
     vertex  8.950000e+01 -8.550000e+01  2.800000e+00
     vertex  9.215054e+01 -8.390523e+01  2.800000e+00
   endloop
 endfacet
 facet normal  0.000000e+00  0.000000e+00  1.000000e+00
   outer loop
     vertex  1.500000e+00  7.500000e+00  2.800000e+00
     vertex  1.337583e+00  7.495600e+00  2.800000e+00
     vertex  1.256524e+00  7.490104e+00  2.800000e+00
   endloop
 endfacet
 facet normal  0.000000e+00  0.000000e+00  1.000000e+00
   outer loop
     vertex  1.500000e+00  7.500000e+00  2.800000e+00
     vertex  1.418762e+00  7.498900e+00  2.800000e+00
     vertex  1.337583e+00  7.495600e+00  2.800000e+00
   endloop
 endfacet
 facet normal  0.000000e+00  0.000000e+00  1.000000e+00
   outer loop
     vertex  1.500000e+00  7.500000e+00  2.800000e+00
     vertex -7.864862e-01  6.442159e+00  2.800000e+00
     vertex -1.500000e+00  4.500000e+00  2.800000e+00
   endloop
 endfacet
 facet normal  0.000000e+00  0.000000e+00  1.000000e+00
   outer loop
     vertex  1.500000e+00  7.500000e+00  2.800000e+00
     vertex  1.256524e+00  7.490104e+00  2.800000e+00
     vertex -7.864862e-01  6.442159e+00  2.800000e+00
   endloop
 endfacet
 facet normal  0.000000e+00  0.000000e+00  1.000000e+00
   outer loop
     vertex  1.500000e+00  7.500000e+00  2.800000e+00
     vertex -1.500000e+00  4.500000e+00  2.800000e+00
     vertex  2.800000e+00 -4.200000e+00  2.800000e+00
   endloop
 endfacet
 facet normal  0.000000e+00  0.000000e+00  1.000000e+00
   outer loop
     vertex  9.239065e+01 -8.330259e+01  2.800000e+00
     vertex  8.950000e+01 -8.550000e+01  2.800000e+00
     vertex  9.234296e+01 -8.345790e+01  2.800000e+00
   endloop
 endfacet
 facet normal  0.000000e+00  0.000000e+00  1.000000e+00
   outer loop
     vertex  9.239065e+01 -8.330259e+01  2.800000e+00
     vertex  9.234296e+01 -8.345790e+01  2.800000e+00
     vertex  9.236786e+01 -8.338057e+01  2.800000e+00
   endloop
 endfacet
 facet normal  0.000000e+00  0.000000e+00  1.000000e+00
   outer loop
     vertex  9.242986e+01 -8.314491e+01  2.800000e+00
     vertex  9.239065e+01 -8.330259e+01  2.800000e+00
     vertex  9.241132e+01 -8.322401e+01  2.800000e+00
   endloop
 endfacet
 facet normal  0.000000e+00  0.000000e+00  1.000000e+00
   outer loop
     vertex  9.246048e+01 -8.298535e+01  2.800000e+00
     vertex  9.242986e+01 -8.314491e+01  2.800000e+00
     vertex  9.244625e+01 -8.306534e+01  2.800000e+00
   endloop
 endfacet
 facet normal  0.000000e+00  0.000000e+00  1.000000e+00
   outer loop
     vertex  9.247254e+01 -8.290500e+01  2.800000e+00
     vertex  9.242986e+01 -8.314491e+01  2.800000e+00
     vertex  9.246048e+01 -8.298535e+01  2.800000e+00
   endloop
 endfacet
 facet normal  0.000000e+00  0.000000e+00  1.000000e+00
   outer loop
     vertex  9.248241e+01 -8.282436e+01  2.800000e+00
     vertex  9.242986e+01 -8.314491e+01  2.800000e+00
     vertex  9.247254e+01 -8.290500e+01  2.800000e+00
   endloop
 endfacet
 facet normal  0.000000e+00  0.000000e+00  1.000000e+00
   outer loop
     vertex  9.249560e+01 -8.266242e+01  2.800000e+00
     vertex  9.239065e+01 -8.330259e+01  2.800000e+00
     vertex  9.242986e+01 -8.314491e+01  2.800000e+00
   endloop
 endfacet
 facet normal  0.000000e+00  0.000000e+00  1.000000e+00
   outer loop
     vertex  9.249560e+01 -8.266242e+01  2.800000e+00
     vertex  9.242986e+01 -8.314491e+01  2.800000e+00
     vertex  9.248241e+01 -8.282436e+01  2.800000e+00
   endloop
 endfacet
 facet normal  0.000000e+00  0.000000e+00  1.000000e+00
   outer loop
     vertex  9.249560e+01 -8.266242e+01  2.800000e+00
     vertex  9.248241e+01 -8.282436e+01  2.800000e+00
     vertex  9.249010e+01 -8.274348e+01  2.800000e+00
   endloop
 endfacet
 facet normal  0.000000e+00  0.000000e+00  1.000000e+00
   outer loop
     vertex  9.249890e+01 -8.258124e+01  2.800000e+00
     vertex  9.239065e+01 -8.330259e+01  2.800000e+00
     vertex  9.249560e+01 -8.266242e+01  2.800000e+00
   endloop
 endfacet
 facet normal  0.000000e+00  0.000000e+00  1.000000e+00
   outer loop
     vertex  9.250000e+01 -8.250000e+01  2.800000e+00
     vertex  8.950000e+01 -8.550000e+01  2.800000e+00
     vertex  9.239065e+01 -8.330259e+01  2.800000e+00
   endloop
 endfacet
 facet normal  0.000000e+00  0.000000e+00  1.000000e+00
   outer loop
     vertex  9.250000e+01 -8.250000e+01  2.800000e+00
     vertex  9.239065e+01 -8.330259e+01  2.800000e+00
     vertex  9.249890e+01 -8.258124e+01  2.800000e+00
   endloop
 endfacet
 facet normal  0.000000e+00  0.000000e+00  1.000000e+00
   outer loop
     vertex  8.820000e+01 -6.840000e+01  2.800000e+00
     vertex  8.950000e+01 -8.550000e+01  2.800000e+00
     vertex  9.250000e+01 -8.250000e+01  2.800000e+00
   endloop
 endfacet
 facet normal  0.000000e+00  0.000000e+00  1.000000e+00
   outer loop
     vertex  8.820000e+01 -6.840000e+01  2.800000e+00
     vertex  1.500000e+00 -8.550000e+01  2.800000e+00
     vertex  8.950000e+01 -8.550000e+01  2.800000e+00
   endloop
 endfacet
 facet normal  0.000000e+00  0.000000e+00  1.000000e+00
   outer loop
     vertex  8.820000e+01 -6.840000e+01  2.800000e+00
     vertex  2.800000e+00 -6.840000e+01  2.800000e+00
     vertex  1.500000e+00 -8.550000e+01  2.800000e+00
   endloop
 endfacet
 facet normal  0.000000e+00  0.000000e+00  1.000000e+00
   outer loop
     vertex  3.789787e+01  2.849082e+00  2.800000e+00
     vertex  3.787315e+01  2.873146e+00  2.800000e+00
     vertex  2.800000e+00 -4.200000e+00  2.800000e+00
   endloop
 endfacet
 facet normal  0.000000e+00  0.000000e+00  1.000000e+00
   outer loop
     vertex  3.784908e+01  2.897871e+00  2.800000e+00
     vertex  2.800000e+00 -4.200000e+00  2.800000e+00
     vertex  3.787315e+01  2.873146e+00  2.800000e+00
   endloop
 endfacet
 facet normal  0.000000e+00  0.000000e+00  1.000000e+00
   outer loop
     vertex  3.782570e+01  2.923238e+00  2.800000e+00
     vertex  2.800000e+00 -4.200000e+00  2.800000e+00
     vertex  3.784908e+01  2.897871e+00  2.800000e+00
   endloop
 endfacet
 facet normal  0.000000e+00  0.000000e+00  1.000000e+00
   outer loop
     vertex  3.792324e+01  2.825696e+00  2.800000e+00
     vertex  3.789787e+01  2.849082e+00  2.800000e+00
     vertex  2.800000e+00 -4.200000e+00  2.800000e+00
   endloop
 endfacet
 facet normal  0.000000e+00  0.000000e+00  1.000000e+00
   outer loop
     vertex  3.780301e+01  2.949230e+00  2.800000e+00
     vertex  2.800000e+00 -4.200000e+00  2.800000e+00
     vertex  3.782570e+01  2.923238e+00  2.800000e+00
   endloop
 endfacet
 facet normal  0.000000e+00  0.000000e+00  1.000000e+00
   outer loop
     vertex  3.794923e+01  2.803006e+00  2.800000e+00
     vertex  3.792324e+01  2.825696e+00  2.800000e+00
     vertex  2.800000e+00 -4.200000e+00  2.800000e+00
   endloop
 endfacet
 facet normal  0.000000e+00  0.000000e+00  1.000000e+00
   outer loop
     vertex  3.778103e+01  2.975826e+00  2.800000e+00
     vertex  2.800000e+00 -4.200000e+00  2.800000e+00
     vertex  3.780301e+01  2.949230e+00  2.800000e+00
   endloop
 endfacet
 facet normal  0.000000e+00  0.000000e+00  1.000000e+00
   outer loop
     vertex  3.797583e+01  2.781027e+00  2.800000e+00
     vertex  3.794923e+01  2.803006e+00  2.800000e+00
     vertex  2.800000e+00 -4.200000e+00  2.800000e+00
   endloop
 endfacet
 facet normal  0.000000e+00  0.000000e+00  1.000000e+00
   outer loop
     vertex  3.775978e+01  3.003008e+00  2.800000e+00
     vertex  2.800000e+00 -4.200000e+00  2.800000e+00
     vertex  3.778103e+01  2.975826e+00  2.800000e+00
   endloop
 endfacet
 facet normal  0.000000e+00  0.000000e+00  1.000000e+00
   outer loop
     vertex  3.800301e+01  2.759777e+00  2.800000e+00
     vertex  3.797583e+01  2.781027e+00  2.800000e+00
     vertex  2.800000e+00 -4.200000e+00  2.800000e+00
   endloop
 endfacet
 facet normal  0.000000e+00  0.000000e+00  1.000000e+00
   outer loop
     vertex  3.803076e+01  2.739271e+00  2.800000e+00
     vertex  3.800301e+01  2.759777e+00  2.800000e+00
     vertex  2.800000e+00 -4.200000e+00  2.800000e+00
   endloop
 endfacet
 facet normal  0.000000e+00  0.000000e+00  1.000000e+00
   outer loop
     vertex  3.773927e+01  3.030755e+00  2.800000e+00
     vertex  2.800000e+00 -4.200000e+00  2.800000e+00
     vertex  3.775978e+01  3.003008e+00  2.800000e+00
   endloop
 endfacet
 facet normal  0.000000e+00  0.000000e+00  1.000000e+00
   outer loop
     vertex  3.771952e+01  3.059048e+00  2.800000e+00
     vertex  2.800000e+00 -4.200000e+00  2.800000e+00
     vertex  3.773927e+01  3.030755e+00  2.800000e+00
   endloop
 endfacet
 facet normal  0.000000e+00  0.000000e+00  1.000000e+00
   outer loop
     vertex  3.805905e+01  2.719524e+00  2.800000e+00
     vertex  3.803076e+01  2.739271e+00  2.800000e+00
     vertex  2.800000e+00 -4.200000e+00  2.800000e+00
   endloop
 endfacet
 facet normal  0.000000e+00  0.000000e+00  1.000000e+00
   outer loop
     vertex  3.770055e+01  3.087864e+00  2.800000e+00
     vertex  2.800000e+00 -4.200000e+00  2.800000e+00
     vertex  3.771952e+01  3.059048e+00  2.800000e+00
   endloop
 endfacet
 facet normal  0.000000e+00  0.000000e+00  1.000000e+00
   outer loop
     vertex  3.808786e+01  2.700550e+00  2.800000e+00
     vertex  3.805905e+01  2.719524e+00  2.800000e+00
     vertex  2.800000e+00 -4.200000e+00  2.800000e+00
   endloop
 endfacet
 facet normal  0.000000e+00  0.000000e+00  1.000000e+00
   outer loop
     vertex  3.811718e+01  2.682364e+00  2.800000e+00
     vertex  3.808786e+01  2.700550e+00  2.800000e+00
     vertex  2.800000e+00 -4.200000e+00  2.800000e+00
   endloop
 endfacet
 facet normal  0.000000e+00  0.000000e+00  1.000000e+00
   outer loop
     vertex  3.768236e+01  3.117184e+00  2.800000e+00
     vertex  2.800000e+00 -4.200000e+00  2.800000e+00
     vertex  3.770055e+01  3.087864e+00  2.800000e+00
   endloop
 endfacet
 facet normal  0.000000e+00  0.000000e+00  1.000000e+00
   outer loop
     vertex  3.814699e+01  2.664978e+00  2.800000e+00
     vertex  3.811718e+01  2.682364e+00  2.800000e+00
     vertex  2.800000e+00 -4.200000e+00  2.800000e+00
   endloop
 endfacet
 facet normal  0.000000e+00  0.000000e+00  1.000000e+00
   outer loop
     vertex  3.766498e+01  3.146986e+00  2.800000e+00
     vertex  2.800000e+00 -4.200000e+00  2.800000e+00
     vertex  3.768236e+01  3.117184e+00  2.800000e+00
   endloop
 endfacet
 facet normal  0.000000e+00  0.000000e+00  1.000000e+00
   outer loop
     vertex  3.764841e+01  3.177248e+00  2.800000e+00
     vertex  2.800000e+00 -4.200000e+00  2.800000e+00
     vertex  3.766498e+01  3.146986e+00  2.800000e+00
   endloop
 endfacet
 facet normal  0.000000e+00  0.000000e+00  1.000000e+00
   outer loop
     vertex  3.817725e+01  2.648406e+00  2.800000e+00
     vertex  3.814699e+01  2.664978e+00  2.800000e+00
     vertex  2.800000e+00 -4.200000e+00  2.800000e+00
   endloop
 endfacet
 facet normal  0.000000e+00  0.000000e+00  1.000000e+00
   outer loop
     vertex  3.820795e+01  2.632659e+00  2.800000e+00
     vertex  3.817725e+01  2.648406e+00  2.800000e+00
     vertex  2.800000e+00 -4.200000e+00  2.800000e+00
   endloop
 endfacet
 facet normal  0.000000e+00  0.000000e+00  1.000000e+00
   outer loop
     vertex  3.763266e+01  3.207947e+00  2.800000e+00
     vertex  2.800000e+00 -4.200000e+00  2.800000e+00
     vertex  3.764841e+01  3.177248e+00  2.800000e+00
   endloop
 endfacet
 facet normal  0.000000e+00  0.000000e+00  1.000000e+00
   outer loop
     vertex  3.761775e+01  3.239061e+00  2.800000e+00
     vertex  2.800000e+00 -4.200000e+00  2.800000e+00
     vertex  3.763266e+01  3.207947e+00  2.800000e+00
   endloop
 endfacet
 facet normal  0.000000e+00  0.000000e+00  1.000000e+00
   outer loop
     vertex  3.823906e+01  2.617749e+00  2.800000e+00
     vertex  3.820795e+01  2.632659e+00  2.800000e+00
     vertex  2.800000e+00 -4.200000e+00  2.800000e+00
   endloop
 endfacet
 facet normal  0.000000e+00  0.000000e+00  1.000000e+00
   outer loop
     vertex  3.760369e+01  3.270568e+00  2.800000e+00
     vertex  2.800000e+00 -4.200000e+00  2.800000e+00
     vertex  3.761775e+01  3.239061e+00  2.800000e+00
   endloop
 endfacet
 facet normal  0.000000e+00  0.000000e+00  1.000000e+00
   outer loop
     vertex  3.827057e+01  2.603687e+00  2.800000e+00
     vertex  3.823906e+01  2.617749e+00  2.800000e+00
     vertex  2.800000e+00 -4.200000e+00  2.800000e+00
   endloop
 endfacet
 facet normal  0.000000e+00  0.000000e+00  1.000000e+00
   outer loop
     vertex  3.830244e+01  2.590484e+00  2.800000e+00
     vertex  3.827057e+01  2.603687e+00  2.800000e+00
     vertex  2.800000e+00 -4.200000e+00  2.800000e+00
   endloop
 endfacet
 facet normal  0.000000e+00  0.000000e+00  1.000000e+00
   outer loop
     vertex  3.759048e+01  3.302444e+00  2.800000e+00
     vertex  2.800000e+00 -4.200000e+00  2.800000e+00
     vertex  3.760369e+01  3.270568e+00  2.800000e+00
   endloop
 endfacet
 facet normal  0.000000e+00  0.000000e+00  1.000000e+00
   outer loop
     vertex  3.833467e+01  2.578148e+00  2.800000e+00
     vertex  3.830244e+01  2.590484e+00  2.800000e+00
     vertex  2.800000e+00 -4.200000e+00  2.800000e+00
   endloop
 endfacet
 facet normal  0.000000e+00  0.000000e+00  1.000000e+00
   outer loop
     vertex  3.757815e+01  3.334666e+00  2.800000e+00
     vertex  2.800000e+00 -4.200000e+00  2.800000e+00
     vertex  3.759048e+01  3.302444e+00  2.800000e+00
   endloop
 endfacet
 facet normal  0.000000e+00  0.000000e+00  1.000000e+00
   outer loop
     vertex  3.756669e+01  3.367210e+00  2.800000e+00
     vertex  2.800000e+00 -4.200000e+00  2.800000e+00
     vertex  3.757815e+01  3.334666e+00  2.800000e+00
   endloop
 endfacet
 facet normal  0.000000e+00  0.000000e+00  1.000000e+00
   outer loop
     vertex  3.836721e+01  2.566690e+00  2.800000e+00
     vertex  3.833467e+01  2.578148e+00  2.800000e+00
     vertex  2.800000e+00 -4.200000e+00  2.800000e+00
   endloop
 endfacet
 facet normal  0.000000e+00  0.000000e+00  1.000000e+00
   outer loop
     vertex  3.840005e+01  2.556117e+00  2.800000e+00
     vertex  3.836721e+01  2.566690e+00  2.800000e+00
     vertex  2.800000e+00 -4.200000e+00  2.800000e+00
   endloop
 endfacet
 facet normal  0.000000e+00  0.000000e+00  1.000000e+00
   outer loop
     vertex  3.755612e+01  3.400052e+00  2.800000e+00
     vertex  2.800000e+00 -4.200000e+00  2.800000e+00
     vertex  3.756669e+01  3.367210e+00  2.800000e+00
   endloop
 endfacet
 facet normal  0.000000e+00  0.000000e+00  1.000000e+00
   outer loop
     vertex  3.754644e+01  3.433169e+00  2.800000e+00
     vertex  2.800000e+00 -4.200000e+00  2.800000e+00
     vertex  3.755612e+01  3.400052e+00  2.800000e+00
   endloop
 endfacet
 facet normal  0.000000e+00  0.000000e+00  1.000000e+00
   outer loop
     vertex  3.843317e+01  2.546437e+00  2.800000e+00
     vertex  3.840005e+01  2.556117e+00  2.800000e+00
     vertex  2.800000e+00 -4.200000e+00  2.800000e+00
   endloop
 endfacet
 facet normal  0.000000e+00  0.000000e+00  1.000000e+00
   outer loop
     vertex  3.753766e+01  3.466536e+00  2.800000e+00
     vertex  2.800000e+00 -4.200000e+00  2.800000e+00
     vertex  3.754644e+01  3.433169e+00  2.800000e+00
   endloop
 endfacet
 facet normal  0.000000e+00  0.000000e+00  1.000000e+00
   outer loop
     vertex  3.752979e+01  3.500128e+00  2.800000e+00
     vertex  2.800000e+00 -4.200000e+00  2.800000e+00
     vertex  3.753766e+01  3.466536e+00  2.800000e+00
   endloop
 endfacet
 facet normal  0.000000e+00  0.000000e+00  1.000000e+00
   outer loop
     vertex  3.752283e+01  3.533921e+00  2.800000e+00
     vertex  2.800000e+00 -4.200000e+00  2.800000e+00
     vertex  3.752979e+01  3.500128e+00  2.800000e+00
   endloop
 endfacet
 facet normal  0.000000e+00  0.000000e+00  1.000000e+00
   outer loop
     vertex  3.751678e+01  3.567890e+00  2.800000e+00
     vertex  2.800000e+00 -4.200000e+00  2.800000e+00
     vertex  3.752283e+01  3.533921e+00  2.800000e+00
   endloop
 endfacet
 facet normal  0.000000e+00  0.000000e+00  1.000000e+00
   outer loop
     vertex  3.751166e+01  3.602010e+00  2.800000e+00
     vertex  2.800000e+00 -4.200000e+00  2.800000e+00
     vertex  3.751678e+01  3.567890e+00  2.800000e+00
   endloop
 endfacet
 facet normal  0.000000e+00  0.000000e+00  1.000000e+00
   outer loop
     vertex  3.750747e+01  3.636256e+00  2.800000e+00
     vertex  2.800000e+00 -4.200000e+00  2.800000e+00
     vertex  3.751166e+01  3.602010e+00  2.800000e+00
   endloop
 endfacet
 facet normal  0.000000e+00  0.000000e+00  1.000000e+00
   outer loop
     vertex  3.750420e+01  3.670604e+00  2.800000e+00
     vertex  2.800000e+00 -4.200000e+00  2.800000e+00
     vertex  3.750747e+01  3.636256e+00  2.800000e+00
   endloop
 endfacet
 facet normal  0.000000e+00  0.000000e+00  1.000000e+00
   outer loop
     vertex  3.750187e+01  3.705027e+00  2.800000e+00
     vertex  2.800000e+00 -4.200000e+00  2.800000e+00
     vertex  3.750420e+01  3.670604e+00  2.800000e+00
   endloop
 endfacet
 facet normal  0.000000e+00  0.000000e+00  1.000000e+00
   outer loop
     vertex  3.750047e+01  3.739501e+00  2.800000e+00
     vertex  2.800000e+00 -4.200000e+00  2.800000e+00
     vertex  3.750187e+01  3.705027e+00  2.800000e+00
   endloop
 endfacet
 facet normal  0.000000e+00  0.000000e+00  1.000000e+00
   outer loop
     vertex  3.750000e+01  3.774000e+00  2.800000e+00
     vertex  2.800000e+00 -4.200000e+00  2.800000e+00
     vertex  3.750047e+01  3.739501e+00  2.800000e+00
   endloop
 endfacet
 facet normal  0.000000e+00  0.000000e+00  1.000000e+00
   outer loop
     vertex  3.750000e+01  3.774000e+00  2.800000e+00
     vertex  1.500000e+00  7.500000e+00  2.800000e+00
     vertex  2.800000e+00 -4.200000e+00  2.800000e+00
   endloop
 endfacet
 facet normal  0.000000e+00  0.000000e+00  1.000000e+00
   outer loop
     vertex  3.750000e+01  3.826000e+00  2.800000e+00
     vertex  1.500000e+00  7.500000e+00  2.800000e+00
     vertex  3.750000e+01  3.774000e+00  2.800000e+00
   endloop
 endfacet
 facet normal  0.000000e+00  0.000000e+00  1.000000e+00
   outer loop
     vertex  3.750047e+01  3.860499e+00  2.800000e+00
     vertex  1.500000e+00  7.500000e+00  2.800000e+00
     vertex  3.750000e+01  3.826000e+00  2.800000e+00
   endloop
 endfacet
 facet normal  0.000000e+00  0.000000e+00  1.000000e+00
   outer loop
     vertex  3.750187e+01  3.894973e+00  2.800000e+00
     vertex  1.500000e+00  7.500000e+00  2.800000e+00
     vertex  3.750047e+01  3.860499e+00  2.800000e+00
   endloop
 endfacet
 facet normal  0.000000e+00  0.000000e+00  1.000000e+00
   outer loop
     vertex  3.750420e+01  3.929396e+00  2.800000e+00
     vertex  1.500000e+00  7.500000e+00  2.800000e+00
     vertex  3.750187e+01  3.894973e+00  2.800000e+00
   endloop
 endfacet
 facet normal  0.000000e+00  0.000000e+00  1.000000e+00
   outer loop
     vertex  3.750747e+01  3.963744e+00  2.800000e+00
     vertex  1.500000e+00  7.500000e+00  2.800000e+00
     vertex  3.750420e+01  3.929396e+00  2.800000e+00
   endloop
 endfacet
 facet normal  0.000000e+00  0.000000e+00  1.000000e+00
   outer loop
     vertex  3.751166e+01  3.997990e+00  2.800000e+00
     vertex  1.500000e+00  7.500000e+00  2.800000e+00
     vertex  3.750747e+01  3.963744e+00  2.800000e+00
   endloop
 endfacet
 facet normal  0.000000e+00  0.000000e+00  1.000000e+00
   outer loop
     vertex  3.751678e+01  4.032110e+00  2.800000e+00
     vertex  1.500000e+00  7.500000e+00  2.800000e+00
     vertex  3.751166e+01  3.997990e+00  2.800000e+00
   endloop
 endfacet
 facet normal  0.000000e+00  0.000000e+00  1.000000e+00
   outer loop
     vertex  3.752283e+01  4.066079e+00  2.800000e+00
     vertex  1.500000e+00  7.500000e+00  2.800000e+00
     vertex  3.751678e+01  4.032110e+00  2.800000e+00
   endloop
 endfacet
 facet normal  0.000000e+00  0.000000e+00  1.000000e+00
   outer loop
     vertex  3.752979e+01  4.099872e+00  2.800000e+00
     vertex  1.500000e+00  7.500000e+00  2.800000e+00
     vertex  3.752283e+01  4.066079e+00  2.800000e+00
   endloop
 endfacet
 facet normal  0.000000e+00  0.000000e+00  1.000000e+00
   outer loop
     vertex  3.753766e+01  4.133464e+00  2.800000e+00
     vertex  1.500000e+00  7.500000e+00  2.800000e+00
     vertex  3.752979e+01  4.099872e+00  2.800000e+00
   endloop
 endfacet
 facet normal  0.000000e+00  0.000000e+00  1.000000e+00
   outer loop
     vertex  3.754644e+01  4.166831e+00  2.800000e+00
     vertex  1.500000e+00  7.500000e+00  2.800000e+00
     vertex  3.753766e+01  4.133464e+00  2.800000e+00
   endloop
 endfacet
 facet normal  0.000000e+00  0.000000e+00  1.000000e+00
   outer loop
     vertex  3.755612e+01  4.199948e+00  2.800000e+00
     vertex  1.500000e+00  7.500000e+00  2.800000e+00
     vertex  3.754644e+01  4.166831e+00  2.800000e+00
   endloop
 endfacet
 facet normal  0.000000e+00  0.000000e+00  1.000000e+00
   outer loop
     vertex  3.756669e+01  4.232790e+00  2.800000e+00
     vertex  1.500000e+00  7.500000e+00  2.800000e+00
     vertex  3.755612e+01  4.199948e+00  2.800000e+00
   endloop
 endfacet
 facet normal  0.000000e+00  0.000000e+00  1.000000e+00
   outer loop
     vertex  3.757815e+01  4.265334e+00  2.800000e+00
     vertex  1.500000e+00  7.500000e+00  2.800000e+00
     vertex  3.756669e+01  4.232790e+00  2.800000e+00
   endloop
 endfacet
 facet normal  0.000000e+00  0.000000e+00  1.000000e+00
   outer loop
     vertex  3.759048e+01  4.297556e+00  2.800000e+00
     vertex  1.500000e+00  7.500000e+00  2.800000e+00
     vertex  3.757815e+01  4.265334e+00  2.800000e+00
   endloop
 endfacet
 facet normal  0.000000e+00  0.000000e+00  1.000000e+00
   outer loop
     vertex  3.760369e+01  4.329432e+00  2.800000e+00
     vertex  1.500000e+00  7.500000e+00  2.800000e+00
     vertex  3.759048e+01  4.297556e+00  2.800000e+00
   endloop
 endfacet
 facet normal  0.000000e+00  0.000000e+00  1.000000e+00
   outer loop
     vertex  3.761775e+01  4.360939e+00  2.800000e+00
     vertex  1.500000e+00  7.500000e+00  2.800000e+00
     vertex  3.760369e+01  4.329432e+00  2.800000e+00
   endloop
 endfacet
 facet normal  0.000000e+00  0.000000e+00  1.000000e+00
   outer loop
     vertex  3.763266e+01  4.392053e+00  2.800000e+00
     vertex  1.500000e+00  7.500000e+00  2.800000e+00
     vertex  3.761775e+01  4.360939e+00  2.800000e+00
   endloop
 endfacet
 facet normal  0.000000e+00  0.000000e+00  1.000000e+00
   outer loop
     vertex  3.764841e+01  4.422752e+00  2.800000e+00
     vertex  1.500000e+00  7.500000e+00  2.800000e+00
     vertex  3.763266e+01  4.392053e+00  2.800000e+00
   endloop
 endfacet
 facet normal  0.000000e+00  0.000000e+00  1.000000e+00
   outer loop
     vertex  3.766498e+01  4.453014e+00  2.800000e+00
     vertex  1.500000e+00  7.500000e+00  2.800000e+00
     vertex  3.764841e+01  4.422752e+00  2.800000e+00
   endloop
 endfacet
 facet normal  0.000000e+00  0.000000e+00  1.000000e+00
   outer loop
     vertex  3.768236e+01  4.482816e+00  2.800000e+00
     vertex  1.500000e+00  7.500000e+00  2.800000e+00
     vertex  3.766498e+01  4.453014e+00  2.800000e+00
   endloop
 endfacet
 facet normal  0.000000e+00  0.000000e+00  1.000000e+00
   outer loop
     vertex  3.770055e+01  4.512136e+00  2.800000e+00
     vertex  1.500000e+00  7.500000e+00  2.800000e+00
     vertex  3.768236e+01  4.482816e+00  2.800000e+00
   endloop
 endfacet
 facet normal  0.000000e+00  0.000000e+00  1.000000e+00
   outer loop
     vertex  3.771952e+01  4.540952e+00  2.800000e+00
     vertex  1.500000e+00  7.500000e+00  2.800000e+00
     vertex  3.770055e+01  4.512136e+00  2.800000e+00
   endloop
 endfacet
 facet normal  0.000000e+00  0.000000e+00  1.000000e+00
   outer loop
     vertex  3.773927e+01  4.569245e+00  2.800000e+00
     vertex  1.500000e+00  7.500000e+00  2.800000e+00
     vertex  3.771952e+01  4.540952e+00  2.800000e+00
   endloop
 endfacet
 facet normal  0.000000e+00  0.000000e+00  1.000000e+00
   outer loop
     vertex  3.775978e+01  4.596992e+00  2.800000e+00
     vertex  1.500000e+00  7.500000e+00  2.800000e+00
     vertex  3.773927e+01  4.569245e+00  2.800000e+00
   endloop
 endfacet
 facet normal  0.000000e+00  0.000000e+00  1.000000e+00
   outer loop
     vertex  3.778103e+01  4.624174e+00  2.800000e+00
     vertex  1.500000e+00  7.500000e+00  2.800000e+00
     vertex  3.775978e+01  4.596992e+00  2.800000e+00
   endloop
 endfacet
 facet normal  0.000000e+00  0.000000e+00  1.000000e+00
   outer loop
     vertex  3.780301e+01  4.650770e+00  2.800000e+00
     vertex  1.500000e+00  7.500000e+00  2.800000e+00
     vertex  3.778103e+01  4.624174e+00  2.800000e+00
   endloop
 endfacet
 facet normal  0.000000e+00  0.000000e+00  1.000000e+00
   outer loop
     vertex  3.782570e+01  4.676762e+00  2.800000e+00
     vertex  1.500000e+00  7.500000e+00  2.800000e+00
     vertex  3.780301e+01  4.650770e+00  2.800000e+00
   endloop
 endfacet
 facet normal  0.000000e+00  0.000000e+00  1.000000e+00
   outer loop
     vertex  3.784908e+01  4.702129e+00  2.800000e+00
     vertex  1.500000e+00  7.500000e+00  2.800000e+00
     vertex  3.782570e+01  4.676762e+00  2.800000e+00
   endloop
 endfacet
 facet normal  0.000000e+00  0.000000e+00  1.000000e+00
   outer loop
     vertex  3.787315e+01  4.726854e+00  2.800000e+00
     vertex  1.500000e+00  7.500000e+00  2.800000e+00
     vertex  3.784908e+01  4.702129e+00  2.800000e+00
   endloop
 endfacet
 facet normal  0.000000e+00  0.000000e+00  1.000000e+00
   outer loop
     vertex  3.789787e+01  4.750918e+00  2.800000e+00
     vertex  1.500000e+00  7.500000e+00  2.800000e+00
     vertex  3.787315e+01  4.726854e+00  2.800000e+00
   endloop
 endfacet
 facet normal  0.000000e+00  0.000000e+00  1.000000e+00
   outer loop
     vertex  3.792324e+01  4.774304e+00  2.800000e+00
     vertex  1.500000e+00  7.500000e+00  2.800000e+00
     vertex  3.789787e+01  4.750918e+00  2.800000e+00
   endloop
 endfacet
 facet normal  0.000000e+00  0.000000e+00  1.000000e+00
   outer loop
     vertex  3.794923e+01  4.796994e+00  2.800000e+00
     vertex  1.500000e+00  7.500000e+00  2.800000e+00
     vertex  3.792324e+01  4.774304e+00  2.800000e+00
   endloop
 endfacet
 facet normal  0.000000e+00  0.000000e+00  1.000000e+00
   outer loop
     vertex  3.797583e+01  4.818973e+00  2.800000e+00
     vertex  1.500000e+00  7.500000e+00  2.800000e+00
     vertex  3.794923e+01  4.796994e+00  2.800000e+00
   endloop
 endfacet
 facet normal  0.000000e+00  0.000000e+00  1.000000e+00
   outer loop
     vertex  3.800301e+01  4.840223e+00  2.800000e+00
     vertex  1.500000e+00  7.500000e+00  2.800000e+00
     vertex  3.797583e+01  4.818973e+00  2.800000e+00
   endloop
 endfacet
 facet normal  0.000000e+00  0.000000e+00  1.000000e+00
   outer loop
     vertex  3.803076e+01  4.860729e+00  2.800000e+00
     vertex  1.500000e+00  7.500000e+00  2.800000e+00
     vertex  3.800301e+01  4.840223e+00  2.800000e+00
   endloop
 endfacet
 facet normal  0.000000e+00  0.000000e+00  1.000000e+00
   outer loop
     vertex  3.805905e+01  4.880476e+00  2.800000e+00
     vertex  1.500000e+00  7.500000e+00  2.800000e+00
     vertex  3.803076e+01  4.860729e+00  2.800000e+00
   endloop
 endfacet
 facet normal  0.000000e+00  0.000000e+00  1.000000e+00
   outer loop
     vertex  3.808786e+01  4.899450e+00  2.800000e+00
     vertex  1.500000e+00  7.500000e+00  2.800000e+00
     vertex  3.805905e+01  4.880476e+00  2.800000e+00
   endloop
 endfacet
 facet normal  0.000000e+00  0.000000e+00  1.000000e+00
   outer loop
     vertex  3.811718e+01  4.917636e+00  2.800000e+00
     vertex  1.500000e+00  7.500000e+00  2.800000e+00
     vertex  3.808786e+01  4.899450e+00  2.800000e+00
   endloop
 endfacet
 facet normal  0.000000e+00  0.000000e+00  1.000000e+00
   outer loop
     vertex  3.814699e+01  4.935022e+00  2.800000e+00
     vertex  1.500000e+00  7.500000e+00  2.800000e+00
     vertex  3.811718e+01  4.917636e+00  2.800000e+00
   endloop
 endfacet
 facet normal  0.000000e+00  0.000000e+00  1.000000e+00
   outer loop
     vertex  3.817725e+01  4.951594e+00  2.800000e+00
     vertex  1.500000e+00  7.500000e+00  2.800000e+00
     vertex  3.814699e+01  4.935022e+00  2.800000e+00
   endloop
 endfacet
 facet normal  0.000000e+00  0.000000e+00  1.000000e+00
   outer loop
     vertex  3.820795e+01  4.967341e+00  2.800000e+00
     vertex  1.500000e+00  7.500000e+00  2.800000e+00
     vertex  3.817725e+01  4.951594e+00  2.800000e+00
   endloop
 endfacet
 facet normal  0.000000e+00  0.000000e+00  1.000000e+00
   outer loop
     vertex  3.823906e+01  4.982251e+00  2.800000e+00
     vertex  1.500000e+00  7.500000e+00  2.800000e+00
     vertex  3.820795e+01  4.967341e+00  2.800000e+00
   endloop
 endfacet
 facet normal  0.000000e+00  0.000000e+00  1.000000e+00
   outer loop
     vertex  3.827057e+01  4.996313e+00  2.800000e+00
     vertex  1.500000e+00  7.500000e+00  2.800000e+00
     vertex  3.823906e+01  4.982251e+00  2.800000e+00
   endloop
 endfacet
 facet normal  0.000000e+00  0.000000e+00  1.000000e+00
   outer loop
     vertex  3.830244e+01  5.009516e+00  2.800000e+00
     vertex  1.500000e+00  7.500000e+00  2.800000e+00
     vertex  3.827057e+01  4.996313e+00  2.800000e+00
   endloop
 endfacet
 facet normal  0.000000e+00  0.000000e+00  1.000000e+00
   outer loop
     vertex  3.833467e+01  5.021852e+00  2.800000e+00
     vertex  1.500000e+00  7.500000e+00  2.800000e+00
     vertex  3.830244e+01  5.009516e+00  2.800000e+00
   endloop
 endfacet
 facet normal  0.000000e+00  0.000000e+00  1.000000e+00
   outer loop
     vertex  3.836721e+01  5.033310e+00  2.800000e+00
     vertex  1.500000e+00  7.500000e+00  2.800000e+00
     vertex  3.833467e+01  5.021852e+00  2.800000e+00
   endloop
 endfacet
 facet normal  0.000000e+00  0.000000e+00  1.000000e+00
   outer loop
     vertex  3.840005e+01  5.043883e+00  2.800000e+00
     vertex  1.500000e+00  7.500000e+00  2.800000e+00
     vertex  3.836721e+01  5.033310e+00  2.800000e+00
   endloop
 endfacet
 facet normal  0.000000e+00  0.000000e+00  1.000000e+00
   outer loop
     vertex  8.820000e+01 -4.200000e+00  2.800000e+00
     vertex  5.259995e+01  2.556117e+00  2.800000e+00
     vertex  5.256683e+01  2.546437e+00  2.800000e+00
   endloop
 endfacet
 facet normal  0.000000e+00  0.000000e+00  1.000000e+00
   outer loop
     vertex  8.820000e+01 -4.200000e+00  2.800000e+00
     vertex  5.263279e+01  2.566690e+00  2.800000e+00
     vertex  5.259995e+01  2.556117e+00  2.800000e+00
   endloop
 endfacet
 facet normal  0.000000e+00  0.000000e+00  1.000000e+00
   outer loop
     vertex  8.820000e+01 -4.200000e+00  2.800000e+00
     vertex  5.266533e+01  2.578148e+00  2.800000e+00
     vertex  5.263279e+01  2.566690e+00  2.800000e+00
   endloop
 endfacet
 facet normal  0.000000e+00  0.000000e+00  1.000000e+00
   outer loop
     vertex  8.820000e+01 -4.200000e+00  2.800000e+00
     vertex  5.269756e+01  2.590484e+00  2.800000e+00
     vertex  5.266533e+01  2.578148e+00  2.800000e+00
   endloop
 endfacet
 facet normal  0.000000e+00  0.000000e+00  1.000000e+00
   outer loop
     vertex  8.820000e+01 -4.200000e+00  2.800000e+00
     vertex  5.272943e+01  2.603687e+00  2.800000e+00
     vertex  5.269756e+01  2.590484e+00  2.800000e+00
   endloop
 endfacet
 facet normal  0.000000e+00  0.000000e+00  1.000000e+00
   outer loop
     vertex  8.820000e+01 -4.200000e+00  2.800000e+00
     vertex  5.276094e+01  2.617749e+00  2.800000e+00
     vertex  5.272943e+01  2.603687e+00  2.800000e+00
   endloop
 endfacet
 facet normal  0.000000e+00  0.000000e+00  1.000000e+00
   outer loop
     vertex  8.820000e+01 -4.200000e+00  2.800000e+00
     vertex  5.279205e+01  2.632659e+00  2.800000e+00
     vertex  5.276094e+01  2.617749e+00  2.800000e+00
   endloop
 endfacet
 facet normal  0.000000e+00  0.000000e+00  1.000000e+00
   outer loop
     vertex  8.820000e+01 -4.200000e+00  2.800000e+00
     vertex  5.282275e+01  2.648406e+00  2.800000e+00
     vertex  5.279205e+01  2.632659e+00  2.800000e+00
   endloop
 endfacet
 facet normal  0.000000e+00  0.000000e+00  1.000000e+00
   outer loop
     vertex  8.820000e+01 -4.200000e+00  2.800000e+00
     vertex  5.285301e+01  2.664978e+00  2.800000e+00
     vertex  5.282275e+01  2.648406e+00  2.800000e+00
   endloop
 endfacet
 facet normal  0.000000e+00  0.000000e+00  1.000000e+00
   outer loop
     vertex  8.820000e+01 -4.200000e+00  2.800000e+00
     vertex  5.288282e+01  2.682364e+00  2.800000e+00
     vertex  5.285301e+01  2.664978e+00  2.800000e+00
   endloop
 endfacet
 facet normal  0.000000e+00  0.000000e+00  1.000000e+00
   outer loop
     vertex  8.820000e+01 -4.200000e+00  2.800000e+00
     vertex  5.291214e+01  2.700550e+00  2.800000e+00
     vertex  5.288282e+01  2.682364e+00  2.800000e+00
   endloop
 endfacet
 facet normal  0.000000e+00  0.000000e+00  1.000000e+00
   outer loop
     vertex  8.820000e+01 -4.200000e+00  2.800000e+00
     vertex  5.294095e+01  2.719524e+00  2.800000e+00
     vertex  5.291214e+01  2.700550e+00  2.800000e+00
   endloop
 endfacet
 facet normal  0.000000e+00  0.000000e+00  1.000000e+00
   outer loop
     vertex  8.820000e+01 -4.200000e+00  2.800000e+00
     vertex  5.296924e+01  2.739271e+00  2.800000e+00
     vertex  5.294095e+01  2.719524e+00  2.800000e+00
   endloop
 endfacet
 facet normal  0.000000e+00  0.000000e+00  1.000000e+00
   outer loop
     vertex  8.820000e+01 -4.200000e+00  2.800000e+00
     vertex  5.299699e+01  2.759777e+00  2.800000e+00
     vertex  5.296924e+01  2.739271e+00  2.800000e+00
   endloop
 endfacet
 facet normal  0.000000e+00  0.000000e+00  1.000000e+00
   outer loop
     vertex  8.820000e+01 -4.200000e+00  2.800000e+00
     vertex  5.302417e+01  2.781027e+00  2.800000e+00
     vertex  5.299699e+01  2.759777e+00  2.800000e+00
   endloop
 endfacet
 facet normal  0.000000e+00  0.000000e+00  1.000000e+00
   outer loop
     vertex  8.820000e+01 -4.200000e+00  2.800000e+00
     vertex  5.305077e+01  2.803006e+00  2.800000e+00
     vertex  5.302417e+01  2.781027e+00  2.800000e+00
   endloop
 endfacet
 facet normal  0.000000e+00  0.000000e+00  1.000000e+00
   outer loop
     vertex  8.820000e+01 -4.200000e+00  2.800000e+00
     vertex  5.307676e+01  2.825696e+00  2.800000e+00
     vertex  5.305077e+01  2.803006e+00  2.800000e+00
   endloop
 endfacet
 facet normal  0.000000e+00  0.000000e+00  1.000000e+00
   outer loop
     vertex  8.820000e+01 -4.200000e+00  2.800000e+00
     vertex  5.310213e+01  2.849082e+00  2.800000e+00
     vertex  5.307676e+01  2.825696e+00  2.800000e+00
   endloop
 endfacet
 facet normal  0.000000e+00  0.000000e+00  1.000000e+00
   outer loop
     vertex  8.820000e+01 -4.200000e+00  2.800000e+00
     vertex  5.312685e+01  2.873146e+00  2.800000e+00
     vertex  5.310213e+01  2.849082e+00  2.800000e+00
   endloop
 endfacet
 facet normal  0.000000e+00  0.000000e+00  1.000000e+00
   outer loop
     vertex  8.820000e+01 -4.200000e+00  2.800000e+00
     vertex  5.315092e+01  2.897871e+00  2.800000e+00
     vertex  5.312685e+01  2.873146e+00  2.800000e+00
   endloop
 endfacet
 facet normal  0.000000e+00  0.000000e+00  1.000000e+00
   outer loop
     vertex  8.820000e+01 -4.200000e+00  2.800000e+00
     vertex  5.317430e+01  2.923238e+00  2.800000e+00
     vertex  5.315092e+01  2.897871e+00  2.800000e+00
   endloop
 endfacet
 facet normal  0.000000e+00  0.000000e+00  1.000000e+00
   outer loop
     vertex  8.820000e+01 -4.200000e+00  2.800000e+00
     vertex  5.319699e+01  2.949230e+00  2.800000e+00
     vertex  5.317430e+01  2.923238e+00  2.800000e+00
   endloop
 endfacet
 facet normal  0.000000e+00  0.000000e+00  1.000000e+00
   outer loop
     vertex  8.820000e+01 -4.200000e+00  2.800000e+00
     vertex  5.321897e+01  2.975826e+00  2.800000e+00
     vertex  5.319699e+01  2.949230e+00  2.800000e+00
   endloop
 endfacet
 facet normal  0.000000e+00  0.000000e+00  1.000000e+00
   outer loop
     vertex  8.820000e+01 -4.200000e+00  2.800000e+00
     vertex  5.324022e+01  3.003008e+00  2.800000e+00
     vertex  5.321897e+01  2.975826e+00  2.800000e+00
   endloop
 endfacet
 facet normal  0.000000e+00  0.000000e+00  1.000000e+00
   outer loop
     vertex  8.820000e+01 -4.200000e+00  2.800000e+00
     vertex  5.326073e+01  3.030755e+00  2.800000e+00
     vertex  5.324022e+01  3.003008e+00  2.800000e+00
   endloop
 endfacet
 facet normal  0.000000e+00  0.000000e+00  1.000000e+00
   outer loop
     vertex  8.820000e+01 -4.200000e+00  2.800000e+00
     vertex  5.328048e+01  3.059048e+00  2.800000e+00
     vertex  5.326073e+01  3.030755e+00  2.800000e+00
   endloop
 endfacet
 facet normal  0.000000e+00  0.000000e+00  1.000000e+00
   outer loop
     vertex  8.820000e+01 -4.200000e+00  2.800000e+00
     vertex  5.329945e+01  3.087864e+00  2.800000e+00
     vertex  5.328048e+01  3.059048e+00  2.800000e+00
   endloop
 endfacet
 facet normal  0.000000e+00  0.000000e+00  1.000000e+00
   outer loop
     vertex  8.820000e+01 -4.200000e+00  2.800000e+00
     vertex  5.331764e+01  3.117184e+00  2.800000e+00
     vertex  5.329945e+01  3.087864e+00  2.800000e+00
   endloop
 endfacet
 facet normal  0.000000e+00  0.000000e+00  1.000000e+00
   outer loop
     vertex  8.820000e+01 -4.200000e+00  2.800000e+00
     vertex  5.333502e+01  3.146986e+00  2.800000e+00
     vertex  5.331764e+01  3.117184e+00  2.800000e+00
   endloop
 endfacet
 facet normal  0.000000e+00  0.000000e+00  1.000000e+00
   outer loop
     vertex  8.820000e+01 -4.200000e+00  2.800000e+00
     vertex  5.335159e+01  3.177248e+00  2.800000e+00
     vertex  5.333502e+01  3.146986e+00  2.800000e+00
   endloop
 endfacet
 facet normal  0.000000e+00  0.000000e+00  1.000000e+00
   outer loop
     vertex  8.820000e+01 -4.200000e+00  2.800000e+00
     vertex  5.336734e+01  3.207947e+00  2.800000e+00
     vertex  5.335159e+01  3.177248e+00  2.800000e+00
   endloop
 endfacet
 facet normal  0.000000e+00  0.000000e+00  1.000000e+00
   outer loop
     vertex  8.820000e+01 -4.200000e+00  2.800000e+00
     vertex  5.338225e+01  3.239061e+00  2.800000e+00
     vertex  5.336734e+01  3.207947e+00  2.800000e+00
   endloop
 endfacet
 facet normal  0.000000e+00  0.000000e+00  1.000000e+00
   outer loop
     vertex  8.820000e+01 -4.200000e+00  2.800000e+00
     vertex  5.339631e+01  3.270568e+00  2.800000e+00
     vertex  5.338225e+01  3.239061e+00  2.800000e+00
   endloop
 endfacet
 facet normal  0.000000e+00  0.000000e+00  1.000000e+00
   outer loop
     vertex  8.820000e+01 -4.200000e+00  2.800000e+00
     vertex  5.340952e+01  3.302444e+00  2.800000e+00
     vertex  5.339631e+01  3.270568e+00  2.800000e+00
   endloop
 endfacet
 facet normal  0.000000e+00  0.000000e+00  1.000000e+00
   outer loop
     vertex  8.820000e+01 -4.200000e+00  2.800000e+00
     vertex  5.342185e+01  3.334666e+00  2.800000e+00
     vertex  5.340952e+01  3.302444e+00  2.800000e+00
   endloop
 endfacet
 facet normal  0.000000e+00  0.000000e+00  1.000000e+00
   outer loop
     vertex  8.820000e+01 -4.200000e+00  2.800000e+00
     vertex  5.343331e+01  3.367210e+00  2.800000e+00
     vertex  5.342185e+01  3.334666e+00  2.800000e+00
   endloop
 endfacet
 facet normal  0.000000e+00  0.000000e+00  1.000000e+00
   outer loop
     vertex  8.820000e+01 -4.200000e+00  2.800000e+00
     vertex  5.344388e+01  3.400052e+00  2.800000e+00
     vertex  5.343331e+01  3.367210e+00  2.800000e+00
   endloop
 endfacet
 facet normal  0.000000e+00  0.000000e+00  1.000000e+00
   outer loop
     vertex  8.820000e+01 -4.200000e+00  2.800000e+00
     vertex  5.345356e+01  3.433169e+00  2.800000e+00
     vertex  5.344388e+01  3.400052e+00  2.800000e+00
   endloop
 endfacet
 facet normal  0.000000e+00  0.000000e+00  1.000000e+00
   outer loop
     vertex  8.820000e+01 -4.200000e+00  2.800000e+00
     vertex  5.346234e+01  3.466536e+00  2.800000e+00
     vertex  5.345356e+01  3.433169e+00  2.800000e+00
   endloop
 endfacet
 facet normal  0.000000e+00  0.000000e+00  1.000000e+00
   outer loop
     vertex  8.820000e+01 -4.200000e+00  2.800000e+00
     vertex  5.347021e+01  3.500128e+00  2.800000e+00
     vertex  5.346234e+01  3.466536e+00  2.800000e+00
   endloop
 endfacet
 facet normal  0.000000e+00  0.000000e+00  1.000000e+00
   outer loop
     vertex  8.820000e+01 -4.200000e+00  2.800000e+00
     vertex  5.347717e+01  3.533921e+00  2.800000e+00
     vertex  5.347021e+01  3.500128e+00  2.800000e+00
   endloop
 endfacet
 facet normal  0.000000e+00  0.000000e+00  1.000000e+00
   outer loop
     vertex  8.820000e+01 -4.200000e+00  2.800000e+00
     vertex  5.348322e+01  3.567890e+00  2.800000e+00
     vertex  5.347717e+01  3.533921e+00  2.800000e+00
   endloop
 endfacet
 facet normal  0.000000e+00  0.000000e+00  1.000000e+00
   outer loop
     vertex  8.820000e+01 -4.200000e+00  2.800000e+00
     vertex  5.348834e+01  3.602010e+00  2.800000e+00
     vertex  5.348322e+01  3.567890e+00  2.800000e+00
   endloop
 endfacet
 facet normal  0.000000e+00  0.000000e+00  1.000000e+00
   outer loop
     vertex  8.820000e+01 -4.200000e+00  2.800000e+00
     vertex  5.349253e+01  3.636256e+00  2.800000e+00
     vertex  5.348834e+01  3.602010e+00  2.800000e+00
   endloop
 endfacet
 facet normal  0.000000e+00  0.000000e+00  1.000000e+00
   outer loop
     vertex  8.820000e+01 -4.200000e+00  2.800000e+00
     vertex  5.349580e+01  3.670604e+00  2.800000e+00
     vertex  5.349253e+01  3.636256e+00  2.800000e+00
   endloop
 endfacet
 facet normal  0.000000e+00  0.000000e+00  1.000000e+00
   outer loop
     vertex  8.820000e+01 -4.200000e+00  2.800000e+00
     vertex  5.349813e+01  3.705027e+00  2.800000e+00
     vertex  5.349580e+01  3.670604e+00  2.800000e+00
   endloop
 endfacet
 facet normal  0.000000e+00  0.000000e+00  1.000000e+00
   outer loop
     vertex  8.820000e+01 -4.200000e+00  2.800000e+00
     vertex  5.349953e+01  3.739501e+00  2.800000e+00
     vertex  5.349813e+01  3.705027e+00  2.800000e+00
   endloop
 endfacet
 facet normal  0.000000e+00  0.000000e+00  1.000000e+00
   outer loop
     vertex  8.820000e+01 -4.200000e+00  2.800000e+00
     vertex  5.350000e+01  3.774000e+00  2.800000e+00
     vertex  5.349953e+01  3.739501e+00  2.800000e+00
   endloop
 endfacet
 facet normal  0.000000e+00  0.000000e+00  1.000000e+00
   outer loop
     vertex  8.950000e+01  7.500000e+00  2.800000e+00
     vertex  5.263279e+01  5.033310e+00  2.800000e+00
     vertex  5.266533e+01  5.021852e+00  2.800000e+00
   endloop
 endfacet
 facet normal  0.000000e+00  0.000000e+00  1.000000e+00
   outer loop
     vertex  8.950000e+01  7.500000e+00  2.800000e+00
     vertex  5.259995e+01  5.043883e+00  2.800000e+00
     vertex  5.263279e+01  5.033310e+00  2.800000e+00
   endloop
 endfacet
 facet normal  0.000000e+00  0.000000e+00  1.000000e+00
   outer loop
     vertex  8.950000e+01  7.500000e+00  2.800000e+00
     vertex  5.350000e+01  3.826000e+00  2.800000e+00
     vertex  5.350000e+01  3.774000e+00  2.800000e+00
   endloop
 endfacet
 facet normal  0.000000e+00  0.000000e+00  1.000000e+00
   outer loop
     vertex  8.950000e+01  7.500000e+00  2.800000e+00
     vertex  5.350000e+01  3.774000e+00  2.800000e+00
     vertex  8.820000e+01 -4.200000e+00  2.800000e+00
   endloop
 endfacet
 facet normal  0.000000e+00  0.000000e+00  1.000000e+00
   outer loop
     vertex  8.950000e+01  7.500000e+00  2.800000e+00
     vertex  5.349953e+01  3.860499e+00  2.800000e+00
     vertex  5.350000e+01  3.826000e+00  2.800000e+00
   endloop
 endfacet
 facet normal  0.000000e+00  0.000000e+00  1.000000e+00
   outer loop
     vertex  8.950000e+01  7.500000e+00  2.800000e+00
     vertex  5.349813e+01  3.894973e+00  2.800000e+00
     vertex  5.349953e+01  3.860499e+00  2.800000e+00
   endloop
 endfacet
 facet normal  0.000000e+00  0.000000e+00  1.000000e+00
   outer loop
     vertex  8.950000e+01  7.500000e+00  2.800000e+00
     vertex  5.349580e+01  3.929396e+00  2.800000e+00
     vertex  5.349813e+01  3.894973e+00  2.800000e+00
   endloop
 endfacet
 facet normal  0.000000e+00  0.000000e+00  1.000000e+00
   outer loop
     vertex  8.950000e+01  7.500000e+00  2.800000e+00
     vertex  5.349253e+01  3.963744e+00  2.800000e+00
     vertex  5.349580e+01  3.929396e+00  2.800000e+00
   endloop
 endfacet
 facet normal  0.000000e+00  0.000000e+00  1.000000e+00
   outer loop
     vertex  8.950000e+01  7.500000e+00  2.800000e+00
     vertex  5.348834e+01  3.997990e+00  2.800000e+00
     vertex  5.349253e+01  3.963744e+00  2.800000e+00
   endloop
 endfacet
 facet normal  0.000000e+00  0.000000e+00  1.000000e+00
   outer loop
     vertex  8.950000e+01  7.500000e+00  2.800000e+00
     vertex  5.348322e+01  4.032110e+00  2.800000e+00
     vertex  5.348834e+01  3.997990e+00  2.800000e+00
   endloop
 endfacet
 facet normal  0.000000e+00  0.000000e+00  1.000000e+00
   outer loop
     vertex  8.950000e+01  7.500000e+00  2.800000e+00
     vertex  5.347717e+01  4.066079e+00  2.800000e+00
     vertex  5.348322e+01  4.032110e+00  2.800000e+00
   endloop
 endfacet
 facet normal  0.000000e+00  0.000000e+00  1.000000e+00
   outer loop
     vertex  8.950000e+01  7.500000e+00  2.800000e+00
     vertex  5.347021e+01  4.099872e+00  2.800000e+00
     vertex  5.347717e+01  4.066079e+00  2.800000e+00
   endloop
 endfacet
 facet normal  0.000000e+00  0.000000e+00  1.000000e+00
   outer loop
     vertex  8.950000e+01  7.500000e+00  2.800000e+00
     vertex  5.346234e+01  4.133464e+00  2.800000e+00
     vertex  5.347021e+01  4.099872e+00  2.800000e+00
   endloop
 endfacet
 facet normal  0.000000e+00  0.000000e+00  1.000000e+00
   outer loop
     vertex  8.950000e+01  7.500000e+00  2.800000e+00
     vertex  5.345356e+01  4.166831e+00  2.800000e+00
     vertex  5.346234e+01  4.133464e+00  2.800000e+00
   endloop
 endfacet
 facet normal  0.000000e+00  0.000000e+00  1.000000e+00
   outer loop
     vertex  8.950000e+01  7.500000e+00  2.800000e+00
     vertex  5.344388e+01  4.199948e+00  2.800000e+00
     vertex  5.345356e+01  4.166831e+00  2.800000e+00
   endloop
 endfacet
 facet normal  0.000000e+00  0.000000e+00  1.000000e+00
   outer loop
     vertex  8.950000e+01  7.500000e+00  2.800000e+00
     vertex  5.343331e+01  4.232790e+00  2.800000e+00
     vertex  5.344388e+01  4.199948e+00  2.800000e+00
   endloop
 endfacet
 facet normal  0.000000e+00  0.000000e+00  1.000000e+00
   outer loop
     vertex  8.950000e+01  7.500000e+00  2.800000e+00
     vertex  5.342185e+01  4.265334e+00  2.800000e+00
     vertex  5.343331e+01  4.232790e+00  2.800000e+00
   endloop
 endfacet
 facet normal  0.000000e+00  0.000000e+00  1.000000e+00
   outer loop
     vertex  8.950000e+01  7.500000e+00  2.800000e+00
     vertex  5.340952e+01  4.297556e+00  2.800000e+00
     vertex  5.342185e+01  4.265334e+00  2.800000e+00
   endloop
 endfacet
 facet normal  0.000000e+00  0.000000e+00  1.000000e+00
   outer loop
     vertex  8.950000e+01  7.500000e+00  2.800000e+00
     vertex  5.339631e+01  4.329432e+00  2.800000e+00
     vertex  5.340952e+01  4.297556e+00  2.800000e+00
   endloop
 endfacet
 facet normal  0.000000e+00  0.000000e+00  1.000000e+00
   outer loop
     vertex  8.950000e+01  7.500000e+00  2.800000e+00
     vertex  5.338225e+01  4.360939e+00  2.800000e+00
     vertex  5.339631e+01  4.329432e+00  2.800000e+00
   endloop
 endfacet
 facet normal  0.000000e+00  0.000000e+00  1.000000e+00
   outer loop
     vertex  8.950000e+01  7.500000e+00  2.800000e+00
     vertex  5.336734e+01  4.392053e+00  2.800000e+00
     vertex  5.338225e+01  4.360939e+00  2.800000e+00
   endloop
 endfacet
 facet normal  0.000000e+00  0.000000e+00  1.000000e+00
   outer loop
     vertex  8.950000e+01  7.500000e+00  2.800000e+00
     vertex  5.335159e+01  4.422752e+00  2.800000e+00
     vertex  5.336734e+01  4.392053e+00  2.800000e+00
   endloop
 endfacet
 facet normal  0.000000e+00  0.000000e+00  1.000000e+00
   outer loop
     vertex  8.950000e+01  7.500000e+00  2.800000e+00
     vertex  5.333502e+01  4.453014e+00  2.800000e+00
     vertex  5.335159e+01  4.422752e+00  2.800000e+00
   endloop
 endfacet
 facet normal  0.000000e+00  0.000000e+00  1.000000e+00
   outer loop
     vertex  8.950000e+01  7.500000e+00  2.800000e+00
     vertex  5.331764e+01  4.482816e+00  2.800000e+00
     vertex  5.333502e+01  4.453014e+00  2.800000e+00
   endloop
 endfacet
 facet normal  0.000000e+00  0.000000e+00  1.000000e+00
   outer loop
     vertex  8.950000e+01  7.500000e+00  2.800000e+00
     vertex  5.329945e+01  4.512136e+00  2.800000e+00
     vertex  5.331764e+01  4.482816e+00  2.800000e+00
   endloop
 endfacet
 facet normal  0.000000e+00  0.000000e+00  1.000000e+00
   outer loop
     vertex  8.950000e+01  7.500000e+00  2.800000e+00
     vertex  5.328048e+01  4.540952e+00  2.800000e+00
     vertex  5.329945e+01  4.512136e+00  2.800000e+00
   endloop
 endfacet
 facet normal  0.000000e+00  0.000000e+00  1.000000e+00
   outer loop
     vertex  8.950000e+01  7.500000e+00  2.800000e+00
     vertex  5.326073e+01  4.569245e+00  2.800000e+00
     vertex  5.328048e+01  4.540952e+00  2.800000e+00
   endloop
 endfacet
 facet normal  0.000000e+00  0.000000e+00  1.000000e+00
   outer loop
     vertex  8.950000e+01  7.500000e+00  2.800000e+00
     vertex  5.324022e+01  4.596992e+00  2.800000e+00
     vertex  5.326073e+01  4.569245e+00  2.800000e+00
   endloop
 endfacet
 facet normal  0.000000e+00  0.000000e+00  1.000000e+00
   outer loop
     vertex  8.950000e+01  7.500000e+00  2.800000e+00
     vertex  5.321897e+01  4.624174e+00  2.800000e+00
     vertex  5.324022e+01  4.596992e+00  2.800000e+00
   endloop
 endfacet
 facet normal  0.000000e+00  0.000000e+00  1.000000e+00
   outer loop
     vertex  8.950000e+01  7.500000e+00  2.800000e+00
     vertex  5.319699e+01  4.650770e+00  2.800000e+00
     vertex  5.321897e+01  4.624174e+00  2.800000e+00
   endloop
 endfacet
 facet normal  0.000000e+00  0.000000e+00  1.000000e+00
   outer loop
     vertex  8.950000e+01  7.500000e+00  2.800000e+00
     vertex  5.317430e+01  4.676762e+00  2.800000e+00
     vertex  5.319699e+01  4.650770e+00  2.800000e+00
   endloop
 endfacet
 facet normal  0.000000e+00  0.000000e+00  1.000000e+00
   outer loop
     vertex  8.950000e+01  7.500000e+00  2.800000e+00
     vertex  5.315092e+01  4.702129e+00  2.800000e+00
     vertex  5.317430e+01  4.676762e+00  2.800000e+00
   endloop
 endfacet
 facet normal  0.000000e+00  0.000000e+00  1.000000e+00
   outer loop
     vertex  8.950000e+01  7.500000e+00  2.800000e+00
     vertex  5.312685e+01  4.726854e+00  2.800000e+00
     vertex  5.315092e+01  4.702129e+00  2.800000e+00
   endloop
 endfacet
 facet normal  0.000000e+00  0.000000e+00  1.000000e+00
   outer loop
     vertex  8.950000e+01  7.500000e+00  2.800000e+00
     vertex  5.310213e+01  4.750918e+00  2.800000e+00
     vertex  5.312685e+01  4.726854e+00  2.800000e+00
   endloop
 endfacet
 facet normal  0.000000e+00  0.000000e+00  1.000000e+00
   outer loop
     vertex  8.950000e+01  7.500000e+00  2.800000e+00
     vertex  5.307676e+01  4.774304e+00  2.800000e+00
     vertex  5.310213e+01  4.750918e+00  2.800000e+00
   endloop
 endfacet
 facet normal  0.000000e+00  0.000000e+00  1.000000e+00
   outer loop
     vertex  8.950000e+01  7.500000e+00  2.800000e+00
     vertex  5.305077e+01  4.796994e+00  2.800000e+00
     vertex  5.307676e+01  4.774304e+00  2.800000e+00
   endloop
 endfacet
 facet normal  0.000000e+00  0.000000e+00  1.000000e+00
   outer loop
     vertex  8.950000e+01  7.500000e+00  2.800000e+00
     vertex  5.302417e+01  4.818973e+00  2.800000e+00
     vertex  5.305077e+01  4.796994e+00  2.800000e+00
   endloop
 endfacet
 facet normal  0.000000e+00  0.000000e+00  1.000000e+00
   outer loop
     vertex  8.950000e+01  7.500000e+00  2.800000e+00
     vertex  5.299699e+01  4.840223e+00  2.800000e+00
     vertex  5.302417e+01  4.818973e+00  2.800000e+00
   endloop
 endfacet
 facet normal  0.000000e+00  0.000000e+00  1.000000e+00
   outer loop
     vertex  8.950000e+01  7.500000e+00  2.800000e+00
     vertex  5.296924e+01  4.860729e+00  2.800000e+00
     vertex  5.299699e+01  4.840223e+00  2.800000e+00
   endloop
 endfacet
 facet normal  0.000000e+00  0.000000e+00  1.000000e+00
   outer loop
     vertex  8.950000e+01  7.500000e+00  2.800000e+00
     vertex  5.294095e+01  4.880476e+00  2.800000e+00
     vertex  5.296924e+01  4.860729e+00  2.800000e+00
   endloop
 endfacet
 facet normal  0.000000e+00  0.000000e+00  1.000000e+00
   outer loop
     vertex  8.950000e+01  7.500000e+00  2.800000e+00
     vertex  5.291214e+01  4.899450e+00  2.800000e+00
     vertex  5.294095e+01  4.880476e+00  2.800000e+00
   endloop
 endfacet
 facet normal  0.000000e+00  0.000000e+00  1.000000e+00
   outer loop
     vertex  8.950000e+01  7.500000e+00  2.800000e+00
     vertex  5.288282e+01  4.917636e+00  2.800000e+00
     vertex  5.291214e+01  4.899450e+00  2.800000e+00
   endloop
 endfacet
 facet normal  0.000000e+00  0.000000e+00  1.000000e+00
   outer loop
     vertex  8.950000e+01  7.500000e+00  2.800000e+00
     vertex  5.285301e+01  4.935022e+00  2.800000e+00
     vertex  5.288282e+01  4.917636e+00  2.800000e+00
   endloop
 endfacet
 facet normal  0.000000e+00  0.000000e+00  1.000000e+00
   outer loop
     vertex  8.950000e+01  7.500000e+00  2.800000e+00
     vertex  5.282275e+01  4.951594e+00  2.800000e+00
     vertex  5.285301e+01  4.935022e+00  2.800000e+00
   endloop
 endfacet
 facet normal  0.000000e+00  0.000000e+00  1.000000e+00
   outer loop
     vertex  8.950000e+01  7.500000e+00  2.800000e+00
     vertex  5.279205e+01  4.967341e+00  2.800000e+00
     vertex  5.282275e+01  4.951594e+00  2.800000e+00
   endloop
 endfacet
 facet normal  0.000000e+00  0.000000e+00  1.000000e+00
   outer loop
     vertex  8.950000e+01  7.500000e+00  2.800000e+00
     vertex  5.276094e+01  4.982251e+00  2.800000e+00
     vertex  5.279205e+01  4.967341e+00  2.800000e+00
   endloop
 endfacet
 facet normal  0.000000e+00  0.000000e+00  1.000000e+00
   outer loop
     vertex  8.950000e+01  7.500000e+00  2.800000e+00
     vertex  5.272943e+01  4.996313e+00  2.800000e+00
     vertex  5.276094e+01  4.982251e+00  2.800000e+00
   endloop
 endfacet
 facet normal  0.000000e+00  0.000000e+00  1.000000e+00
   outer loop
     vertex  8.950000e+01  7.500000e+00  2.800000e+00
     vertex  5.269756e+01  5.009516e+00  2.800000e+00
     vertex  5.272943e+01  4.996313e+00  2.800000e+00
   endloop
 endfacet
 facet normal  0.000000e+00  0.000000e+00  1.000000e+00
   outer loop
     vertex  8.950000e+01  7.500000e+00  2.800000e+00
     vertex  5.266533e+01  5.021852e+00  2.800000e+00
     vertex  5.269756e+01  5.009516e+00  2.800000e+00
   endloop
 endfacet
 facet normal  0.000000e+00  0.000000e+00  1.000000e+00
   outer loop
     vertex  9.250000e+01  4.500000e+00  2.800000e+00
     vertex  8.820000e+01 -6.840000e+01  2.800000e+00
     vertex  9.250000e+01 -8.250000e+01  2.800000e+00
   endloop
 endfacet
 facet normal  0.000000e+00  0.000000e+00  1.000000e+00
   outer loop
     vertex  9.250000e+01  4.500000e+00  2.800000e+00
     vertex  8.820000e+01 -4.200000e+00  2.800000e+00
     vertex  8.820000e+01 -6.840000e+01  2.800000e+00
   endloop
 endfacet
 facet normal  0.000000e+00  0.000000e+00  1.000000e+00
   outer loop
     vertex  9.250000e+01  4.500000e+00  2.800000e+00
     vertex  8.950000e+01  7.500000e+00  2.800000e+00
     vertex  8.820000e+01 -4.200000e+00  2.800000e+00
   endloop
 endfacet
 facet normal  0.000000e+00  0.000000e+00  1.000000e+00
   outer loop
     vertex  8.974348e+01  7.490104e+00  2.800000e+00
     vertex  8.966242e+01  7.495600e+00  2.800000e+00
     vertex  8.958124e+01  7.498900e+00  2.800000e+00
   endloop
 endfacet
 facet normal  0.000000e+00  0.000000e+00  1.000000e+00
   outer loop
     vertex  8.982436e+01  7.482414e+00  2.800000e+00
     vertex  8.974348e+01  7.490104e+00  2.800000e+00
     vertex  8.958124e+01  7.498900e+00  2.800000e+00
   endloop
 endfacet
 facet normal  0.000000e+00  0.000000e+00  1.000000e+00
   outer loop
     vertex  9.248241e+01  4.824357e+00  2.800000e+00
     vertex  9.250000e+01  4.500000e+00  2.800000e+00
     vertex  9.249890e+01  4.581238e+00  2.800000e+00
   endloop
 endfacet
 facet normal  0.000000e+00  0.000000e+00  1.000000e+00
   outer loop
     vertex  9.248241e+01  4.824357e+00  2.800000e+00
     vertex  9.249890e+01  4.581238e+00  2.800000e+00
     vertex  9.249560e+01  4.662417e+00  2.800000e+00
   endloop
 endfacet
 facet normal  0.000000e+00  0.000000e+00  1.000000e+00
   outer loop
     vertex  9.248241e+01  4.824357e+00  2.800000e+00
     vertex  9.249560e+01  4.662417e+00  2.800000e+00
     vertex  9.249010e+01  4.743476e+00  2.800000e+00
   endloop
 endfacet
 facet normal  0.000000e+00  0.000000e+00  1.000000e+00
   outer loop
     vertex  8.990500e+01  7.472537e+00  2.800000e+00
     vertex  8.982436e+01  7.482414e+00  2.800000e+00
     vertex  8.958124e+01  7.498900e+00  2.800000e+00
   endloop
 endfacet
 facet normal  0.000000e+00  0.000000e+00  1.000000e+00
   outer loop
     vertex  9.247254e+01  4.905000e+00  2.800000e+00
     vertex  9.250000e+01  4.500000e+00  2.800000e+00
     vertex  9.248241e+01  4.824357e+00  2.800000e+00
   endloop
 endfacet
 facet normal  0.000000e+00  0.000000e+00  1.000000e+00
   outer loop
     vertex  8.998535e+01  7.460480e+00  2.800000e+00
     vertex  8.990500e+01  7.472537e+00  2.800000e+00
     vertex  8.958124e+01  7.498900e+00  2.800000e+00
   endloop
 endfacet
 facet normal  0.000000e+00  0.000000e+00  1.000000e+00
   outer loop
     vertex  9.244625e+01  5.065336e+00  2.800000e+00
     vertex  9.250000e+01  4.500000e+00  2.800000e+00
     vertex  9.247254e+01  4.905000e+00  2.800000e+00
   endloop
 endfacet
 facet normal  0.000000e+00  0.000000e+00  1.000000e+00
   outer loop
     vertex  9.244625e+01  5.065336e+00  2.800000e+00
     vertex  9.247254e+01  4.905000e+00  2.800000e+00
     vertex  9.246048e+01  4.985346e+00  2.800000e+00
   endloop
 endfacet
 facet normal  0.000000e+00  0.000000e+00  1.000000e+00
   outer loop
     vertex  9.241132e+01  5.224014e+00  2.800000e+00
     vertex  9.244625e+01  5.065336e+00  2.800000e+00
     vertex  9.242986e+01  5.144911e+00  2.800000e+00
   endloop
 endfacet
 facet normal  0.000000e+00  0.000000e+00  1.000000e+00
   outer loop
     vertex  9.241132e+01  5.224014e+00  2.800000e+00
     vertex  9.250000e+01  4.500000e+00  2.800000e+00
     vertex  9.244625e+01  5.065336e+00  2.800000e+00
   endloop
 endfacet
 facet normal  0.000000e+00  0.000000e+00  1.000000e+00
   outer loop
     vertex  9.239065e+01  5.302585e+00  2.800000e+00
     vertex  9.250000e+01  4.500000e+00  2.800000e+00
     vertex  9.241132e+01  5.224014e+00  2.800000e+00
   endloop
 endfacet
 facet normal  0.000000e+00  0.000000e+00  1.000000e+00
   outer loop
     vertex  9.030259e+01  7.390650e+00  2.800000e+00
     vertex  9.022401e+01  7.411323e+00  2.800000e+00
     vertex  9.014491e+01  7.429862e+00  2.800000e+00
   endloop
 endfacet
 facet normal  0.000000e+00  0.000000e+00  1.000000e+00
   outer loop
     vertex  9.030259e+01  7.390650e+00  2.800000e+00
     vertex  9.014491e+01  7.429862e+00  2.800000e+00
     vertex  9.006534e+01  7.446251e+00  2.800000e+00
   endloop
 endfacet
 facet normal  0.000000e+00  0.000000e+00  1.000000e+00
   outer loop
     vertex  9.030259e+01  7.390650e+00  2.800000e+00
     vertex  9.006534e+01  7.446251e+00  2.800000e+00
     vertex  8.998535e+01  7.460480e+00  2.800000e+00
   endloop
 endfacet
 facet normal  0.000000e+00  0.000000e+00  1.000000e+00
   outer loop
     vertex  9.234296e+01  5.457905e+00  2.800000e+00
     vertex  8.950000e+01  7.500000e+00  2.800000e+00
     vertex  9.250000e+01  4.500000e+00  2.800000e+00
   endloop
 endfacet
 facet normal  0.000000e+00  0.000000e+00  1.000000e+00
   outer loop
     vertex  9.234296e+01  5.457905e+00  2.800000e+00
     vertex  9.239065e+01  5.302585e+00  2.800000e+00
     vertex  9.236786e+01  5.380568e+00  2.800000e+00
   endloop
 endfacet
 facet normal  0.000000e+00  0.000000e+00  1.000000e+00
   outer loop
     vertex  9.234296e+01  5.457905e+00  2.800000e+00
     vertex  9.250000e+01  4.500000e+00  2.800000e+00
     vertex  9.239065e+01  5.302585e+00  2.800000e+00
   endloop
 endfacet
 facet normal  0.000000e+00  0.000000e+00  1.000000e+00
   outer loop
     vertex  9.234296e+01  5.457905e+00  2.800000e+00
     vertex  8.958124e+01  7.498900e+00  2.800000e+00
     vertex  8.950000e+01  7.500000e+00  2.800000e+00
   endloop
 endfacet
 facet normal  0.000000e+00  0.000000e+00  1.000000e+00
   outer loop
     vertex  9.045790e+01  7.342960e+00  2.800000e+00
     vertex  9.030259e+01  7.390650e+00  2.800000e+00
     vertex  8.998535e+01  7.460480e+00  2.800000e+00
   endloop
 endfacet
 facet normal  0.000000e+00  0.000000e+00  1.000000e+00
   outer loop
     vertex  9.045790e+01  7.342960e+00  2.800000e+00
     vertex  9.038057e+01  7.367856e+00  2.800000e+00
     vertex  9.030259e+01  7.390650e+00  2.800000e+00
   endloop
 endfacet
 facet normal  0.000000e+00  0.000000e+00  1.000000e+00
   outer loop
     vertex  9.228693e+01  5.610414e+00  2.800000e+00
     vertex  8.998535e+01  7.460480e+00  2.800000e+00
     vertex  8.958124e+01  7.498900e+00  2.800000e+00
   endloop
 endfacet
 facet normal  0.000000e+00  0.000000e+00  1.000000e+00
   outer loop
     vertex  9.228693e+01  5.610414e+00  2.800000e+00
     vertex  9.234296e+01  5.457905e+00  2.800000e+00
     vertex  9.231598e+01  5.534539e+00  2.800000e+00
   endloop
 endfacet
 facet normal  0.000000e+00  0.000000e+00  1.000000e+00
   outer loop
     vertex  9.228693e+01  5.610414e+00  2.800000e+00
     vertex  8.958124e+01  7.498900e+00  2.800000e+00
     vertex  9.234296e+01  5.457905e+00  2.800000e+00
   endloop
 endfacet
 facet normal  0.000000e+00  0.000000e+00  1.000000e+00
   outer loop
     vertex  9.061041e+01  7.286930e+00  2.800000e+00
     vertex  9.053454e+01  7.315977e+00  2.800000e+00
     vertex  9.045790e+01  7.342960e+00  2.800000e+00
   endloop
 endfacet
 facet normal  0.000000e+00  0.000000e+00  1.000000e+00
   outer loop
     vertex  9.068548e+01  7.255839e+00  2.800000e+00
     vertex  9.045790e+01  7.342960e+00  2.800000e+00
     vertex  8.998535e+01  7.460480e+00  2.800000e+00
   endloop
 endfacet
 facet normal  0.000000e+00  0.000000e+00  1.000000e+00
   outer loop
     vertex  9.068548e+01  7.255839e+00  2.800000e+00
     vertex  9.061041e+01  7.286930e+00  2.800000e+00
     vertex  9.045790e+01  7.342960e+00  2.800000e+00
   endloop
 endfacet
 facet normal  0.000000e+00  0.000000e+00  1.000000e+00
   outer loop
     vertex  9.222273e+01  5.759667e+00  2.800000e+00
     vertex  9.228693e+01  5.610414e+00  2.800000e+00
     vertex  9.225584e+01  5.685476e+00  2.800000e+00
   endloop
 endfacet
 facet normal  0.000000e+00  0.000000e+00  1.000000e+00
   outer loop
     vertex  9.075967e+01  7.222726e+00  2.800000e+00
     vertex  9.068548e+01  7.255839e+00  2.800000e+00
     vertex  8.998535e+01  7.460480e+00  2.800000e+00
   endloop
 endfacet
 facet normal  0.000000e+00  0.000000e+00  1.000000e+00
   outer loop
     vertex  9.218762e+01  5.832935e+00  2.800000e+00
     vertex  9.228693e+01  5.610414e+00  2.800000e+00
     vertex  9.222273e+01  5.759667e+00  2.800000e+00
   endloop
 endfacet
 facet normal  0.000000e+00  0.000000e+00  1.000000e+00
   outer loop
     vertex  9.090523e+01  7.150536e+00  2.800000e+00
     vertex  9.083294e+01  7.187617e+00  2.800000e+00
     vertex  9.075967e+01  7.222726e+00  2.800000e+00
   endloop
 endfacet
 facet normal  0.000000e+00  0.000000e+00  1.000000e+00
   outer loop
     vertex  9.211151e+01  5.976485e+00  2.800000e+00
     vertex  9.218762e+01  5.832935e+00  2.800000e+00
     vertex  9.215054e+01  5.905225e+00  2.800000e+00
   endloop
 endfacet
 facet normal  0.000000e+00  0.000000e+00  1.000000e+00
   outer loop
     vertex  9.211151e+01  5.976485e+00  2.800000e+00
     vertex  9.228693e+01  5.610414e+00  2.800000e+00
     vertex  9.218762e+01  5.832935e+00  2.800000e+00
   endloop
 endfacet
 facet normal  0.000000e+00  0.000000e+00  1.000000e+00
   outer loop
     vertex  9.207057e+01  6.046662e+00  2.800000e+00
     vertex  8.998535e+01  7.460480e+00  2.800000e+00
     vertex  9.228693e+01  5.610414e+00  2.800000e+00
   endloop
 endfacet
 facet normal  0.000000e+00  0.000000e+00  1.000000e+00
   outer loop
     vertex  9.207057e+01  6.046662e+00  2.800000e+00
     vertex  9.228693e+01  5.610414e+00  2.800000e+00
     vertex  9.211151e+01  5.976485e+00  2.800000e+00
   endloop
 endfacet
 facet normal  0.000000e+00  0.000000e+00  1.000000e+00
   outer loop
     vertex  9.104666e+01  7.070572e+00  2.800000e+00
     vertex  9.097648e+01  7.111512e+00  2.800000e+00
     vertex  9.090523e+01  7.150536e+00  2.800000e+00
   endloop
 endfacet
 facet normal  0.000000e+00  0.000000e+00  1.000000e+00
   outer loop
     vertex  9.104666e+01  7.070572e+00  2.800000e+00
     vertex  9.090523e+01  7.150536e+00  2.800000e+00
     vertex  9.075967e+01  7.222726e+00  2.800000e+00
   endloop
 endfacet
 facet normal  0.000000e+00  0.000000e+00  1.000000e+00
   outer loop
     vertex  9.125018e+01  6.936567e+00  2.800000e+00
     vertex  9.118356e+01  6.983067e+00  2.800000e+00
     vertex  9.111570e+01  7.027746e+00  2.800000e+00
   endloop
 endfacet
 facet normal  0.000000e+00  0.000000e+00  1.000000e+00
   outer loop
     vertex  9.125018e+01  6.936567e+00  2.800000e+00
     vertex  9.111570e+01  7.027746e+00  2.800000e+00
     vertex  9.104666e+01  7.070572e+00  2.800000e+00
   endloop
 endfacet
 facet normal  0.000000e+00  0.000000e+00  1.000000e+00
   outer loop
     vertex  9.125018e+01  6.936567e+00  2.800000e+00
     vertex  9.104666e+01  7.070572e+00  2.800000e+00
     vertex  9.075967e+01  7.222726e+00  2.800000e+00
   endloop
 endfacet
 facet normal  0.000000e+00  0.000000e+00  1.000000e+00
   outer loop
     vertex  9.188828e+01  6.315523e+00  2.800000e+00
     vertex  9.207057e+01  6.046662e+00  2.800000e+00
     vertex  9.202775e+01  6.115704e+00  2.800000e+00
   endloop
 endfacet
 facet normal  0.000000e+00  0.000000e+00  1.000000e+00
   outer loop
     vertex  9.188828e+01  6.315523e+00  2.800000e+00
     vertex  9.202775e+01  6.115704e+00  2.800000e+00
     vertex  9.198307e+01  6.183561e+00  2.800000e+00
   endloop
 endfacet
 facet normal  0.000000e+00  0.000000e+00  1.000000e+00
   outer loop
     vertex  9.188828e+01  6.315523e+00  2.800000e+00
     vertex  9.198307e+01  6.183561e+00  2.800000e+00
     vertex  9.193657e+01  6.250184e+00  2.800000e+00
   endloop
 endfacet
 facet normal  0.000000e+00  0.000000e+00  1.000000e+00
   outer loop
     vertex  9.131552e+01  6.888279e+00  2.800000e+00
     vertex  9.075967e+01  7.222726e+00  2.800000e+00
     vertex  8.998535e+01  7.460480e+00  2.800000e+00
   endloop
 endfacet
 facet normal  0.000000e+00  0.000000e+00  1.000000e+00
   outer loop
     vertex  9.131552e+01  6.888279e+00  2.800000e+00
     vertex  9.125018e+01  6.936567e+00  2.800000e+00
     vertex  9.075967e+01  7.222726e+00  2.800000e+00
   endloop
 endfacet
 facet normal  0.000000e+00  0.000000e+00  1.000000e+00
   outer loop
     vertex  9.137953e+01  6.838240e+00  2.800000e+00
     vertex  9.131552e+01  6.888279e+00  2.800000e+00
     vertex  8.998535e+01  7.460480e+00  2.800000e+00
   endloop
 endfacet
 facet normal  0.000000e+00  0.000000e+00  1.000000e+00
   outer loop
     vertex  9.178649e+01  6.442159e+00  2.800000e+00
     vertex  9.188828e+01  6.315523e+00  2.800000e+00
     vertex  9.183824e+01  6.379530e+00  2.800000e+00
   endloop
 endfacet
 facet normal  0.000000e+00  0.000000e+00  1.000000e+00
   outer loop
     vertex  9.178649e+01  6.442159e+00  2.800000e+00
     vertex  9.207057e+01  6.046662e+00  2.800000e+00
     vertex  9.188828e+01  6.315523e+00  2.800000e+00
   endloop
 endfacet
 facet normal  0.000000e+00  0.000000e+00  1.000000e+00
   outer loop
     vertex  9.173306e+01  6.503363e+00  2.800000e+00
     vertex  9.207057e+01  6.046662e+00  2.800000e+00
     vertex  9.178649e+01  6.442159e+00  2.800000e+00
   endloop
 endfacet
 facet normal  0.000000e+00  0.000000e+00  1.000000e+00
   outer loop
     vertex  9.150336e+01  6.733055e+00  2.800000e+00
     vertex  9.137953e+01  6.838240e+00  2.800000e+00
     vertex  8.998535e+01  7.460480e+00  2.800000e+00
   endloop
 endfacet
 facet normal  0.000000e+00  0.000000e+00  1.000000e+00
   outer loop
     vertex  9.150336e+01  6.733055e+00  2.800000e+00
     vertex  9.144216e+01  6.786486e+00  2.800000e+00
     vertex  9.137953e+01  6.838240e+00  2.800000e+00
   endloop
 endfacet
 facet normal  0.000000e+00  0.000000e+00  1.000000e+00
   outer loop
     vertex  9.156310e+01  6.677986e+00  2.800000e+00
     vertex  9.150336e+01  6.733055e+00  2.800000e+00
     vertex  8.998535e+01  7.460480e+00  2.800000e+00
   endloop
 endfacet
 facet normal  0.000000e+00  0.000000e+00  1.000000e+00
   outer loop
     vertex  9.162132e+01  6.621320e+00  2.800000e+00
     vertex  9.156310e+01  6.677986e+00  2.800000e+00
     vertex  8.998535e+01  7.460480e+00  2.800000e+00
   endloop
 endfacet
 facet normal  0.000000e+00  0.000000e+00  1.000000e+00
   outer loop
     vertex  9.162132e+01  6.621320e+00  2.800000e+00
     vertex  9.207057e+01  6.046662e+00  2.800000e+00
     vertex  9.173306e+01  6.503363e+00  2.800000e+00
   endloop
 endfacet
 facet normal  0.000000e+00  0.000000e+00  1.000000e+00
   outer loop
     vertex  9.162132e+01  6.621320e+00  2.800000e+00
     vertex  9.173306e+01  6.503363e+00  2.800000e+00
     vertex  9.167799e+01  6.563098e+00  2.800000e+00
   endloop
 endfacet
 facet normal  0.000000e+00  0.000000e+00  1.000000e+00
   outer loop
     vertex  9.162132e+01  6.621320e+00  2.800000e+00
     vertex  8.998535e+01  7.460480e+00  2.800000e+00
     vertex  9.207057e+01  6.046662e+00  2.800000e+00
   endloop
 endfacet
 facet normal  0.000000e+00  0.000000e+00  1.000000e+00
   outer loop
     vertex  8.950000e+01  7.500000e+00  2.800000e+00
     vertex  1.500000e+00  7.500000e+00  2.800000e+00
     vertex  3.877400e+01  5.100000e+00  2.800000e+00
   endloop
 endfacet
 facet normal  0.000000e+00  0.000000e+00  1.000000e+00
   outer loop
     vertex  3.877400e+01  5.100000e+00  2.800000e+00
     vertex  1.500000e+00  7.500000e+00  2.800000e+00
     vertex  3.873950e+01  5.099533e+00  2.800000e+00
   endloop
 endfacet
 facet normal  0.000000e+00  0.000000e+00  1.000000e+00
   outer loop
     vertex  3.873950e+01  5.099533e+00  2.800000e+00
     vertex  1.500000e+00  7.500000e+00  2.800000e+00
     vertex  3.870503e+01  5.098132e+00  2.800000e+00
   endloop
 endfacet
 facet normal  0.000000e+00  0.000000e+00  1.000000e+00
   outer loop
     vertex  3.870503e+01  5.098132e+00  2.800000e+00
     vertex  1.500000e+00  7.500000e+00  2.800000e+00
     vertex  3.867060e+01  5.095797e+00  2.800000e+00
   endloop
 endfacet
 facet normal  0.000000e+00  0.000000e+00  1.000000e+00
   outer loop
     vertex  3.867060e+01  5.095797e+00  2.800000e+00
     vertex  1.500000e+00  7.500000e+00  2.800000e+00
     vertex  3.863626e+01  5.092532e+00  2.800000e+00
   endloop
 endfacet
 facet normal  0.000000e+00  0.000000e+00  1.000000e+00
   outer loop
     vertex  3.863626e+01  5.092532e+00  2.800000e+00
     vertex  1.500000e+00  7.500000e+00  2.800000e+00
     vertex  3.860201e+01  5.088337e+00  2.800000e+00
   endloop
 endfacet
 facet normal  0.000000e+00  0.000000e+00  1.000000e+00
   outer loop
     vertex  3.860201e+01  5.088337e+00  2.800000e+00
     vertex  1.500000e+00  7.500000e+00  2.800000e+00
     vertex  3.856789e+01  5.083217e+00  2.800000e+00
   endloop
 endfacet
 facet normal  0.000000e+00  0.000000e+00  1.000000e+00
   outer loop
     vertex  3.856789e+01  5.083217e+00  2.800000e+00
     vertex  1.500000e+00  7.500000e+00  2.800000e+00
     vertex  3.853392e+01  5.077175e+00  2.800000e+00
   endloop
 endfacet
 facet normal  0.000000e+00  0.000000e+00  1.000000e+00
   outer loop
     vertex  3.853392e+01  5.077175e+00  2.800000e+00
     vertex  1.500000e+00  7.500000e+00  2.800000e+00
     vertex  3.850013e+01  5.070215e+00  2.800000e+00
   endloop
 endfacet
 facet normal  0.000000e+00  0.000000e+00  1.000000e+00
   outer loop
     vertex  3.850013e+01  5.070215e+00  2.800000e+00
     vertex  1.500000e+00  7.500000e+00  2.800000e+00
     vertex  3.846654e+01  5.062342e+00  2.800000e+00
   endloop
 endfacet
 facet normal  0.000000e+00  0.000000e+00  1.000000e+00
   outer loop
     vertex  3.846654e+01  5.062342e+00  2.800000e+00
     vertex  1.500000e+00  7.500000e+00  2.800000e+00
     vertex  3.843317e+01  5.053563e+00  2.800000e+00
   endloop
 endfacet
 facet normal  0.000000e+00  0.000000e+00  1.000000e+00
   outer loop
     vertex  3.843317e+01  5.053563e+00  2.800000e+00
     vertex  1.500000e+00  7.500000e+00  2.800000e+00
     vertex  3.840005e+01  5.043883e+00  2.800000e+00
   endloop
 endfacet
 facet normal  0.000000e+00  0.000000e+00  1.000000e+00
   outer loop
     vertex  8.950000e+01  7.500000e+00  2.800000e+00
     vertex  3.877400e+01  5.100000e+00  2.800000e+00
     vertex  5.222600e+01  5.100000e+00  2.800000e+00
   endloop
 endfacet
 facet normal  0.000000e+00  0.000000e+00  1.000000e+00
   outer loop
     vertex  8.950000e+01  7.500000e+00  2.800000e+00
     vertex  5.222600e+01  5.100000e+00  2.800000e+00
     vertex  5.226050e+01  5.099533e+00  2.800000e+00
   endloop
 endfacet
 facet normal  0.000000e+00  0.000000e+00  1.000000e+00
   outer loop
     vertex  8.950000e+01  7.500000e+00  2.800000e+00
     vertex  5.226050e+01  5.099533e+00  2.800000e+00
     vertex  5.229497e+01  5.098132e+00  2.800000e+00
   endloop
 endfacet
 facet normal  0.000000e+00  0.000000e+00  1.000000e+00
   outer loop
     vertex  8.950000e+01  7.500000e+00  2.800000e+00
     vertex  5.229497e+01  5.098132e+00  2.800000e+00
     vertex  5.232940e+01  5.095797e+00  2.800000e+00
   endloop
 endfacet
 facet normal  0.000000e+00  0.000000e+00  1.000000e+00
   outer loop
     vertex  8.950000e+01  7.500000e+00  2.800000e+00
     vertex  5.232940e+01  5.095797e+00  2.800000e+00
     vertex  5.236374e+01  5.092532e+00  2.800000e+00
   endloop
 endfacet
 facet normal  0.000000e+00  0.000000e+00  1.000000e+00
   outer loop
     vertex  8.950000e+01  7.500000e+00  2.800000e+00
     vertex  5.236374e+01  5.092532e+00  2.800000e+00
     vertex  5.239799e+01  5.088337e+00  2.800000e+00
   endloop
 endfacet
 facet normal  0.000000e+00  0.000000e+00  1.000000e+00
   outer loop
     vertex  8.950000e+01  7.500000e+00  2.800000e+00
     vertex  5.239799e+01  5.088337e+00  2.800000e+00
     vertex  5.243211e+01  5.083217e+00  2.800000e+00
   endloop
 endfacet
 facet normal  0.000000e+00  0.000000e+00  1.000000e+00
   outer loop
     vertex  8.950000e+01  7.500000e+00  2.800000e+00
     vertex  5.243211e+01  5.083217e+00  2.800000e+00
     vertex  5.246608e+01  5.077175e+00  2.800000e+00
   endloop
 endfacet
 facet normal  0.000000e+00  0.000000e+00  1.000000e+00
   outer loop
     vertex  8.950000e+01  7.500000e+00  2.800000e+00
     vertex  5.246608e+01  5.077175e+00  2.800000e+00
     vertex  5.249987e+01  5.070215e+00  2.800000e+00
   endloop
 endfacet
 facet normal  0.000000e+00  0.000000e+00  1.000000e+00
   outer loop
     vertex  8.950000e+01  7.500000e+00  2.800000e+00
     vertex  5.249987e+01  5.070215e+00  2.800000e+00
     vertex  5.253346e+01  5.062342e+00  2.800000e+00
   endloop
 endfacet
 facet normal  0.000000e+00  0.000000e+00  1.000000e+00
   outer loop
     vertex  8.950000e+01  7.500000e+00  2.800000e+00
     vertex  5.253346e+01  5.062342e+00  2.800000e+00
     vertex  5.256683e+01  5.053563e+00  2.800000e+00
   endloop
 endfacet
 facet normal  0.000000e+00  0.000000e+00  1.000000e+00
   outer loop
     vertex  8.950000e+01  7.500000e+00  2.800000e+00
     vertex  5.256683e+01  5.053563e+00  2.800000e+00
     vertex  5.259995e+01  5.043883e+00  2.800000e+00
   endloop
 endfacet
 facet normal  0.000000e+00  0.000000e+00  1.000000e+00
   outer loop
     vertex  2.800000e+00 -4.200000e+00  2.800000e+00
     vertex  8.820000e+01 -4.200000e+00  2.800000e+00
     vertex  5.222600e+01  2.500000e+00  2.800000e+00
   endloop
 endfacet
 facet normal -0.000000e+00  0.000000e+00  1.000000e+00
   outer loop
     vertex  5.222600e+01  2.500000e+00  2.800000e+00
     vertex  8.820000e+01 -4.200000e+00  2.800000e+00
     vertex  5.226050e+01  2.500467e+00  2.800000e+00
   endloop
 endfacet
 facet normal -0.000000e+00  0.000000e+00  1.000000e+00
   outer loop
     vertex  5.226050e+01  2.500467e+00  2.800000e+00
     vertex  8.820000e+01 -4.200000e+00  2.800000e+00
     vertex  5.229497e+01  2.501868e+00  2.800000e+00
   endloop
 endfacet
 facet normal -0.000000e+00  0.000000e+00  1.000000e+00
   outer loop
     vertex  5.229497e+01  2.501868e+00  2.800000e+00
     vertex  8.820000e+01 -4.200000e+00  2.800000e+00
     vertex  5.232940e+01  2.504203e+00  2.800000e+00
   endloop
 endfacet
 facet normal -0.000000e+00  0.000000e+00  1.000000e+00
   outer loop
     vertex  5.232940e+01  2.504203e+00  2.800000e+00
     vertex  8.820000e+01 -4.200000e+00  2.800000e+00
     vertex  5.236374e+01  2.507468e+00  2.800000e+00
   endloop
 endfacet
 facet normal -0.000000e+00  0.000000e+00  1.000000e+00
   outer loop
     vertex  5.236374e+01  2.507468e+00  2.800000e+00
     vertex  8.820000e+01 -4.200000e+00  2.800000e+00
     vertex  5.239799e+01  2.511663e+00  2.800000e+00
   endloop
 endfacet
 facet normal -0.000000e+00  0.000000e+00  1.000000e+00
   outer loop
     vertex  5.239799e+01  2.511663e+00  2.800000e+00
     vertex  8.820000e+01 -4.200000e+00  2.800000e+00
     vertex  5.243211e+01  2.516783e+00  2.800000e+00
   endloop
 endfacet
 facet normal -0.000000e+00  0.000000e+00  1.000000e+00
   outer loop
     vertex  5.243211e+01  2.516783e+00  2.800000e+00
     vertex  8.820000e+01 -4.200000e+00  2.800000e+00
     vertex  5.246608e+01  2.522825e+00  2.800000e+00
   endloop
 endfacet
 facet normal -0.000000e+00  0.000000e+00  1.000000e+00
   outer loop
     vertex  5.246608e+01  2.522825e+00  2.800000e+00
     vertex  8.820000e+01 -4.200000e+00  2.800000e+00
     vertex  5.249987e+01  2.529785e+00  2.800000e+00
   endloop
 endfacet
 facet normal -0.000000e+00  0.000000e+00  1.000000e+00
   outer loop
     vertex  5.249987e+01  2.529785e+00  2.800000e+00
     vertex  8.820000e+01 -4.200000e+00  2.800000e+00
     vertex  5.253346e+01  2.537658e+00  2.800000e+00
   endloop
 endfacet
 facet normal -0.000000e+00  0.000000e+00  1.000000e+00
   outer loop
     vertex  5.253346e+01  2.537658e+00  2.800000e+00
     vertex  8.820000e+01 -4.200000e+00  2.800000e+00
     vertex  5.256683e+01  2.546437e+00  2.800000e+00
   endloop
 endfacet
 facet normal  0.000000e+00  0.000000e+00  1.000000e+00
   outer loop
     vertex  2.800000e+00 -4.200000e+00  2.800000e+00
     vertex  5.222600e+01  2.500000e+00  2.800000e+00
     vertex  3.877400e+01  2.500000e+00  2.800000e+00
   endloop
 endfacet
 facet normal  0.000000e+00  0.000000e+00  1.000000e+00
   outer loop
     vertex  2.800000e+00 -4.200000e+00  2.800000e+00
     vertex  3.877400e+01  2.500000e+00  2.800000e+00
     vertex  3.873950e+01  2.500467e+00  2.800000e+00
   endloop
 endfacet
 facet normal  0.000000e+00  0.000000e+00  1.000000e+00
   outer loop
     vertex  2.800000e+00 -4.200000e+00  2.800000e+00
     vertex  3.873950e+01  2.500467e+00  2.800000e+00
     vertex  3.870503e+01  2.501868e+00  2.800000e+00
   endloop
 endfacet
 facet normal  0.000000e+00  0.000000e+00  1.000000e+00
   outer loop
     vertex  2.800000e+00 -4.200000e+00  2.800000e+00
     vertex  3.870503e+01  2.501868e+00  2.800000e+00
     vertex  3.867060e+01  2.504203e+00  2.800000e+00
   endloop
 endfacet
 facet normal  0.000000e+00  0.000000e+00  1.000000e+00
   outer loop
     vertex  2.800000e+00 -4.200000e+00  2.800000e+00
     vertex  3.867060e+01  2.504203e+00  2.800000e+00
     vertex  3.863626e+01  2.507468e+00  2.800000e+00
   endloop
 endfacet
 facet normal  0.000000e+00  0.000000e+00  1.000000e+00
   outer loop
     vertex  2.800000e+00 -4.200000e+00  2.800000e+00
     vertex  3.863626e+01  2.507468e+00  2.800000e+00
     vertex  3.860201e+01  2.511663e+00  2.800000e+00
   endloop
 endfacet
 facet normal  0.000000e+00  0.000000e+00  1.000000e+00
   outer loop
     vertex  2.800000e+00 -4.200000e+00  2.800000e+00
     vertex  3.860201e+01  2.511663e+00  2.800000e+00
     vertex  3.856789e+01  2.516783e+00  2.800000e+00
   endloop
 endfacet
 facet normal  0.000000e+00  0.000000e+00  1.000000e+00
   outer loop
     vertex  2.800000e+00 -4.200000e+00  2.800000e+00
     vertex  3.856789e+01  2.516783e+00  2.800000e+00
     vertex  3.853392e+01  2.522825e+00  2.800000e+00
   endloop
 endfacet
 facet normal  0.000000e+00  0.000000e+00  1.000000e+00
   outer loop
     vertex  2.800000e+00 -4.200000e+00  2.800000e+00
     vertex  3.853392e+01  2.522825e+00  2.800000e+00
     vertex  3.850013e+01  2.529785e+00  2.800000e+00
   endloop
 endfacet
 facet normal  0.000000e+00  0.000000e+00  1.000000e+00
   outer loop
     vertex  2.800000e+00 -4.200000e+00  2.800000e+00
     vertex  3.850013e+01  2.529785e+00  2.800000e+00
     vertex  3.846654e+01  2.537658e+00  2.800000e+00
   endloop
 endfacet
 facet normal  0.000000e+00  0.000000e+00  1.000000e+00
   outer loop
     vertex  2.800000e+00 -4.200000e+00  2.800000e+00
     vertex  3.846654e+01  2.537658e+00  2.800000e+00
     vertex  3.843317e+01  2.546437e+00  2.800000e+00
   endloop
 endfacet
 facet normal -9.999083e-01 -1.354093e-02 -0.000000e+00
   outer loop
     vertex -1.498900e+00 -8.258124e+01  2.800000e+00
     vertex -1.500000e+00 -8.250000e+01 -3.500000e+00
     vertex -1.498900e+00 -8.258124e+01 -3.500000e+00
   endloop
 endfacet
 facet normal -9.999083e-01 -1.354093e-02  0.000000e+00
   outer loop
     vertex -1.498900e+00 -8.258124e+01  2.800000e+00
     vertex -1.500000e+00 -8.250000e+01  2.800000e+00
     vertex -1.500000e+00 -8.250000e+01 -3.500000e+00
   endloop
 endfacet
 facet normal -9.991750e-01 -4.061287e-02 -0.000000e+00
   outer loop
     vertex -1.495600e+00 -8.266242e+01  2.800000e+00
     vertex -1.498900e+00 -8.258124e+01 -3.500000e+00
     vertex -1.495600e+00 -8.266242e+01 -3.500000e+00
   endloop
 endfacet
 facet normal -9.991750e-01 -4.061287e-02  0.000000e+00
   outer loop
     vertex -1.495600e+00 -8.266242e+01  2.800000e+00
     vertex -1.498900e+00 -8.258124e+01  2.800000e+00
     vertex -1.498900e+00 -8.258124e+01 -3.500000e+00
   endloop
 endfacet
 facet normal -9.977088e-01 -6.765502e-02 -0.000000e+00
   outer loop
     vertex -1.490104e+00 -8.274348e+01  2.800000e+00
     vertex -1.495600e+00 -8.266242e+01 -3.500000e+00
     vertex -1.490104e+00 -8.274348e+01 -3.500000e+00
   endloop
 endfacet
 facet normal -9.955108e-01 -9.464755e-02 -0.000000e+00
   outer loop
     vertex -1.490104e+00 -8.274348e+01  2.800000e+00
     vertex -1.490104e+00 -8.274348e+01 -3.500000e+00
     vertex -1.482414e+00 -8.282436e+01 -3.500000e+00
   endloop
 endfacet
 facet normal -9.977088e-01 -6.765502e-02  0.000000e+00
   outer loop
     vertex -1.490104e+00 -8.274348e+01  2.800000e+00
     vertex -1.495600e+00 -8.266242e+01  2.800000e+00
     vertex -1.495600e+00 -8.266242e+01 -3.500000e+00
   endloop
 endfacet
 facet normal -9.955108e-01 -9.464755e-02 -0.000000e+00
   outer loop
     vertex -1.482414e+00 -8.282436e+01  2.800000e+00
     vertex -1.490104e+00 -8.274348e+01  2.800000e+00
     vertex -1.482414e+00 -8.282436e+01 -3.500000e+00
   endloop
 endfacet
 facet normal -9.925828e-01 -1.215707e-01 -0.000000e+00
   outer loop
     vertex -1.472537e+00 -8.290500e+01  2.800000e+00
     vertex -1.482414e+00 -8.282436e+01 -3.500000e+00
     vertex -1.472537e+00 -8.290500e+01 -3.500000e+00
   endloop
 endfacet
 facet normal -9.925828e-01 -1.215707e-01  0.000000e+00
   outer loop
     vertex -1.472537e+00 -8.290500e+01  2.800000e+00
     vertex -1.482414e+00 -8.282436e+01  2.800000e+00
     vertex -1.482414e+00 -8.282436e+01 -3.500000e+00
   endloop
 endfacet
 facet normal -9.889267e-01 -1.484046e-01 -0.000000e+00
   outer loop
     vertex -1.460480e+00 -8.298535e+01  2.800000e+00
     vertex -1.472537e+00 -8.290500e+01 -3.500000e+00
     vertex -1.460480e+00 -8.298535e+01 -3.500000e+00
   endloop
 endfacet
 facet normal -9.889267e-01 -1.484046e-01  0.000000e+00
   outer loop
     vertex -1.460480e+00 -8.298535e+01  2.800000e+00
     vertex -1.472537e+00 -8.290500e+01  2.800000e+00
     vertex -1.472537e+00 -8.290500e+01 -3.500000e+00
   endloop
 endfacet
 facet normal -9.845454e-01 -1.751297e-01 -0.000000e+00
   outer loop
     vertex -1.446251e+00 -8.306534e+01  2.800000e+00
     vertex -1.460480e+00 -8.298535e+01 -3.500000e+00
     vertex -1.446251e+00 -8.306534e+01 -3.500000e+00
   endloop
 endfacet
 facet normal -9.845454e-01 -1.751297e-01  0.000000e+00
   outer loop
     vertex -1.446251e+00 -8.306534e+01  2.800000e+00
     vertex -1.460480e+00 -8.298535e+01  2.800000e+00
     vertex -1.460480e+00 -8.298535e+01 -3.500000e+00
   endloop
 endfacet
 facet normal -9.794419e-01 -2.017264e-01 -0.000000e+00
   outer loop
     vertex -1.429862e+00 -8.314491e+01  2.800000e+00
     vertex -1.446251e+00 -8.306534e+01 -3.500000e+00
     vertex -1.429862e+00 -8.314491e+01 -3.500000e+00
   endloop
 endfacet
 facet normal -9.794419e-01 -2.017264e-01  0.000000e+00
   outer loop
     vertex -1.429862e+00 -8.314491e+01  2.800000e+00
     vertex -1.446251e+00 -8.306534e+01  2.800000e+00
     vertex -1.446251e+00 -8.306534e+01 -3.500000e+00
   endloop
 endfacet
 facet normal -9.736201e-01 -2.281751e-01 -0.000000e+00
   outer loop
     vertex -1.411323e+00 -8.322401e+01  2.800000e+00
     vertex -1.429862e+00 -8.314491e+01 -3.500000e+00
     vertex -1.411323e+00 -8.322401e+01 -3.500000e+00
   endloop
 endfacet
 facet normal -9.736201e-01 -2.281751e-01  0.000000e+00
   outer loop
     vertex -1.411323e+00 -8.322401e+01  2.800000e+00
     vertex -1.429862e+00 -8.314491e+01  2.800000e+00
     vertex -1.429862e+00 -8.314491e+01 -3.500000e+00
   endloop
 endfacet
 facet normal -9.670842e-01 -2.544564e-01 -0.000000e+00
   outer loop
     vertex -1.390650e+00 -8.330259e+01  2.800000e+00
     vertex -1.411323e+00 -8.322401e+01 -3.500000e+00
     vertex -1.390650e+00 -8.330259e+01 -3.500000e+00
   endloop
 endfacet
 facet normal -9.598391e-01 -2.805512e-01 -0.000000e+00
   outer loop
     vertex -1.390650e+00 -8.330259e+01  2.800000e+00
     vertex -1.390650e+00 -8.330259e+01 -3.500000e+00
     vertex -1.367856e+00 -8.338057e+01 -3.500000e+00
   endloop
 endfacet
 facet normal -9.670842e-01 -2.544564e-01  0.000000e+00
   outer loop
     vertex -1.390650e+00 -8.330259e+01  2.800000e+00
     vertex -1.411323e+00 -8.322401e+01  2.800000e+00
     vertex -1.411323e+00 -8.322401e+01 -3.500000e+00
   endloop
 endfacet
 facet normal -9.598391e-01 -2.805512e-01 -0.000000e+00
   outer loop
     vertex -1.367856e+00 -8.338057e+01  2.800000e+00
     vertex -1.390650e+00 -8.330259e+01  2.800000e+00
     vertex -1.367856e+00 -8.338057e+01 -3.500000e+00
   endloop
 endfacet
 facet normal -9.518899e-01 -3.064401e-01 -0.000000e+00
   outer loop
     vertex -1.342960e+00 -8.345790e+01  2.800000e+00
     vertex -1.367856e+00 -8.338057e+01 -3.500000e+00
     vertex -1.342960e+00 -8.345790e+01 -3.500000e+00
   endloop
 endfacet
 facet normal -9.518899e-01 -3.064401e-01  0.000000e+00
   outer loop
     vertex -1.342960e+00 -8.345790e+01  2.800000e+00
     vertex -1.367856e+00 -8.338057e+01  2.800000e+00
     vertex -1.367856e+00 -8.338057e+01 -3.500000e+00
   endloop
 endfacet
 facet normal -9.432426e-01 -3.321044e-01 -0.000000e+00
   outer loop
     vertex -1.315977e+00 -8.353454e+01  2.800000e+00
     vertex -1.342960e+00 -8.345790e+01 -3.500000e+00
     vertex -1.315977e+00 -8.353454e+01 -3.500000e+00
   endloop
 endfacet
 facet normal -9.432426e-01 -3.321044e-01  0.000000e+00
   outer loop
     vertex -1.315977e+00 -8.353454e+01  2.800000e+00
     vertex -1.342960e+00 -8.345790e+01  2.800000e+00
     vertex -1.342960e+00 -8.345790e+01 -3.500000e+00
   endloop
 endfacet
 facet normal -9.339036e-01 -3.575250e-01 -0.000000e+00
   outer loop
     vertex -1.286930e+00 -8.361041e+01  2.800000e+00
     vertex -1.315977e+00 -8.353454e+01 -3.500000e+00
     vertex -1.286930e+00 -8.361041e+01 -3.500000e+00
   endloop
 endfacet
 facet normal -9.339036e-01 -3.575250e-01  0.000000e+00
   outer loop
     vertex -1.286930e+00 -8.361041e+01  2.800000e+00
     vertex -1.315977e+00 -8.353454e+01  2.800000e+00
     vertex -1.315977e+00 -8.353454e+01 -3.500000e+00
   endloop
 endfacet
 facet normal -9.238795e-01 -3.826834e-01  0.000000e+00
   outer loop
     vertex -1.255839e+00 -8.368548e+01  2.800000e+00
     vertex -1.286930e+00 -8.361041e+01  2.800000e+00
     vertex -1.286930e+00 -8.361041e+01 -3.500000e+00
   endloop
 endfacet
 facet normal -9.238795e-01 -3.826834e-01 -0.000000e+00
   outer loop
     vertex -1.255839e+00 -8.368548e+01  2.800000e+00
     vertex -1.286930e+00 -8.361041e+01 -3.500000e+00
     vertex -1.255839e+00 -8.368548e+01 -3.500000e+00
   endloop
 endfacet
 facet normal -9.131779e-01 -4.075612e-01  0.000000e+00
   outer loop
     vertex -1.222726e+00 -8.375967e+01  2.800000e+00
     vertex -1.255839e+00 -8.368548e+01  2.800000e+00
     vertex -1.255839e+00 -8.368548e+01 -3.500000e+00
   endloop
 endfacet
 facet normal -9.131779e-01 -4.075612e-01 -0.000000e+00
   outer loop
     vertex -1.222726e+00 -8.375967e+01  2.800000e+00
     vertex -1.255839e+00 -8.368548e+01 -3.500000e+00
     vertex -1.222726e+00 -8.375967e+01 -3.500000e+00
   endloop
 endfacet
 facet normal -9.018065e-01 -4.321400e-01  0.000000e+00
   outer loop
     vertex -1.187617e+00 -8.383294e+01  2.800000e+00
     vertex -1.222726e+00 -8.375967e+01  2.800000e+00
     vertex -1.222726e+00 -8.375967e+01 -3.500000e+00
   endloop
 endfacet
 facet normal -9.018065e-01 -4.321400e-01 -0.000000e+00
   outer loop
     vertex -1.187617e+00 -8.383294e+01  2.800000e+00
     vertex -1.222726e+00 -8.375967e+01 -3.500000e+00
     vertex -1.187617e+00 -8.383294e+01 -3.500000e+00
   endloop
 endfacet
 facet normal -8.897737e-01 -4.564019e-01 -0.000000e+00
   outer loop
     vertex -1.150536e+00 -8.390523e+01  2.800000e+00
     vertex -1.187617e+00 -8.383294e+01 -3.500000e+00
     vertex -1.150536e+00 -8.390523e+01 -3.500000e+00
   endloop
 endfacet
 facet normal -8.897737e-01 -4.564019e-01  0.000000e+00
   outer loop
     vertex -1.150536e+00 -8.390523e+01  2.800000e+00
     vertex -1.187617e+00 -8.383294e+01  2.800000e+00
     vertex -1.187617e+00 -8.383294e+01 -3.500000e+00
   endloop
 endfacet
 facet normal -8.770884e-01 -4.803291e-01 -0.000000e+00
   outer loop
     vertex -1.111512e+00 -8.397648e+01  2.800000e+00
     vertex -1.150536e+00 -8.390523e+01 -3.500000e+00
     vertex -1.111512e+00 -8.397648e+01 -3.500000e+00
   endloop
 endfacet
 facet normal -8.770884e-01 -4.803291e-01  0.000000e+00
   outer loop
     vertex -1.111512e+00 -8.397648e+01  2.800000e+00
     vertex -1.150536e+00 -8.390523e+01  2.800000e+00
     vertex -1.150536e+00 -8.390523e+01 -3.500000e+00
   endloop
 endfacet
 facet normal -8.637597e-01 -5.039039e-01 -0.000000e+00
   outer loop
     vertex -1.111512e+00 -8.397648e+01  2.800000e+00
     vertex -1.111512e+00 -8.397648e+01 -3.500000e+00
     vertex -1.070572e+00 -8.404666e+01 -3.500000e+00
   endloop
 endfacet
 facet normal -8.497975e-01 -5.271092e-01 -0.000000e+00
   outer loop
     vertex -1.070572e+00 -8.404666e+01  2.800000e+00
     vertex -1.070572e+00 -8.404666e+01 -3.500000e+00
     vertex -1.027746e+00 -8.411570e+01 -3.500000e+00
   endloop
 endfacet
 facet normal -8.637597e-01 -5.039039e-01 -0.000000e+00
   outer loop
     vertex -1.070572e+00 -8.404666e+01  2.800000e+00
     vertex -1.111512e+00 -8.397648e+01  2.800000e+00
     vertex -1.070572e+00 -8.404666e+01 -3.500000e+00
   endloop
 endfacet
 facet normal -8.497975e-01 -5.271092e-01 -0.000000e+00
   outer loop
     vertex -1.027746e+00 -8.411570e+01  2.800000e+00
     vertex -1.070572e+00 -8.404666e+01  2.800000e+00
     vertex -1.027746e+00 -8.411570e+01 -3.500000e+00
   endloop
 endfacet
 facet normal -8.352121e-01 -5.499279e-01 -0.000000e+00
   outer loop
     vertex -9.830670e-01 -8.418356e+01  2.800000e+00
     vertex -1.027746e+00 -8.411570e+01 -3.500000e+00
     vertex -9.830670e-01 -8.418356e+01 -3.500000e+00
   endloop
 endfacet
 facet normal -8.352121e-01 -5.499279e-01  0.000000e+00
   outer loop
     vertex -9.830670e-01 -8.418356e+01  2.800000e+00
     vertex -1.027746e+00 -8.411570e+01  2.800000e+00
     vertex -1.027746e+00 -8.411570e+01 -3.500000e+00
   endloop
 endfacet
 facet normal -8.200141e-01 -5.723433e-01 -0.000000e+00
   outer loop
     vertex -9.365666e-01 -8.425018e+01  2.800000e+00
     vertex -9.830670e-01 -8.418356e+01 -3.500000e+00
     vertex -9.365666e-01 -8.425018e+01 -3.500000e+00
   endloop
 endfacet
 facet normal -8.200141e-01 -5.723433e-01  0.000000e+00
   outer loop
     vertex -9.365666e-01 -8.425018e+01  2.800000e+00
     vertex -9.830670e-01 -8.418356e+01  2.800000e+00
     vertex -9.830670e-01 -8.418356e+01 -3.500000e+00
   endloop
 endfacet
 facet normal -8.042147e-01 -5.943389e-01 -0.000000e+00
   outer loop
     vertex -8.882792e-01 -8.431552e+01  2.800000e+00
     vertex -9.365666e-01 -8.425018e+01 -3.500000e+00
     vertex -8.882792e-01 -8.431552e+01 -3.500000e+00
   endloop
 endfacet
 facet normal -7.878255e-01 -6.158986e-01 -0.000000e+00
   outer loop
     vertex -8.882792e-01 -8.431552e+01  2.800000e+00
     vertex -8.882792e-01 -8.431552e+01 -3.500000e+00
     vertex -8.382401e-01 -8.437953e+01 -3.500000e+00
   endloop
 endfacet
 facet normal -8.042147e-01 -5.943389e-01  0.000000e+00
   outer loop
     vertex -8.882792e-01 -8.431552e+01  2.800000e+00
     vertex -9.365666e-01 -8.425018e+01  2.800000e+00
     vertex -9.365666e-01 -8.425018e+01 -3.500000e+00
   endloop
 endfacet
 facet normal -7.878255e-01 -6.158986e-01 -0.000000e+00
   outer loop
     vertex -8.382401e-01 -8.437953e+01  2.800000e+00
     vertex -8.882792e-01 -8.431552e+01  2.800000e+00
     vertex -8.382401e-01 -8.437953e+01 -3.500000e+00
   endloop
 endfacet
 facet normal -7.708584e-01 -6.370065e-01 -0.000000e+00
   outer loop
     vertex -7.864862e-01 -8.444216e+01  2.800000e+00
     vertex -8.382401e-01 -8.437953e+01 -3.500000e+00
     vertex -7.864862e-01 -8.444216e+01 -3.500000e+00
   endloop
 endfacet
 facet normal -7.533260e-01 -6.576473e-01 -0.000000e+00
   outer loop
     vertex -7.864862e-01 -8.444216e+01  2.800000e+00
     vertex -7.864862e-01 -8.444216e+01 -3.500000e+00
     vertex -7.330552e-01 -8.450336e+01 -3.500000e+00
   endloop
 endfacet
 facet normal -7.708584e-01 -6.370065e-01  0.000000e+00
   outer loop
     vertex -7.864862e-01 -8.444216e+01  2.800000e+00
     vertex -8.382401e-01 -8.437953e+01  2.800000e+00
     vertex -8.382401e-01 -8.437953e+01 -3.500000e+00
   endloop
 endfacet
 facet normal -7.533260e-01 -6.576473e-01 -0.000000e+00
   outer loop
     vertex -7.330552e-01 -8.450336e+01  2.800000e+00
     vertex -7.864862e-01 -8.444216e+01  2.800000e+00
     vertex -7.330552e-01 -8.450336e+01 -3.500000e+00
   endloop
 endfacet
 facet normal -7.352410e-01 -6.778058e-01 -0.000000e+00
   outer loop
     vertex -6.779865e-01 -8.456310e+01  2.800000e+00
     vertex -7.330552e-01 -8.450336e+01 -3.500000e+00
     vertex -6.779865e-01 -8.456310e+01 -3.500000e+00
   endloop
 endfacet
 facet normal -7.352410e-01 -6.778058e-01  0.000000e+00
   outer loop
     vertex -6.779865e-01 -8.456310e+01  2.800000e+00
     vertex -7.330552e-01 -8.450336e+01  2.800000e+00
     vertex -7.330552e-01 -8.450336e+01 -3.500000e+00
   endloop
 endfacet
 facet normal -7.166168e-01 -6.974671e-01 -0.000000e+00
   outer loop
     vertex -6.213203e-01 -8.462132e+01  2.800000e+00
     vertex -6.779865e-01 -8.456310e+01 -3.500000e+00
     vertex -6.213203e-01 -8.462132e+01 -3.500000e+00
   endloop
 endfacet
 facet normal -7.166168e-01 -6.974671e-01  0.000000e+00
   outer loop
     vertex -6.213203e-01 -8.462132e+01  2.800000e+00
     vertex -6.779865e-01 -8.456310e+01  2.800000e+00
     vertex -6.779865e-01 -8.456310e+01 -3.500000e+00
   endloop
 endfacet
 facet normal -6.974671e-01 -7.166168e-01 -0.000000e+00
   outer loop
     vertex -5.630984e-01 -8.467799e+01  2.800000e+00
     vertex -6.213203e-01 -8.462132e+01 -3.500000e+00
     vertex -5.630984e-01 -8.467799e+01 -3.500000e+00
   endloop
 endfacet
 facet normal -6.974671e-01 -7.166168e-01  0.000000e+00
   outer loop
     vertex -5.630984e-01 -8.467799e+01  2.800000e+00
     vertex -6.213203e-01 -8.462132e+01  2.800000e+00
     vertex -6.213203e-01 -8.462132e+01 -3.500000e+00
   endloop
 endfacet
 facet normal -6.778058e-01 -7.352410e-01 -0.000000e+00
   outer loop
     vertex -5.033633e-01 -8.473306e+01  2.800000e+00
     vertex -5.630984e-01 -8.467799e+01 -3.500000e+00
     vertex -5.033633e-01 -8.473306e+01 -3.500000e+00
   endloop
 endfacet
 facet normal -6.576473e-01 -7.533260e-01 -0.000000e+00
   outer loop
     vertex -5.033633e-01 -8.473306e+01  2.800000e+00
     vertex -5.033633e-01 -8.473306e+01 -3.500000e+00
     vertex -4.421589e-01 -8.478649e+01 -3.500000e+00
   endloop
 endfacet
 facet normal -6.778058e-01 -7.352410e-01  0.000000e+00
   outer loop
     vertex -5.033633e-01 -8.473306e+01  2.800000e+00
     vertex -5.630984e-01 -8.467799e+01  2.800000e+00
     vertex -5.630984e-01 -8.467799e+01 -3.500000e+00
   endloop
 endfacet
 facet normal -6.576473e-01 -7.533260e-01 -0.000000e+00
   outer loop
     vertex -4.421589e-01 -8.478649e+01  2.800000e+00
     vertex -5.033633e-01 -8.473306e+01  2.800000e+00
     vertex -4.421589e-01 -8.478649e+01 -3.500000e+00
   endloop
 endfacet
 facet normal -6.370065e-01 -7.708584e-01 -0.000000e+00
   outer loop
     vertex -3.795300e-01 -8.483824e+01  2.800000e+00
     vertex -4.421589e-01 -8.478649e+01 -3.500000e+00
     vertex -3.795300e-01 -8.483824e+01 -3.500000e+00
   endloop
 endfacet
 facet normal -6.370065e-01 -7.708584e-01  0.000000e+00
   outer loop
     vertex -3.795300e-01 -8.483824e+01  2.800000e+00
     vertex -4.421589e-01 -8.478649e+01  2.800000e+00
     vertex -4.421589e-01 -8.478649e+01 -3.500000e+00
   endloop
 endfacet
 facet normal -6.158986e-01 -7.878255e-01  6.170670e-05
   outer loop
     vertex -3.000000e-01 -8.490000e+01  1.790000e+00
     vertex -3.795300e-01 -8.483824e+01 -3.500000e+00
     vertex -3.155226e-01 -8.488828e+01 -3.500000e+00
   endloop
 endfacet
 facet normal -5.943389e-01 -8.042147e-01 -3.786958e-05
   outer loop
     vertex -3.000000e-01 -8.490000e+01  1.790000e+00
     vertex -3.155226e-01 -8.488828e+01 -3.500000e+00
     vertex -2.501837e-01 -8.493657e+01 -3.500000e+00
   endloop
 endfacet
 facet normal -6.133414e-01 -7.898179e-01  0.000000e+00
   outer loop
     vertex -3.000000e-01 -8.490000e+01  1.790000e+00
     vertex -3.795300e-01 -8.483824e+01  2.800000e+00
     vertex -3.795300e-01 -8.483824e+01 -3.500000e+00
   endloop
 endfacet
 facet normal -6.158985e-01 -7.878254e-01 -3.231965e-04
   outer loop
     vertex -3.155226e-01 -8.488828e+01  2.800000e+00
     vertex -3.795300e-01 -8.483824e+01  2.800000e+00
     vertex -3.000000e-01 -8.490000e+01  1.790000e+00
   endloop
 endfacet
 facet normal -6.025903e-01 -7.980507e-01 -0.000000e+00
   outer loop
     vertex -3.000000e-01 -8.490000e+01  2.200000e+00
     vertex -3.155226e-01 -8.488828e+01  2.800000e+00
     vertex -3.000000e-01 -8.490000e+01  1.790000e+00
   endloop
 endfacet
 facet normal -5.723433e-01 -8.200141e-01 -2.890914e-05
   outer loop
     vertex -2.391564e-01 -8.494445e+01  1.790000e+00
     vertex -2.501837e-01 -8.493657e+01 -3.500000e+00
     vertex -1.835612e-01 -8.498307e+01 -3.500000e+00
   endloop
 endfacet
 facet normal -5.899059e-01 -8.074720e-01  2.639151e-05
   outer loop
     vertex -2.391564e-01 -8.494445e+01  1.790000e+00
     vertex -3.000000e-01 -8.490000e+01  1.790000e+00
     vertex -2.501837e-01 -8.493657e+01 -3.500000e+00
   endloop
 endfacet
 facet normal -5.943389e-01 -8.042147e-01  3.338835e-04
   outer loop
     vertex -2.501837e-01 -8.493657e+01  2.800000e+00
     vertex -3.155226e-01 -8.488828e+01  2.800000e+00
     vertex -3.000000e-01 -8.490000e+01  2.200000e+00
   endloop
 endfacet
 facet normal -5.499279e-01 -8.352121e-01 -1.775875e-05
   outer loop
     vertex -1.772157e-01 -8.498736e+01  1.790000e+00
     vertex -1.835612e-01 -8.498307e+01 -3.500000e+00
     vertex -1.157039e-01 -8.502775e+01 -3.500000e+00
   endloop
 endfacet
 facet normal -5.694403e-01 -8.220327e-01  1.633609e-05
   outer loop
     vertex -1.772157e-01 -8.498736e+01  1.790000e+00
     vertex -2.391564e-01 -8.494445e+01  1.790000e+00
     vertex -1.835612e-01 -8.498307e+01 -3.500000e+00
   endloop
 endfacet
 facet normal -5.723433e-01 -8.200141e-01  2.548823e-04
   outer loop
     vertex -1.835612e-01 -8.498307e+01  2.800000e+00
     vertex -2.501837e-01 -8.493657e+01  2.800000e+00
     vertex -2.391564e-01 -8.494445e+01  2.200000e+00
   endloop
 endfacet
 facet normal -5.486154e-01 -8.360749e-01  4.090739e-06
   outer loop
     vertex -1.142169e-01 -8.502870e+01  1.790000e+00
     vertex -1.772157e-01 -8.498736e+01  1.790000e+00
     vertex -1.157039e-01 -8.502775e+01 -3.500000e+00
   endloop
 endfacet
 facet normal -5.499279e-01 -8.352121e-01  1.565730e-04
   outer loop
     vertex -1.157039e-01 -8.502775e+01  2.800000e+00
     vertex -1.835612e-01 -8.498307e+01  2.800000e+00
     vertex -1.772157e-01 -8.498736e+01  2.200000e+00
   endloop
 endfacet
 facet normal -5.486154e-01 -8.360749e-01 -3.606668e-05
   outer loop
     vertex -1.157039e-01 -8.502775e+01  2.800000e+00
     vertex -1.772157e-01 -8.498736e+01  2.200000e+00
     vertex -1.142169e-01 -8.502870e+01  2.200000e+00
   endloop
 endfacet
 facet normal -5.274444e-01 -8.495896e-01 -4.286899e-06
   outer loop
     vertex -5.019975e-02 -8.506844e+01  1.790000e+00
     vertex -1.142169e-01 -8.502870e+01  1.790000e+00
     vertex -1.157039e-01 -8.502775e+01 -3.500000e+00
   endloop
 endfacet
 facet normal -5.271092e-01 -8.497975e-01 -1.003653e-05
   outer loop
     vertex -5.019975e-02 -8.506844e+01  1.790000e+00
     vertex -1.157039e-01 -8.502775e+01 -3.500000e+00
     vertex -4.666157e-02 -8.507057e+01 -3.500000e+00
   endloop
 endfacet
 facet normal -5.274444e-01 -8.495896e-01  3.779616e-05
   outer loop
     vertex -5.019975e-02 -8.506844e+01  2.200000e+00
     vertex -1.157039e-01 -8.502775e+01  2.800000e+00
     vertex -1.142169e-01 -8.502870e+01  2.200000e+00
   endloop
 endfacet
 facet normal -5.271092e-01 -8.497975e-01  8.848875e-05
   outer loop
     vertex -4.666157e-02 -8.507057e+01  2.800000e+00
     vertex -1.157039e-01 -8.502775e+01  2.800000e+00
     vertex -5.019975e-02 -8.506844e+01  2.200000e+00
   endloop
 endfacet
 facet normal -5.059406e-01 -8.625683e-01  9.269299e-06
   outer loop
     vertex  1.479535e-02 -8.510656e+01  1.790000e+00
     vertex -5.019975e-02 -8.506844e+01  1.790000e+00
     vertex -4.666157e-02 -8.507057e+01 -3.500000e+00
   endloop
 endfacet
 facet normal -5.039039e-01 -8.637597e-01 -2.249778e-05
   outer loop
     vertex  1.479535e-02 -8.510656e+01  1.790000e+00
     vertex -4.666157e-02 -8.507057e+01 -3.500000e+00
     vertex  2.351511e-02 -8.511151e+01 -3.500000e+00
   endloop
 endfacet
 facet normal -5.059406e-01 -8.625683e-01 -8.172432e-05
   outer loop
     vertex  1.479535e-02 -8.510656e+01  2.200000e+00
     vertex -4.666157e-02 -8.507057e+01  2.800000e+00
     vertex -5.019975e-02 -8.506844e+01  2.200000e+00
   endloop
 endfacet
 facet normal -5.039039e-01 -8.637597e-01  1.983554e-04
   outer loop
     vertex  2.351511e-02 -8.511151e+01  2.800000e+00
     vertex -4.666157e-02 -8.507057e+01  2.800000e+00
     vertex  1.479535e-02 -8.510656e+01  2.200000e+00
   endloop
 endfacet
 facet normal -4.841177e-01 -8.750029e-01  2.063559e-05
   outer loop
     vertex  8.072742e-02 -8.514304e+01  1.790000e+00
     vertex  1.479535e-02 -8.510656e+01  1.790000e+00
     vertex  2.351511e-02 -8.511151e+01 -3.500000e+00
   endloop
 endfacet
 facet normal -4.803291e-01 -8.770884e-01 -3.276910e-05
   outer loop
     vertex  8.072742e-02 -8.514304e+01  1.790000e+00
     vertex  2.351511e-02 -8.511151e+01 -3.500000e+00
     vertex  9.477468e-02 -8.515054e+01 -3.500000e+00
   endloop
 endfacet
 facet normal -4.803291e-01 -8.770883e-01  2.889142e-04
   outer loop
     vertex  9.477468e-02 -8.515054e+01  2.800000e+00
     vertex  2.351511e-02 -8.511151e+01  2.800000e+00
     vertex  8.072742e-02 -8.514304e+01  2.200000e+00
   endloop
 endfacet
 facet normal -4.619894e-01 -8.868855e-01  2.981192e-05
   outer loop
     vertex  1.475548e-01 -8.517785e+01  1.790000e+00
     vertex  8.072742e-02 -8.514304e+01  1.790000e+00
     vertex  9.477468e-02 -8.515054e+01 -3.500000e+00
   endloop
 endfacet
 facet normal -4.564019e-01 -8.897737e-01 -4.085044e-05
   outer loop
     vertex  1.475548e-01 -8.517785e+01  1.790000e+00
     vertex  9.477468e-02 -8.515054e+01 -3.500000e+00
     vertex  1.670649e-01 -8.518762e+01 -3.500000e+00
   endloop
 endfacet
 facet normal -4.564019e-01 -8.897737e-01  3.601647e-04
   outer loop
     vertex  1.670649e-01 -8.518762e+01  2.800000e+00
     vertex  9.477468e-02 -8.515054e+01  2.800000e+00
     vertex  1.475548e-01 -8.517785e+01  2.200000e+00
   endloop
 endfacet
 facet normal -4.321400e-01 -9.018065e-01 -4.674179e-05
   outer loop
     vertex  2.152355e-01 -8.521097e+01  1.790000e+00
     vertex  1.670649e-01 -8.518762e+01 -3.500000e+00
     vertex  2.403327e-01 -8.522273e+01 -3.500000e+00
   endloop
 endfacet
 facet normal -4.395696e-01 -8.982085e-01  3.679827e-05
   outer loop
     vertex  2.152355e-01 -8.521097e+01  1.790000e+00
     vertex  1.475548e-01 -8.517785e+01  1.790000e+00
     vertex  1.670649e-01 -8.518762e+01 -3.500000e+00
   endloop
 endfacet
 facet normal -4.321400e-01 -9.018064e-01  4.121067e-04
   outer loop
     vertex  2.403327e-01 -8.522273e+01  2.800000e+00
     vertex  1.670649e-01 -8.518762e+01  2.800000e+00
     vertex  2.152355e-01 -8.521097e+01  2.200000e+00
   endloop
 endfacet
 facet normal -4.168725e-01 -9.089650e-01  4.159460e-05
   outer loop
     vertex  2.837266e-01 -8.524239e+01  1.790000e+00
     vertex  2.152355e-01 -8.521097e+01  1.790000e+00
     vertex  2.403327e-01 -8.522273e+01 -3.500000e+00
   endloop
 endfacet
 facet normal -4.075612e-01 -9.131779e-01 -5.044310e-05
   outer loop
     vertex  2.837266e-01 -8.524239e+01  1.790000e+00
     vertex  2.403327e-01 -8.522273e+01 -3.500000e+00
     vertex  3.145244e-01 -8.525584e+01 -3.500000e+00
   endloop
 endfacet
 facet normal -4.075611e-01 -9.131778e-01  4.447400e-04
   outer loop
     vertex  3.145244e-01 -8.525584e+01  2.800000e+00
     vertex  2.403327e-01 -8.522273e+01  2.800000e+00
     vertex  2.837266e-01 -8.524239e+01  2.200000e+00
   endloop
 endfacet
 facet normal -3.826834e-01 -9.238795e-01 -5.195438e-05
   outer loop
     vertex  3.529850e-01 -8.527207e+01  1.790000e+00
     vertex  3.145244e-01 -8.525584e+01 -3.500000e+00
     vertex  3.895855e-01 -8.528693e+01 -3.500000e+00
   endloop
 endfacet
 facet normal -3.939125e-01 -9.191480e-01  4.420090e-05
   outer loop
     vertex  3.529850e-01 -8.527207e+01  1.790000e+00
     vertex  2.837266e-01 -8.524239e+01  1.790000e+00
     vertex  3.145244e-01 -8.525584e+01 -3.500000e+00
   endloop
 endfacet
 facet normal -3.826834e-01 -9.238794e-01  4.580644e-04
   outer loop
     vertex  3.895855e-01 -8.528693e+01  2.800000e+00
     vertex  3.145244e-01 -8.525584e+01  2.800000e+00
     vertex  3.529850e-01 -8.527207e+01  2.200000e+00
   endloop
 endfacet
 facet normal -3.575250e-01 -9.339036e-01 -5.127561e-05
   outer loop
     vertex  4.229670e-01 -8.530000e+01  1.790000e+00
     vertex  3.895855e-01 -8.528693e+01 -3.500000e+00
     vertex  4.654611e-01 -8.531598e+01 -3.500000e+00
   endloop
 endfacet
 facet normal -3.707039e-01 -9.287511e-01  4.461716e-05
   outer loop
     vertex  4.229670e-01 -8.530000e+01  1.790000e+00
     vertex  3.529850e-01 -8.527207e+01  1.790000e+00
     vertex  3.895855e-01 -8.528693e+01 -3.500000e+00
   endloop
 endfacet
 facet normal -3.519387e-01 -9.360230e-01  0.000000e+00
   outer loop
     vertex  4.654611e-01 -8.531598e+01  2.800000e+00
     vertex  4.229670e-01 -8.530000e+01  2.200000e+00
     vertex  4.229670e-01 -8.530000e+01  1.790000e+00
   endloop
 endfacet
 facet normal -3.321044e-01 -9.432426e-01 -0.000000e+00
   outer loop
     vertex  4.654611e-01 -8.531598e+01  2.800000e+00
     vertex  4.654611e-01 -8.531598e+01 -3.500000e+00
     vertex  5.420954e-01 -8.534296e+01 -3.500000e+00
   endloop
 endfacet
 facet normal -3.519387e-01 -9.360230e-01 -0.000000e+00
   outer loop
     vertex  4.654611e-01 -8.531598e+01  2.800000e+00
     vertex  4.229670e-01 -8.530000e+01  1.790000e+00
     vertex  4.654611e-01 -8.531598e+01 -3.500000e+00
   endloop
 endfacet
 facet normal -3.575250e-01 -9.339035e-01  4.520799e-04
   outer loop
     vertex  4.654611e-01 -8.531598e+01  2.800000e+00
     vertex  3.895855e-01 -8.528693e+01  2.800000e+00
     vertex  4.229670e-01 -8.530000e+01  2.200000e+00
   endloop
 endfacet
 facet normal -3.064401e-01 -9.518899e-01 -0.000000e+00
   outer loop
     vertex  5.420954e-01 -8.534296e+01  2.800000e+00
     vertex  5.420954e-01 -8.534296e+01 -3.500000e+00
     vertex  6.194323e-01 -8.536786e+01 -3.500000e+00
   endloop
 endfacet
 facet normal -3.321044e-01 -9.432426e-01 -0.000000e+00
   outer loop
     vertex  5.420954e-01 -8.534296e+01  2.800000e+00
     vertex  4.654611e-01 -8.531598e+01  2.800000e+00
     vertex  5.420954e-01 -8.534296e+01 -3.500000e+00
   endloop
 endfacet
 facet normal -3.064401e-01 -9.518899e-01 -0.000000e+00
   outer loop
     vertex  6.194323e-01 -8.536786e+01  2.800000e+00
     vertex  5.420954e-01 -8.534296e+01  2.800000e+00
     vertex  6.194323e-01 -8.536786e+01 -3.500000e+00
   endloop
 endfacet
 facet normal -2.805512e-01 -9.598391e-01 -0.000000e+00
   outer loop
     vertex  6.974150e-01 -8.539065e+01  2.800000e+00
     vertex  6.194323e-01 -8.536786e+01 -3.500000e+00
     vertex  6.974150e-01 -8.539065e+01 -3.500000e+00
   endloop
 endfacet
 facet normal -2.805512e-01 -9.598391e-01  0.000000e+00
   outer loop
     vertex  6.974150e-01 -8.539065e+01  2.800000e+00
     vertex  6.194323e-01 -8.536786e+01  2.800000e+00
     vertex  6.194323e-01 -8.536786e+01 -3.500000e+00
   endloop
 endfacet
 facet normal -2.544564e-01 -9.670842e-01 -0.000000e+00
   outer loop
     vertex  7.759863e-01 -8.541132e+01  2.800000e+00
     vertex  6.974150e-01 -8.539065e+01 -3.500000e+00
     vertex  7.759863e-01 -8.541132e+01 -3.500000e+00
   endloop
 endfacet
 facet normal -2.544564e-01 -9.670842e-01  0.000000e+00
   outer loop
     vertex  7.759863e-01 -8.541132e+01  2.800000e+00
     vertex  6.974150e-01 -8.539065e+01  2.800000e+00
     vertex  6.974150e-01 -8.539065e+01 -3.500000e+00
   endloop
 endfacet
 facet normal -2.281751e-01 -9.736201e-01 -0.000000e+00
   outer loop
     vertex  8.550887e-01 -8.542986e+01  2.800000e+00
     vertex  7.759863e-01 -8.541132e+01 -3.500000e+00
     vertex  8.550887e-01 -8.542986e+01 -3.500000e+00
   endloop
 endfacet
 facet normal -2.281751e-01 -9.736201e-01  0.000000e+00
   outer loop
     vertex  8.550887e-01 -8.542986e+01  2.800000e+00
     vertex  7.759863e-01 -8.541132e+01  2.800000e+00
     vertex  7.759863e-01 -8.541132e+01 -3.500000e+00
   endloop
 endfacet
 facet normal -2.017264e-01 -9.794419e-01  0.000000e+00
   outer loop
     vertex  9.346640e-01 -8.544625e+01  2.800000e+00
     vertex  8.550887e-01 -8.542986e+01  2.800000e+00
     vertex  8.550887e-01 -8.542986e+01 -3.500000e+00
   endloop
 endfacet
 facet normal -2.017264e-01 -9.794419e-01 -0.000000e+00
   outer loop
     vertex  9.346640e-01 -8.544625e+01  2.800000e+00
     vertex  8.550887e-01 -8.542986e+01 -3.500000e+00
     vertex  9.346640e-01 -8.544625e+01 -3.500000e+00
   endloop
 endfacet
 facet normal -1.751297e-01 -9.845454e-01  0.000000e+00
   outer loop
     vertex  1.014654e+00 -8.546048e+01  2.800000e+00
     vertex  9.346640e-01 -8.544625e+01  2.800000e+00
     vertex  9.346640e-01 -8.544625e+01 -3.500000e+00
   endloop
 endfacet
 facet normal -1.751297e-01 -9.845454e-01 -0.000000e+00
   outer loop
     vertex  1.014654e+00 -8.546048e+01  2.800000e+00
     vertex  9.346640e-01 -8.544625e+01 -3.500000e+00
     vertex  1.014654e+00 -8.546048e+01 -3.500000e+00
   endloop
 endfacet
 facet normal -1.484046e-01 -9.889267e-01 -0.000000e+00
   outer loop
     vertex  1.014654e+00 -8.546048e+01  2.800000e+00
     vertex  1.014654e+00 -8.546048e+01 -3.500000e+00
     vertex  1.095000e+00 -8.547254e+01 -3.500000e+00
   endloop
 endfacet
 facet normal -1.484046e-01 -9.889267e-01 -0.000000e+00
   outer loop
     vertex  1.095000e+00 -8.547254e+01  2.800000e+00
     vertex  1.014654e+00 -8.546048e+01  2.800000e+00
     vertex  1.095000e+00 -8.547254e+01 -3.500000e+00
   endloop
 endfacet
 facet normal -1.215707e-01 -9.925828e-01  0.000000e+00
   outer loop
     vertex  1.175643e+00 -8.548241e+01  2.800000e+00
     vertex  1.095000e+00 -8.547254e+01  2.800000e+00
     vertex  1.095000e+00 -8.547254e+01 -3.500000e+00
   endloop
 endfacet
 facet normal -1.215707e-01 -9.925828e-01 -0.000000e+00
   outer loop
     vertex  1.175643e+00 -8.548241e+01  2.800000e+00
     vertex  1.095000e+00 -8.547254e+01 -3.500000e+00
     vertex  1.175643e+00 -8.548241e+01 -3.500000e+00
   endloop
 endfacet
 facet normal -9.464755e-02 -9.955108e-01  0.000000e+00
   outer loop
     vertex  1.256524e+00 -8.549010e+01  2.800000e+00
     vertex  1.175643e+00 -8.548241e+01  2.800000e+00
     vertex  1.175643e+00 -8.548241e+01 -3.500000e+00
   endloop
 endfacet
 facet normal -9.464755e-02 -9.955108e-01 -0.000000e+00
   outer loop
     vertex  1.256524e+00 -8.549010e+01  2.800000e+00
     vertex  1.175643e+00 -8.548241e+01 -3.500000e+00
     vertex  1.256524e+00 -8.549010e+01 -3.500000e+00
   endloop
 endfacet
 facet normal -6.765502e-02 -9.977088e-01  0.000000e+00
   outer loop
     vertex  1.337583e+00 -8.549560e+01  2.800000e+00
     vertex  1.256524e+00 -8.549010e+01  2.800000e+00
     vertex  1.256524e+00 -8.549010e+01 -3.500000e+00
   endloop
 endfacet
 facet normal -6.765502e-02 -9.977088e-01 -0.000000e+00
   outer loop
     vertex  1.337583e+00 -8.549560e+01  2.800000e+00
     vertex  1.256524e+00 -8.549010e+01 -3.500000e+00
     vertex  1.337583e+00 -8.549560e+01 -3.500000e+00
   endloop
 endfacet
 facet normal -4.061287e-02 -9.991750e-01  0.000000e+00
   outer loop
     vertex  1.418762e+00 -8.549890e+01  2.800000e+00
     vertex  1.337583e+00 -8.549560e+01  2.800000e+00
     vertex  1.337583e+00 -8.549560e+01 -3.500000e+00
   endloop
 endfacet
 facet normal -4.061287e-02 -9.991750e-01 -0.000000e+00
   outer loop
     vertex  1.418762e+00 -8.549890e+01  2.800000e+00
     vertex  1.337583e+00 -8.549560e+01 -3.500000e+00
     vertex  1.418762e+00 -8.549890e+01 -3.500000e+00
   endloop
 endfacet
 facet normal -1.354093e-02 -9.999083e-01 -0.000000e+00
   outer loop
     vertex  1.418762e+00 -8.549890e+01  2.800000e+00
     vertex  1.418762e+00 -8.549890e+01 -3.500000e+00
     vertex  1.500000e+00 -8.550000e+01 -3.500000e+00
   endloop
 endfacet
 facet normal -1.354093e-02 -9.999083e-01 -0.000000e+00
   outer loop
     vertex  1.500000e+00 -8.550000e+01  2.800000e+00
     vertex  1.418762e+00 -8.549890e+01  2.800000e+00
     vertex  1.500000e+00 -8.550000e+01 -3.500000e+00
   endloop
 endfacet
 facet normal -5.899059e-01 -8.074720e-01 -2.326852e-04
   outer loop
     vertex -3.000000e-01 -8.490000e+01  2.200000e+00
     vertex -2.391564e-01 -8.494445e+01  2.200000e+00
     vertex -2.501837e-01 -8.493657e+01  2.800000e+00
   endloop
 endfacet
 facet normal -5.694403e-01 -8.220327e-01 -1.440299e-04
   outer loop
     vertex -2.391564e-01 -8.494445e+01  2.200000e+00
     vertex -1.772157e-01 -8.498736e+01  2.200000e+00
     vertex -1.835612e-01 -8.498307e+01  2.800000e+00
   endloop
 endfacet
 facet normal -4.841177e-01 -8.750029e-01 -1.819371e-04
   outer loop
     vertex  1.479535e-02 -8.510656e+01  2.200000e+00
     vertex  8.072742e-02 -8.514304e+01  2.200000e+00
     vertex  2.351511e-02 -8.511151e+01  2.800000e+00
   endloop
 endfacet
 facet normal -4.619894e-01 -8.868854e-01 -2.628418e-04
   outer loop
     vertex  8.072742e-02 -8.514304e+01  2.200000e+00
     vertex  1.475548e-01 -8.517785e+01  2.200000e+00
     vertex  9.477468e-02 -8.515054e+01  2.800000e+00
   endloop
 endfacet
 facet normal -4.395696e-01 -8.982085e-01 -3.244381e-04
   outer loop
     vertex  1.475548e-01 -8.517785e+01  2.200000e+00
     vertex  2.152355e-01 -8.521097e+01  2.200000e+00
     vertex  1.670649e-01 -8.518762e+01  2.800000e+00
   endloop
 endfacet
 facet normal -4.168725e-01 -9.089649e-01 -3.667257e-04
   outer loop
     vertex  2.152355e-01 -8.521097e+01  2.200000e+00
     vertex  2.837266e-01 -8.524239e+01  2.200000e+00
     vertex  2.403327e-01 -8.522273e+01  2.800000e+00
   endloop
 endfacet
 facet normal -3.939124e-01 -9.191479e-01 -3.897046e-04
   outer loop
     vertex  2.837266e-01 -8.524239e+01  2.200000e+00
     vertex  3.529850e-01 -8.527207e+01  2.200000e+00
     vertex  3.145244e-01 -8.525584e+01  2.800000e+00
   endloop
 endfacet
 facet normal -3.707039e-01 -9.287510e-01 -3.933746e-04
   outer loop
     vertex  3.529850e-01 -8.527207e+01  2.200000e+00
     vertex  4.229670e-01 -8.530000e+01  2.200000e+00
     vertex  3.895855e-01 -8.528693e+01  2.800000e+00
   endloop
 endfacet
 facet normal -9.999083e-01  1.354093e-02  0.000000e+00
   outer loop
     vertex -1.498900e+00  4.581238e+00  2.800000e+00
     vertex -1.498900e+00  4.581238e+00 -3.500000e+00
     vertex -1.500000e+00  4.500000e+00 -3.500000e+00
   endloop
 endfacet
 facet normal -9.999083e-01  1.354093e-02  0.000000e+00
   outer loop
     vertex -1.498900e+00  4.581238e+00  2.800000e+00
     vertex -1.500000e+00  4.500000e+00 -3.500000e+00
     vertex -1.500000e+00  4.500000e+00  2.800000e+00
   endloop
 endfacet
 facet normal -9.991750e-01  4.061287e-02  0.000000e+00
   outer loop
     vertex -1.495600e+00  4.662417e+00  2.800000e+00
     vertex -1.495600e+00  4.662417e+00 -3.500000e+00
     vertex -1.498900e+00  4.581238e+00 -3.500000e+00
   endloop
 endfacet
 facet normal -9.991750e-01  4.061287e-02  0.000000e+00
   outer loop
     vertex -1.495600e+00  4.662417e+00  2.800000e+00
     vertex -1.498900e+00  4.581238e+00 -3.500000e+00
     vertex -1.498900e+00  4.581238e+00  2.800000e+00
   endloop
 endfacet
 facet normal -9.977088e-01  6.765502e-02  0.000000e+00
   outer loop
     vertex -1.490104e+00  4.743476e+00  2.800000e+00
     vertex -1.490104e+00  4.743476e+00 -3.500000e+00
     vertex -1.495600e+00  4.662417e+00 -3.500000e+00
   endloop
 endfacet
 facet normal -9.977088e-01  6.765502e-02  0.000000e+00
   outer loop
     vertex -1.490104e+00  4.743476e+00  2.800000e+00
     vertex -1.495600e+00  4.662417e+00 -3.500000e+00
     vertex -1.495600e+00  4.662417e+00  2.800000e+00
   endloop
 endfacet
 facet normal -9.955108e-01  9.464755e-02  0.000000e+00
   outer loop
     vertex -1.482414e+00  4.824357e+00  2.800000e+00
     vertex -1.482414e+00  4.824357e+00 -3.500000e+00
     vertex -1.490104e+00  4.743476e+00 -3.500000e+00
   endloop
 endfacet
 facet normal -9.955108e-01  9.464755e-02  0.000000e+00
   outer loop
     vertex -1.482414e+00  4.824357e+00  2.800000e+00
     vertex -1.490104e+00  4.743476e+00 -3.500000e+00
     vertex -1.490104e+00  4.743476e+00  2.800000e+00
   endloop
 endfacet
 facet normal -9.925828e-01  1.215707e-01  0.000000e+00
   outer loop
     vertex -1.472537e+00  4.905000e+00  2.800000e+00
     vertex -1.472537e+00  4.905000e+00 -3.500000e+00
     vertex -1.482414e+00  4.824357e+00 -3.500000e+00
   endloop
 endfacet
 facet normal -9.889267e-01  1.484046e-01  0.000000e+00
   outer loop
     vertex -1.472537e+00  4.905000e+00  2.800000e+00
     vertex -1.460480e+00  4.985346e+00 -3.500000e+00
     vertex -1.472537e+00  4.905000e+00 -3.500000e+00
   endloop
 endfacet
 facet normal -9.925828e-01  1.215707e-01  0.000000e+00
   outer loop
     vertex -1.472537e+00  4.905000e+00  2.800000e+00
     vertex -1.482414e+00  4.824357e+00 -3.500000e+00
     vertex -1.482414e+00  4.824357e+00  2.800000e+00
   endloop
 endfacet
 facet normal -9.889267e-01  1.484046e-01  0.000000e+00
   outer loop
     vertex -1.460480e+00  4.985346e+00  2.800000e+00
     vertex -1.460480e+00  4.985346e+00 -3.500000e+00
     vertex -1.472537e+00  4.905000e+00  2.800000e+00
   endloop
 endfacet
 facet normal -9.845454e-01  1.751297e-01  0.000000e+00
   outer loop
     vertex -1.446251e+00  5.065336e+00  2.800000e+00
     vertex -1.446251e+00  5.065336e+00 -3.500000e+00
     vertex -1.460480e+00  4.985346e+00 -3.500000e+00
   endloop
 endfacet
 facet normal -9.794419e-01  2.017264e-01  0.000000e+00
   outer loop
     vertex -1.446251e+00  5.065336e+00  2.800000e+00
     vertex -1.429862e+00  5.144911e+00 -3.500000e+00
     vertex -1.446251e+00  5.065336e+00 -3.500000e+00
   endloop
 endfacet
 facet normal -9.845454e-01  1.751297e-01  0.000000e+00
   outer loop
     vertex -1.446251e+00  5.065336e+00  2.800000e+00
     vertex -1.460480e+00  4.985346e+00 -3.500000e+00
     vertex -1.460480e+00  4.985346e+00  2.800000e+00
   endloop
 endfacet
 facet normal -9.794419e-01  2.017264e-01  0.000000e+00
   outer loop
     vertex -1.429862e+00  5.144911e+00  2.800000e+00
     vertex -1.429862e+00  5.144911e+00 -3.500000e+00
     vertex -1.446251e+00  5.065336e+00  2.800000e+00
   endloop
 endfacet
 facet normal -9.736201e-01  2.281751e-01  0.000000e+00
   outer loop
     vertex -1.411323e+00  5.224014e+00  2.800000e+00
     vertex -1.411323e+00  5.224014e+00 -3.500000e+00
     vertex -1.429862e+00  5.144911e+00 -3.500000e+00
   endloop
 endfacet
 facet normal -9.736201e-01  2.281751e-01  0.000000e+00
   outer loop
     vertex -1.411323e+00  5.224014e+00  2.800000e+00
     vertex -1.429862e+00  5.144911e+00 -3.500000e+00
     vertex -1.429862e+00  5.144911e+00  2.800000e+00
   endloop
 endfacet
 facet normal -9.670842e-01  2.544564e-01  0.000000e+00
   outer loop
     vertex -1.390650e+00  5.302585e+00  2.800000e+00
     vertex -1.390650e+00  5.302585e+00 -3.500000e+00
     vertex -1.411323e+00  5.224014e+00 -3.500000e+00
   endloop
 endfacet
 facet normal -9.670842e-01  2.544564e-01  0.000000e+00
   outer loop
     vertex -1.390650e+00  5.302585e+00  2.800000e+00
     vertex -1.411323e+00  5.224014e+00 -3.500000e+00
     vertex -1.411323e+00  5.224014e+00  2.800000e+00
   endloop
 endfacet
 facet normal -9.598391e-01  2.805512e-01  0.000000e+00
   outer loop
     vertex -1.367856e+00  5.380568e+00  2.800000e+00
     vertex -1.367856e+00  5.380568e+00 -3.500000e+00
     vertex -1.390650e+00  5.302585e+00 -3.500000e+00
   endloop
 endfacet
 facet normal -9.598391e-01  2.805512e-01  0.000000e+00
   outer loop
     vertex -1.367856e+00  5.380568e+00  2.800000e+00
     vertex -1.390650e+00  5.302585e+00 -3.500000e+00
     vertex -1.390650e+00  5.302585e+00  2.800000e+00
   endloop
 endfacet
 facet normal -9.518899e-01  3.064401e-01  0.000000e+00
   outer loop
     vertex -1.342960e+00  5.457905e+00  2.800000e+00
     vertex -1.342960e+00  5.457905e+00 -3.500000e+00
     vertex -1.367856e+00  5.380568e+00 -3.500000e+00
   endloop
 endfacet
 facet normal -9.518899e-01  3.064401e-01  0.000000e+00
   outer loop
     vertex -1.342960e+00  5.457905e+00  2.800000e+00
     vertex -1.367856e+00  5.380568e+00 -3.500000e+00
     vertex -1.367856e+00  5.380568e+00  2.800000e+00
   endloop
 endfacet
 facet normal -9.432426e-01  3.321044e-01  0.000000e+00
   outer loop
     vertex -1.315977e+00  5.534539e+00  2.800000e+00
     vertex -1.315977e+00  5.534539e+00 -3.500000e+00
     vertex -1.342960e+00  5.457905e+00 -3.500000e+00
   endloop
 endfacet
 facet normal -9.339036e-01  3.575250e-01  0.000000e+00
   outer loop
     vertex -1.315977e+00  5.534539e+00  2.800000e+00
     vertex -1.286930e+00  5.610414e+00 -3.500000e+00
     vertex -1.315977e+00  5.534539e+00 -3.500000e+00
   endloop
 endfacet
 facet normal -9.432426e-01  3.321044e-01  0.000000e+00
   outer loop
     vertex -1.315977e+00  5.534539e+00  2.800000e+00
     vertex -1.342960e+00  5.457905e+00 -3.500000e+00
     vertex -1.342960e+00  5.457905e+00  2.800000e+00
   endloop
 endfacet
 facet normal -9.339036e-01  3.575250e-01  0.000000e+00
   outer loop
     vertex -1.286930e+00  5.610414e+00  2.800000e+00
     vertex -1.286930e+00  5.610414e+00 -3.500000e+00
     vertex -1.315977e+00  5.534539e+00  2.800000e+00
   endloop
 endfacet
 facet normal -9.238795e-01  3.826834e-01  0.000000e+00
   outer loop
     vertex -1.255839e+00  5.685476e+00  2.800000e+00
     vertex -1.255839e+00  5.685476e+00 -3.500000e+00
     vertex -1.286930e+00  5.610414e+00 -3.500000e+00
   endloop
 endfacet
 facet normal -9.238795e-01  3.826834e-01  0.000000e+00
   outer loop
     vertex -1.255839e+00  5.685476e+00  2.800000e+00
     vertex -1.286930e+00  5.610414e+00 -3.500000e+00
     vertex -1.286930e+00  5.610414e+00  2.800000e+00
   endloop
 endfacet
 facet normal -9.131779e-01  4.075612e-01  0.000000e+00
   outer loop
     vertex -1.222726e+00  5.759667e+00  2.800000e+00
     vertex -1.222726e+00  5.759667e+00 -3.500000e+00
     vertex -1.255839e+00  5.685476e+00 -3.500000e+00
   endloop
 endfacet
 facet normal -9.131779e-01  4.075612e-01  0.000000e+00
   outer loop
     vertex -1.222726e+00  5.759667e+00  2.800000e+00
     vertex -1.255839e+00  5.685476e+00 -3.500000e+00
     vertex -1.255839e+00  5.685476e+00  2.800000e+00
   endloop
 endfacet
 facet normal -9.018065e-01  4.321400e-01  0.000000e+00
   outer loop
     vertex -1.187617e+00  5.832935e+00  2.800000e+00
     vertex -1.187617e+00  5.832935e+00 -3.500000e+00
     vertex -1.222726e+00  5.759667e+00 -3.500000e+00
   endloop
 endfacet
 facet normal -9.018065e-01  4.321400e-01  0.000000e+00
   outer loop
     vertex -1.187617e+00  5.832935e+00  2.800000e+00
     vertex -1.222726e+00  5.759667e+00 -3.500000e+00
     vertex -1.222726e+00  5.759667e+00  2.800000e+00
   endloop
 endfacet
 facet normal -8.897737e-01  4.564019e-01  0.000000e+00
   outer loop
     vertex -1.150536e+00  5.905225e+00  2.800000e+00
     vertex -1.150536e+00  5.905225e+00 -3.500000e+00
     vertex -1.187617e+00  5.832935e+00 -3.500000e+00
   endloop
 endfacet
 facet normal -8.770884e-01  4.803291e-01  0.000000e+00
   outer loop
     vertex -1.150536e+00  5.905225e+00  2.800000e+00
     vertex -1.111512e+00  5.976485e+00 -3.500000e+00
     vertex -1.150536e+00  5.905225e+00 -3.500000e+00
   endloop
 endfacet
 facet normal -8.897737e-01  4.564019e-01  0.000000e+00
   outer loop
     vertex -1.150536e+00  5.905225e+00  2.800000e+00
     vertex -1.187617e+00  5.832935e+00 -3.500000e+00
     vertex -1.187617e+00  5.832935e+00  2.800000e+00
   endloop
 endfacet
 facet normal -8.637597e-01  5.039039e-01  0.000000e+00
   outer loop
     vertex -1.111512e+00  5.976485e+00  2.800000e+00
     vertex -1.070572e+00  6.046662e+00 -3.500000e+00
     vertex -1.111512e+00  5.976485e+00 -3.500000e+00
   endloop
 endfacet
 facet normal -8.770884e-01  4.803291e-01  0.000000e+00
   outer loop
     vertex -1.111512e+00  5.976485e+00  2.800000e+00
     vertex -1.111512e+00  5.976485e+00 -3.500000e+00
     vertex -1.150536e+00  5.905225e+00  2.800000e+00
   endloop
 endfacet
 facet normal -8.637597e-01  5.039039e-01  0.000000e+00
   outer loop
     vertex -1.070572e+00  6.046662e+00  2.800000e+00
     vertex -1.070572e+00  6.046662e+00 -3.500000e+00
     vertex -1.111512e+00  5.976485e+00  2.800000e+00
   endloop
 endfacet
 facet normal -8.497975e-01  5.271092e-01  0.000000e+00
   outer loop
     vertex -1.070572e+00  6.046662e+00  2.800000e+00
     vertex -1.027746e+00  6.115704e+00 -3.500000e+00
     vertex -1.070572e+00  6.046662e+00 -3.500000e+00
   endloop
 endfacet
 facet normal -8.497975e-01  5.271092e-01  0.000000e+00
   outer loop
     vertex -1.027746e+00  6.115704e+00  2.800000e+00
     vertex -1.027746e+00  6.115704e+00 -3.500000e+00
     vertex -1.070572e+00  6.046662e+00  2.800000e+00
   endloop
 endfacet
 facet normal -8.352121e-01  5.499279e-01  0.000000e+00
   outer loop
     vertex -1.027746e+00  6.115704e+00  2.800000e+00
     vertex -9.830670e-01  6.183561e+00 -3.500000e+00
     vertex -1.027746e+00  6.115704e+00 -3.500000e+00
   endloop
 endfacet
 facet normal -8.352121e-01  5.499279e-01  0.000000e+00
   outer loop
     vertex -9.830670e-01  6.183561e+00  2.800000e+00
     vertex -9.830670e-01  6.183561e+00 -3.500000e+00
     vertex -1.027746e+00  6.115704e+00  2.800000e+00
   endloop
 endfacet
 facet normal -8.200141e-01  5.723433e-01  0.000000e+00
   outer loop
     vertex -9.365666e-01  6.250184e+00  2.800000e+00
     vertex -9.830670e-01  6.183561e+00 -3.500000e+00
     vertex -9.830670e-01  6.183561e+00  2.800000e+00
   endloop
 endfacet
 facet normal -8.200141e-01  5.723433e-01  0.000000e+00
   outer loop
     vertex -9.365666e-01  6.250184e+00  2.800000e+00
     vertex -9.365666e-01  6.250184e+00 -3.500000e+00
     vertex -9.830670e-01  6.183561e+00 -3.500000e+00
   endloop
 endfacet
 facet normal -8.042147e-01  5.943389e-01  0.000000e+00
   outer loop
     vertex -8.882792e-01  6.315523e+00  2.800000e+00
     vertex -9.365666e-01  6.250184e+00 -3.500000e+00
     vertex -9.365666e-01  6.250184e+00  2.800000e+00
   endloop
 endfacet
 facet normal -8.042147e-01  5.943389e-01  0.000000e+00
   outer loop
     vertex -8.882792e-01  6.315523e+00  2.800000e+00
     vertex -8.882792e-01  6.315523e+00 -3.500000e+00
     vertex -9.365666e-01  6.250184e+00 -3.500000e+00
   endloop
 endfacet
 facet normal -7.878255e-01  6.158986e-01  0.000000e+00
   outer loop
     vertex -8.882792e-01  6.315523e+00  2.800000e+00
     vertex -8.382401e-01  6.379530e+00 -3.500000e+00
     vertex -8.882792e-01  6.315523e+00 -3.500000e+00
   endloop
 endfacet
 facet normal -7.878255e-01  6.158986e-01  0.000000e+00
   outer loop
     vertex -8.382401e-01  6.379530e+00  2.800000e+00
     vertex -8.382401e-01  6.379530e+00 -3.500000e+00
     vertex -8.882792e-01  6.315523e+00  2.800000e+00
   endloop
 endfacet
 facet normal -7.708584e-01  6.370065e-01  0.000000e+00
   outer loop
     vertex -7.864862e-01  6.442159e+00  2.800000e+00
     vertex -7.864862e-01  6.442159e+00 -3.500000e+00
     vertex -8.382401e-01  6.379530e+00 -3.500000e+00
   endloop
 endfacet
 facet normal -7.708584e-01  6.370065e-01  0.000000e+00
   outer loop
     vertex -7.864862e-01  6.442159e+00  2.800000e+00
     vertex -8.382401e-01  6.379530e+00 -3.500000e+00
     vertex -8.382401e-01  6.379530e+00  2.800000e+00
   endloop
 endfacet
 facet normal -7.533260e-01  6.576473e-01  0.000000e+00
   outer loop
     vertex -7.864862e-01  6.442159e+00  2.800000e+00
     vertex -7.330552e-01  6.503363e+00 -3.500000e+00
     vertex -7.864862e-01  6.442159e+00 -3.500000e+00
   endloop
 endfacet
 facet normal -7.352410e-01  6.778058e-01  0.000000e+00
   outer loop
     vertex -7.330552e-01  6.503363e+00  2.800000e+00
     vertex -6.779865e-01  6.563098e+00 -3.500000e+00
     vertex -7.330552e-01  6.503363e+00 -3.500000e+00
   endloop
 endfacet
 facet normal -7.533260e-01  6.576473e-01  0.000000e+00
   outer loop
     vertex -7.330552e-01  6.503363e+00  2.800000e+00
     vertex -7.330552e-01  6.503363e+00 -3.500000e+00
     vertex -7.864862e-01  6.442159e+00  2.800000e+00
   endloop
 endfacet
 facet normal -7.352410e-01  6.778058e-01  0.000000e+00
   outer loop
     vertex -6.779865e-01  6.563098e+00  2.800000e+00
     vertex -6.779865e-01  6.563098e+00 -3.500000e+00
     vertex -7.330552e-01  6.503363e+00  2.800000e+00
   endloop
 endfacet
 facet normal -7.166168e-01  6.974671e-01  0.000000e+00
   outer loop
     vertex -6.213203e-01  6.621320e+00  2.800000e+00
     vertex -6.213203e-01  6.621320e+00 -3.500000e+00
     vertex -6.779865e-01  6.563098e+00 -3.500000e+00
   endloop
 endfacet
 facet normal -7.166168e-01  6.974671e-01  0.000000e+00
   outer loop
     vertex -6.213203e-01  6.621320e+00  2.800000e+00
     vertex -6.779865e-01  6.563098e+00 -3.500000e+00
     vertex -6.779865e-01  6.563098e+00  2.800000e+00
   endloop
 endfacet
 facet normal -6.974671e-01  7.166168e-01  0.000000e+00
   outer loop
     vertex -5.630984e-01  6.677986e+00  2.800000e+00
     vertex -5.630984e-01  6.677986e+00 -3.500000e+00
     vertex -6.213203e-01  6.621320e+00 -3.500000e+00
   endloop
 endfacet
 facet normal -6.974671e-01  7.166168e-01  0.000000e+00
   outer loop
     vertex -5.630984e-01  6.677986e+00  2.800000e+00
     vertex -6.213203e-01  6.621320e+00 -3.500000e+00
     vertex -6.213203e-01  6.621320e+00  2.800000e+00
   endloop
 endfacet
 facet normal -6.778058e-01  7.352410e-01  0.000000e+00
   outer loop
     vertex -5.033633e-01  6.733055e+00  2.800000e+00
     vertex -5.033633e-01  6.733055e+00 -3.500000e+00
     vertex -5.630984e-01  6.677986e+00 -3.500000e+00
   endloop
 endfacet
 facet normal -6.778058e-01  7.352410e-01  0.000000e+00
   outer loop
     vertex -5.033633e-01  6.733055e+00  2.800000e+00
     vertex -5.630984e-01  6.677986e+00 -3.500000e+00
     vertex -5.630984e-01  6.677986e+00  2.800000e+00
   endloop
 endfacet
 facet normal -6.576473e-01  7.533260e-01  0.000000e+00
   outer loop
     vertex -4.421589e-01  6.786486e+00  2.800000e+00
     vertex -4.421589e-01  6.786486e+00 -3.500000e+00
     vertex -5.033633e-01  6.733055e+00 -3.500000e+00
   endloop
 endfacet
 facet normal -6.576473e-01  7.533260e-01  0.000000e+00
   outer loop
     vertex -4.421589e-01  6.786486e+00  2.800000e+00
     vertex -5.033633e-01  6.733055e+00 -3.500000e+00
     vertex -5.033633e-01  6.733055e+00  2.800000e+00
   endloop
 endfacet
 facet normal -6.370065e-01  7.708584e-01  0.000000e+00
   outer loop
     vertex -3.795300e-01  6.838240e+00  2.800000e+00
     vertex -3.795300e-01  6.838240e+00 -3.500000e+00
     vertex -4.421589e-01  6.786486e+00 -3.500000e+00
   endloop
 endfacet
 facet normal -6.158986e-01  7.878255e-01  0.000000e+00
   outer loop
     vertex -3.795300e-01  6.838240e+00  2.800000e+00
     vertex -3.155226e-01  6.888279e+00 -3.500000e+00
     vertex -3.795300e-01  6.838240e+00 -3.500000e+00
   endloop
 endfacet
 facet normal -6.370065e-01  7.708584e-01  0.000000e+00
   outer loop
     vertex -3.795300e-01  6.838240e+00  2.800000e+00
     vertex -4.421589e-01  6.786486e+00 -3.500000e+00
     vertex -4.421589e-01  6.786486e+00  2.800000e+00
   endloop
 endfacet
 facet normal -6.158986e-01  7.878255e-01  0.000000e+00
   outer loop
     vertex -3.155226e-01  6.888279e+00  2.800000e+00
     vertex -3.155226e-01  6.888279e+00 -3.500000e+00
     vertex -3.795300e-01  6.838240e+00  2.800000e+00
   endloop
 endfacet
 facet normal -5.943389e-01  8.042147e-01  0.000000e+00
   outer loop
     vertex -2.501837e-01  6.936567e+00  2.800000e+00
     vertex -2.501837e-01  6.936567e+00 -3.500000e+00
     vertex -3.155226e-01  6.888279e+00 -3.500000e+00
   endloop
 endfacet
 facet normal -5.943389e-01  8.042147e-01  0.000000e+00
   outer loop
     vertex -2.501837e-01  6.936567e+00  2.800000e+00
     vertex -3.155226e-01  6.888279e+00 -3.500000e+00
     vertex -3.155226e-01  6.888279e+00  2.800000e+00
   endloop
 endfacet
 facet normal -5.723433e-01  8.200141e-01  0.000000e+00
   outer loop
     vertex -1.835612e-01  6.983067e+00  2.800000e+00
     vertex -1.835612e-01  6.983067e+00 -3.500000e+00
     vertex -2.501837e-01  6.936567e+00 -3.500000e+00
   endloop
 endfacet
 facet normal -5.499279e-01  8.352121e-01  0.000000e+00
   outer loop
     vertex -1.835612e-01  6.983067e+00  2.800000e+00
     vertex -1.157039e-01  7.027746e+00 -3.500000e+00
     vertex -1.835612e-01  6.983067e+00 -3.500000e+00
   endloop
 endfacet
 facet normal -5.723433e-01  8.200141e-01  0.000000e+00
   outer loop
     vertex -1.835612e-01  6.983067e+00  2.800000e+00
     vertex -2.501837e-01  6.936567e+00 -3.500000e+00
     vertex -2.501837e-01  6.936567e+00  2.800000e+00
   endloop
 endfacet
 facet normal -5.499279e-01  8.352121e-01  0.000000e+00
   outer loop
     vertex -1.157039e-01  7.027746e+00  2.800000e+00
     vertex -1.157039e-01  7.027746e+00 -3.500000e+00
     vertex -1.835612e-01  6.983067e+00  2.800000e+00
   endloop
 endfacet
 facet normal -5.271092e-01  8.497975e-01  0.000000e+00
   outer loop
     vertex -4.666157e-02  7.070572e+00  2.800000e+00
     vertex -4.666157e-02  7.070572e+00 -3.500000e+00
     vertex -1.157039e-01  7.027746e+00 -3.500000e+00
   endloop
 endfacet
 facet normal -5.271092e-01  8.497975e-01  0.000000e+00
   outer loop
     vertex -4.666157e-02  7.070572e+00  2.800000e+00
     vertex -1.157039e-01  7.027746e+00 -3.500000e+00
     vertex -1.157039e-01  7.027746e+00  2.800000e+00
   endloop
 endfacet
 facet normal -5.039039e-01  8.637597e-01  0.000000e+00
   outer loop
     vertex  2.351511e-02  7.111512e+00  2.800000e+00
     vertex  2.351511e-02  7.111512e+00 -3.500000e+00
     vertex -4.666157e-02  7.070572e+00 -3.500000e+00
   endloop
 endfacet
 facet normal -5.039039e-01  8.637597e-01  0.000000e+00
   outer loop
     vertex  2.351511e-02  7.111512e+00  2.800000e+00
     vertex -4.666157e-02  7.070572e+00 -3.500000e+00
     vertex -4.666157e-02  7.070572e+00  2.800000e+00
   endloop
 endfacet
 facet normal -4.803291e-01  8.770884e-01  0.000000e+00
   outer loop
     vertex  9.477468e-02  7.150536e+00  2.800000e+00
     vertex  9.477468e-02  7.150536e+00 -3.500000e+00
     vertex  2.351511e-02  7.111512e+00 -3.500000e+00
   endloop
 endfacet
 facet normal -4.803291e-01  8.770884e-01  0.000000e+00
   outer loop
     vertex  9.477468e-02  7.150536e+00  2.800000e+00
     vertex  2.351511e-02  7.111512e+00 -3.500000e+00
     vertex  2.351511e-02  7.111512e+00  2.800000e+00
   endloop
 endfacet
 facet normal -4.564019e-01  8.897737e-01  0.000000e+00
   outer loop
     vertex  1.670649e-01  7.187617e+00  2.800000e+00
     vertex  1.670649e-01  7.187617e+00 -3.500000e+00
     vertex  9.477468e-02  7.150536e+00 -3.500000e+00
   endloop
 endfacet
 facet normal -4.564019e-01  8.897737e-01  0.000000e+00
   outer loop
     vertex  1.670649e-01  7.187617e+00  2.800000e+00
     vertex  9.477468e-02  7.150536e+00 -3.500000e+00
     vertex  9.477468e-02  7.150536e+00  2.800000e+00
   endloop
 endfacet
 facet normal -4.321400e-01  9.018065e-01  0.000000e+00
   outer loop
     vertex  2.403327e-01  7.222726e+00  2.800000e+00
     vertex  2.403327e-01  7.222726e+00 -3.500000e+00
     vertex  1.670649e-01  7.187617e+00 -3.500000e+00
   endloop
 endfacet
 facet normal -4.075612e-01  9.131779e-01  0.000000e+00
   outer loop
     vertex  2.403327e-01  7.222726e+00  2.800000e+00
     vertex  3.145244e-01  7.255839e+00 -3.500000e+00
     vertex  2.403327e-01  7.222726e+00 -3.500000e+00
   endloop
 endfacet
 facet normal -4.321400e-01  9.018065e-01  0.000000e+00
   outer loop
     vertex  2.403327e-01  7.222726e+00  2.800000e+00
     vertex  1.670649e-01  7.187617e+00 -3.500000e+00
     vertex  1.670649e-01  7.187617e+00  2.800000e+00
   endloop
 endfacet
 facet normal -3.826834e-01  9.238795e-01  0.000000e+00
   outer loop
     vertex  3.145244e-01  7.255839e+00  2.800000e+00
     vertex  3.895855e-01  7.286930e+00 -3.500000e+00
     vertex  3.145244e-01  7.255839e+00 -3.500000e+00
   endloop
 endfacet
 facet normal -4.075612e-01  9.131779e-01  0.000000e+00
   outer loop
     vertex  3.145244e-01  7.255839e+00  2.800000e+00
     vertex  3.145244e-01  7.255839e+00 -3.500000e+00
     vertex  2.403327e-01  7.222726e+00  2.800000e+00
   endloop
 endfacet
 facet normal -3.575250e-01  9.339036e-01  0.000000e+00
   outer loop
     vertex  3.895855e-01  7.286930e+00  2.800000e+00
     vertex  4.654611e-01  7.315977e+00 -3.500000e+00
     vertex  3.895855e-01  7.286930e+00 -3.500000e+00
   endloop
 endfacet
 facet normal -3.826834e-01  9.238795e-01  0.000000e+00
   outer loop
     vertex  3.895855e-01  7.286930e+00  2.800000e+00
     vertex  3.895855e-01  7.286930e+00 -3.500000e+00
     vertex  3.145244e-01  7.255839e+00  2.800000e+00
   endloop
 endfacet
 facet normal -3.575250e-01  9.339036e-01  0.000000e+00
   outer loop
     vertex  4.654611e-01  7.315977e+00  2.800000e+00
     vertex  4.654611e-01  7.315977e+00 -3.500000e+00
     vertex  3.895855e-01  7.286930e+00  2.800000e+00
   endloop
 endfacet
 facet normal -3.321044e-01  9.432426e-01  0.000000e+00
   outer loop
     vertex  5.420954e-01  7.342960e+00  2.800000e+00
     vertex  4.654611e-01  7.315977e+00 -3.500000e+00
     vertex  4.654611e-01  7.315977e+00  2.800000e+00
   endloop
 endfacet
 facet normal -3.321044e-01  9.432426e-01  0.000000e+00
   outer loop
     vertex  5.420954e-01  7.342960e+00  2.800000e+00
     vertex  5.420954e-01  7.342960e+00 -3.500000e+00
     vertex  4.654611e-01  7.315977e+00 -3.500000e+00
   endloop
 endfacet
 facet normal -3.064401e-01  9.518899e-01  0.000000e+00
   outer loop
     vertex  6.194323e-01  7.367856e+00  2.800000e+00
     vertex  5.420954e-01  7.342960e+00 -3.500000e+00
     vertex  5.420954e-01  7.342960e+00  2.800000e+00
   endloop
 endfacet
 facet normal -3.064401e-01  9.518899e-01  0.000000e+00
   outer loop
     vertex  6.194323e-01  7.367856e+00  2.800000e+00
     vertex  6.194323e-01  7.367856e+00 -3.500000e+00
     vertex  5.420954e-01  7.342960e+00 -3.500000e+00
   endloop
 endfacet
 facet normal -2.805512e-01  9.598391e-01  0.000000e+00
   outer loop
     vertex  6.974150e-01  7.390650e+00  2.800000e+00
     vertex  6.194323e-01  7.367856e+00 -3.500000e+00
     vertex  6.194323e-01  7.367856e+00  2.800000e+00
   endloop
 endfacet
 facet normal -2.805512e-01  9.598391e-01  0.000000e+00
   outer loop
     vertex  6.974150e-01  7.390650e+00  2.800000e+00
     vertex  6.974150e-01  7.390650e+00 -3.500000e+00
     vertex  6.194323e-01  7.367856e+00 -3.500000e+00
   endloop
 endfacet
 facet normal -2.544564e-01  9.670842e-01  0.000000e+00
   outer loop
     vertex  7.759863e-01  7.411323e+00  2.800000e+00
     vertex  6.974150e-01  7.390650e+00 -3.500000e+00
     vertex  6.974150e-01  7.390650e+00  2.800000e+00
   endloop
 endfacet
 facet normal -2.544564e-01  9.670842e-01  0.000000e+00
   outer loop
     vertex  7.759863e-01  7.411323e+00  2.800000e+00
     vertex  7.759863e-01  7.411323e+00 -3.500000e+00
     vertex  6.974150e-01  7.390650e+00 -3.500000e+00
   endloop
 endfacet
 facet normal -2.281751e-01  9.736201e-01  0.000000e+00
   outer loop
     vertex  7.759863e-01  7.411323e+00  2.800000e+00
     vertex  8.550887e-01  7.429862e+00 -3.500000e+00
     vertex  7.759863e-01  7.411323e+00 -3.500000e+00
   endloop
 endfacet
 facet normal -2.281751e-01  9.736201e-01  0.000000e+00
   outer loop
     vertex  8.550887e-01  7.429862e+00  2.800000e+00
     vertex  8.550887e-01  7.429862e+00 -3.500000e+00
     vertex  7.759863e-01  7.411323e+00  2.800000e+00
   endloop
 endfacet
 facet normal -2.017264e-01  9.794419e-01  0.000000e+00
   outer loop
     vertex  9.346640e-01  7.446251e+00  2.800000e+00
     vertex  8.550887e-01  7.429862e+00 -3.500000e+00
     vertex  8.550887e-01  7.429862e+00  2.800000e+00
   endloop
 endfacet
 facet normal -2.017264e-01  9.794419e-01  0.000000e+00
   outer loop
     vertex  9.346640e-01  7.446251e+00  2.800000e+00
     vertex  9.346640e-01  7.446251e+00 -3.500000e+00
     vertex  8.550887e-01  7.429862e+00 -3.500000e+00
   endloop
 endfacet
 facet normal -1.751297e-01  9.845454e-01  0.000000e+00
   outer loop
     vertex  1.014654e+00  7.460480e+00  2.800000e+00
     vertex  9.346640e-01  7.446251e+00 -3.500000e+00
     vertex  9.346640e-01  7.446251e+00  2.800000e+00
   endloop
 endfacet
 facet normal -1.751297e-01  9.845454e-01  0.000000e+00
   outer loop
     vertex  1.014654e+00  7.460480e+00  2.800000e+00
     vertex  1.014654e+00  7.460480e+00 -3.500000e+00
     vertex  9.346640e-01  7.446251e+00 -3.500000e+00
   endloop
 endfacet
 facet normal -1.484046e-01  9.889267e-01  0.000000e+00
   outer loop
     vertex  1.095000e+00  7.472537e+00  2.800000e+00
     vertex  1.014654e+00  7.460480e+00 -3.500000e+00
     vertex  1.014654e+00  7.460480e+00  2.800000e+00
   endloop
 endfacet
 facet normal -1.484046e-01  9.889267e-01  0.000000e+00
   outer loop
     vertex  1.095000e+00  7.472537e+00  2.800000e+00
     vertex  1.095000e+00  7.472537e+00 -3.500000e+00
     vertex  1.014654e+00  7.460480e+00 -3.500000e+00
   endloop
 endfacet
 facet normal -1.215707e-01  9.925828e-01  0.000000e+00
   outer loop
     vertex  1.175643e+00  7.482414e+00  2.800000e+00
     vertex  1.095000e+00  7.472537e+00 -3.500000e+00
     vertex  1.095000e+00  7.472537e+00  2.800000e+00
   endloop
 endfacet
 facet normal -1.215707e-01  9.925828e-01  0.000000e+00
   outer loop
     vertex  1.175643e+00  7.482414e+00  2.800000e+00
     vertex  1.175643e+00  7.482414e+00 -3.500000e+00
     vertex  1.095000e+00  7.472537e+00 -3.500000e+00
   endloop
 endfacet
 facet normal -9.464755e-02  9.955108e-01  0.000000e+00
   outer loop
     vertex  1.256524e+00  7.490104e+00  2.800000e+00
     vertex  1.175643e+00  7.482414e+00 -3.500000e+00
     vertex  1.175643e+00  7.482414e+00  2.800000e+00
   endloop
 endfacet
 facet normal -9.464755e-02  9.955108e-01  0.000000e+00
   outer loop
     vertex  1.256524e+00  7.490104e+00  2.800000e+00
     vertex  1.256524e+00  7.490104e+00 -3.500000e+00
     vertex  1.175643e+00  7.482414e+00 -3.500000e+00
   endloop
 endfacet
 facet normal -6.765502e-02  9.977088e-01  0.000000e+00
   outer loop
     vertex  1.337583e+00  7.495600e+00  2.800000e+00
     vertex  1.256524e+00  7.490104e+00 -3.500000e+00
     vertex  1.256524e+00  7.490104e+00  2.800000e+00
   endloop
 endfacet
 facet normal -6.765502e-02  9.977088e-01  0.000000e+00
   outer loop
     vertex  1.337583e+00  7.495600e+00  2.800000e+00
     vertex  1.337583e+00  7.495600e+00 -3.500000e+00
     vertex  1.256524e+00  7.490104e+00 -3.500000e+00
   endloop
 endfacet
 facet normal -4.061287e-02  9.991750e-01  0.000000e+00
   outer loop
     vertex  1.418762e+00  7.498900e+00  2.800000e+00
     vertex  1.337583e+00  7.495600e+00 -3.500000e+00
     vertex  1.337583e+00  7.495600e+00  2.800000e+00
   endloop
 endfacet
 facet normal -4.061287e-02  9.991750e-01  0.000000e+00
   outer loop
     vertex  1.418762e+00  7.498900e+00  2.800000e+00
     vertex  1.418762e+00  7.498900e+00 -3.500000e+00
     vertex  1.337583e+00  7.495600e+00 -3.500000e+00
   endloop
 endfacet
 facet normal -1.354093e-02  9.999083e-01  0.000000e+00
   outer loop
     vertex  1.500000e+00  7.500000e+00  2.800000e+00
     vertex  1.418762e+00  7.498900e+00 -3.500000e+00
     vertex  1.418762e+00  7.498900e+00  2.800000e+00
   endloop
 endfacet
 facet normal -1.354093e-02  9.999083e-01  0.000000e+00
   outer loop
     vertex  1.500000e+00  7.500000e+00  2.800000e+00
     vertex  1.500000e+00  7.500000e+00 -3.500000e+00
     vertex  1.418762e+00  7.498900e+00 -3.500000e+00
   endloop
 endfacet
 facet normal  0.000000e+00  0.000000e+00 -1.000000e+00
   outer loop
     vertex -3.000000e-01 -8.430000e+01 -3.500000e+00
     vertex -1.390650e+00 -8.330259e+01 -3.500000e+00
     vertex -1.411323e+00 -8.322401e+01 -3.500000e+00
   endloop
 endfacet
 facet normal  0.000000e+00  0.000000e+00 -1.000000e+00
   outer loop
     vertex -3.000000e-01 -8.430000e+01 -3.500000e+00
     vertex -1.367856e+00 -8.338057e+01 -3.500000e+00
     vertex -1.390650e+00 -8.330259e+01 -3.500000e+00
   endloop
 endfacet
 facet normal  0.000000e+00  0.000000e+00 -1.000000e+00
   outer loop
     vertex -3.000000e-01 -8.430000e+01 -3.500000e+00
     vertex -1.342960e+00 -8.345790e+01 -3.500000e+00
     vertex -1.367856e+00 -8.338057e+01 -3.500000e+00
   endloop
 endfacet
 facet normal  0.000000e+00  0.000000e+00 -1.000000e+00
   outer loop
     vertex -3.000000e-01 -8.430000e+01 -3.500000e+00
     vertex -1.315977e+00 -8.353454e+01 -3.500000e+00
     vertex -1.342960e+00 -8.345790e+01 -3.500000e+00
   endloop
 endfacet
 facet normal  0.000000e+00  0.000000e+00 -1.000000e+00
   outer loop
     vertex -3.000000e-01 -8.430000e+01 -3.500000e+00
     vertex -1.286930e+00 -8.361041e+01 -3.500000e+00
     vertex -1.315977e+00 -8.353454e+01 -3.500000e+00
   endloop
 endfacet
 facet normal  0.000000e+00  0.000000e+00 -1.000000e+00
   outer loop
     vertex -3.000000e-01 -8.430000e+01 -3.500000e+00
     vertex -1.255839e+00 -8.368548e+01 -3.500000e+00
     vertex -1.286930e+00 -8.361041e+01 -3.500000e+00
   endloop
 endfacet
 facet normal  0.000000e+00  0.000000e+00 -1.000000e+00
   outer loop
     vertex -3.000000e-01 -8.430000e+01 -3.500000e+00
     vertex -1.222726e+00 -8.375967e+01 -3.500000e+00
     vertex -1.255839e+00 -8.368548e+01 -3.500000e+00
   endloop
 endfacet
 facet normal  0.000000e+00  0.000000e+00 -1.000000e+00
   outer loop
     vertex -3.000000e-01 -8.430000e+01 -3.500000e+00
     vertex -1.187617e+00 -8.383294e+01 -3.500000e+00
     vertex -1.222726e+00 -8.375967e+01 -3.500000e+00
   endloop
 endfacet
 facet normal  0.000000e+00  0.000000e+00 -1.000000e+00
   outer loop
     vertex -3.000000e-01 -8.430000e+01 -3.500000e+00
     vertex -1.150536e+00 -8.390523e+01 -3.500000e+00
     vertex -1.187617e+00 -8.383294e+01 -3.500000e+00
   endloop
 endfacet
 facet normal  0.000000e+00  0.000000e+00 -1.000000e+00
   outer loop
     vertex -3.000000e-01 -8.430000e+01 -3.500000e+00
     vertex -1.111512e+00 -8.397648e+01 -3.500000e+00
     vertex -1.150536e+00 -8.390523e+01 -3.500000e+00
   endloop
 endfacet
 facet normal  0.000000e+00  0.000000e+00 -1.000000e+00
   outer loop
     vertex -3.000000e-01 -8.430000e+01 -3.500000e+00
     vertex -1.070572e+00 -8.404666e+01 -3.500000e+00
     vertex -1.111512e+00 -8.397648e+01 -3.500000e+00
   endloop
 endfacet
 facet normal  0.000000e+00  0.000000e+00 -1.000000e+00
   outer loop
     vertex -3.000000e-01 -8.430000e+01 -3.500000e+00
     vertex -1.027746e+00 -8.411570e+01 -3.500000e+00
     vertex -1.070572e+00 -8.404666e+01 -3.500000e+00
   endloop
 endfacet
 facet normal  0.000000e+00  0.000000e+00 -1.000000e+00
   outer loop
     vertex -3.000000e-01 -8.430000e+01 -3.500000e+00
     vertex -9.830670e-01 -8.418356e+01 -3.500000e+00
     vertex -1.027746e+00 -8.411570e+01 -3.500000e+00
   endloop
 endfacet
 facet normal  0.000000e+00  0.000000e+00 -1.000000e+00
   outer loop
     vertex -3.000000e-01 -8.430000e+01 -3.500000e+00
     vertex -9.365666e-01 -8.425018e+01 -3.500000e+00
     vertex -9.830670e-01 -8.418356e+01 -3.500000e+00
   endloop
 endfacet
 facet normal -0.000000e+00  0.000000e+00 -1.000000e+00
   outer loop
     vertex -3.000000e-01 -8.430000e+01 -3.500000e+00
     vertex -8.882792e-01 -8.431552e+01 -3.500000e+00
     vertex -9.365666e-01 -8.425018e+01 -3.500000e+00
   endloop
 endfacet
 facet normal  0.000000e+00  0.000000e+00 -1.000000e+00
   outer loop
     vertex -3.000000e-01 -8.430000e+01 -3.500000e+00
     vertex -8.382401e-01 -8.437953e+01 -3.500000e+00
     vertex -8.882792e-01 -8.431552e+01 -3.500000e+00
   endloop
 endfacet
 facet normal  0.000000e+00  0.000000e+00 -1.000000e+00
   outer loop
     vertex -3.000000e-01 -8.430000e+01 -3.500000e+00
     vertex -7.864862e-01 -8.444216e+01 -3.500000e+00
     vertex -8.382401e-01 -8.437953e+01 -3.500000e+00
   endloop
 endfacet
 facet normal  0.000000e+00  0.000000e+00 -1.000000e+00
   outer loop
     vertex -3.000000e-01 -8.430000e+01 -3.500000e+00
     vertex -7.330552e-01 -8.450336e+01 -3.500000e+00
     vertex -7.864862e-01 -8.444216e+01 -3.500000e+00
   endloop
 endfacet
 facet normal  0.000000e+00  0.000000e+00 -1.000000e+00
   outer loop
     vertex -3.000000e-01 -8.430000e+01 -3.500000e+00
     vertex -6.779865e-01 -8.456310e+01 -3.500000e+00
     vertex -7.330552e-01 -8.450336e+01 -3.500000e+00
   endloop
 endfacet
 facet normal  0.000000e+00  0.000000e+00 -1.000000e+00
   outer loop
     vertex -3.000000e-01 -8.430000e+01 -3.500000e+00
     vertex -6.213203e-01 -8.462132e+01 -3.500000e+00
     vertex -6.779865e-01 -8.456310e+01 -3.500000e+00
   endloop
 endfacet
 facet normal  0.000000e+00  0.000000e+00 -1.000000e+00
   outer loop
     vertex -3.000000e-01 -8.430000e+01 -3.500000e+00
     vertex -5.630984e-01 -8.467799e+01 -3.500000e+00
     vertex -6.213203e-01 -8.462132e+01 -3.500000e+00
   endloop
 endfacet
 facet normal  0.000000e+00  0.000000e+00 -1.000000e+00
   outer loop
     vertex -3.000000e-01 -8.430000e+01 -3.500000e+00
     vertex -5.033633e-01 -8.473306e+01 -3.500000e+00
     vertex -5.630984e-01 -8.467799e+01 -3.500000e+00
   endloop
 endfacet
 facet normal  0.000000e+00  0.000000e+00 -1.000000e+00
   outer loop
     vertex -3.000000e-01 -8.430000e+01 -3.500000e+00
     vertex -4.421589e-01 -8.478649e+01 -3.500000e+00
     vertex -5.033633e-01 -8.473306e+01 -3.500000e+00
   endloop
 endfacet
 facet normal  0.000000e+00  0.000000e+00 -1.000000e+00
   outer loop
     vertex -3.000000e-01 -8.430000e+01 -3.500000e+00
     vertex -3.795300e-01 -8.483824e+01 -3.500000e+00
     vertex -4.421589e-01 -8.478649e+01 -3.500000e+00
   endloop
 endfacet
 facet normal  0.000000e+00  0.000000e+00 -1.000000e+00
   outer loop
     vertex -3.000000e-01 -8.430000e+01 -3.500000e+00
     vertex -3.155226e-01 -8.488828e+01 -3.500000e+00
     vertex -3.795300e-01 -8.483824e+01 -3.500000e+00
   endloop
 endfacet
 facet normal  0.000000e+00 -0.000000e+00 -1.000000e+00
   outer loop
     vertex -3.000000e-01 -8.430000e+01 -3.500000e+00
     vertex -2.501837e-01 -8.493657e+01 -3.500000e+00
     vertex -3.155226e-01 -8.488828e+01 -3.500000e+00
   endloop
 endfacet
 facet normal  0.000000e+00  0.000000e+00 -1.000000e+00
   outer loop
     vertex -3.000000e-01 -8.430000e+01 -3.500000e+00
     vertex -1.835612e-01 -8.498307e+01 -3.500000e+00
     vertex -2.501837e-01 -8.493657e+01 -3.500000e+00
   endloop
 endfacet
 facet normal  0.000000e+00  0.000000e+00 -1.000000e+00
   outer loop
     vertex -3.000000e-01 -8.430000e+01 -3.500000e+00
     vertex -1.157039e-01 -8.502775e+01 -3.500000e+00
     vertex -1.835612e-01 -8.498307e+01 -3.500000e+00
   endloop
 endfacet
 facet normal  0.000000e+00  0.000000e+00 -1.000000e+00
   outer loop
     vertex -3.000000e-01 -8.430000e+01 -3.500000e+00
     vertex -4.666157e-02 -8.507057e+01 -3.500000e+00
     vertex -1.157039e-01 -8.502775e+01 -3.500000e+00
   endloop
 endfacet
 facet normal  0.000000e+00  0.000000e+00 -1.000000e+00
   outer loop
     vertex -3.000000e-01 -8.430000e+01 -3.500000e+00
     vertex  2.351511e-02 -8.511151e+01 -3.500000e+00
     vertex -4.666157e-02 -8.507057e+01 -3.500000e+00
   endloop
 endfacet
 facet normal  0.000000e+00  0.000000e+00 -1.000000e+00
   outer loop
     vertex -3.000000e-01 -8.430000e+01 -3.500000e+00
     vertex  9.477468e-02 -8.515054e+01 -3.500000e+00
     vertex  2.351511e-02 -8.511151e+01 -3.500000e+00
   endloop
 endfacet
 facet normal  0.000000e+00  0.000000e+00 -1.000000e+00
   outer loop
     vertex -3.000000e-01 -8.430000e+01 -3.500000e+00
     vertex  1.670649e-01 -8.518762e+01 -3.500000e+00
     vertex  9.477468e-02 -8.515054e+01 -3.500000e+00
   endloop
 endfacet
 facet normal  0.000000e+00  0.000000e+00 -1.000000e+00
   outer loop
     vertex -3.000000e-01 -8.430000e+01 -3.500000e+00
     vertex  2.403327e-01 -8.522273e+01 -3.500000e+00
     vertex  1.670649e-01 -8.518762e+01 -3.500000e+00
   endloop
 endfacet
 facet normal  0.000000e+00  0.000000e+00 -1.000000e+00
   outer loop
     vertex -3.000000e-01 -8.430000e+01 -3.500000e+00
     vertex  3.145244e-01 -8.525584e+01 -3.500000e+00
     vertex  2.403327e-01 -8.522273e+01 -3.500000e+00
   endloop
 endfacet
 facet normal  0.000000e+00  0.000000e+00 -1.000000e+00
   outer loop
     vertex -3.000000e-01 -8.430000e+01 -3.500000e+00
     vertex  3.895855e-01 -8.528693e+01 -3.500000e+00
     vertex  3.145244e-01 -8.525584e+01 -3.500000e+00
   endloop
 endfacet
 facet normal  0.000000e+00  0.000000e+00 -1.000000e+00
   outer loop
     vertex -3.000000e-01 -8.430000e+01 -3.500000e+00
     vertex  4.654611e-01 -8.531598e+01 -3.500000e+00
     vertex  3.895855e-01 -8.528693e+01 -3.500000e+00
   endloop
 endfacet
 facet normal  0.000000e+00  0.000000e+00 -1.000000e+00
   outer loop
     vertex -3.000000e-01 -8.430000e+01 -3.500000e+00
     vertex  5.420954e-01 -8.534296e+01 -3.500000e+00
     vertex  4.654611e-01 -8.531598e+01 -3.500000e+00
   endloop
 endfacet
 facet normal  0.000000e+00  0.000000e+00 -1.000000e+00
   outer loop
     vertex -3.000000e-01 -8.430000e+01 -3.500000e+00
     vertex  6.194323e-01 -8.536786e+01 -3.500000e+00
     vertex  5.420954e-01 -8.534296e+01 -3.500000e+00
   endloop
 endfacet
 facet normal  0.000000e+00  0.000000e+00 -1.000000e+00
   outer loop
     vertex -3.000000e-01 -8.430000e+01 -3.500000e+00
     vertex  6.974150e-01 -8.539065e+01 -3.500000e+00
     vertex  6.194323e-01 -8.536786e+01 -3.500000e+00
   endloop
 endfacet
 facet normal  0.000000e+00  0.000000e+00 -1.000000e+00
   outer loop
     vertex -3.000000e-01 -8.430000e+01 -3.500000e+00
     vertex  7.759863e-01 -8.541132e+01 -3.500000e+00
     vertex  6.974150e-01 -8.539065e+01 -3.500000e+00
   endloop
 endfacet
 facet normal  0.000000e+00  0.000000e+00 -1.000000e+00
   outer loop
     vertex -1.429862e+00 -8.314491e+01 -3.500000e+00
     vertex -3.000000e-01 -8.430000e+01 -3.500000e+00
     vertex -1.411323e+00 -8.322401e+01 -3.500000e+00
   endloop
 endfacet
 facet normal  0.000000e+00  0.000000e+00 -1.000000e+00
   outer loop
     vertex  8.550887e-01 -8.542986e+01 -3.500000e+00
     vertex  7.759863e-01 -8.541132e+01 -3.500000e+00
     vertex -3.000000e-01 -8.430000e+01 -3.500000e+00
   endloop
 endfacet
 facet normal  0.000000e+00  0.000000e+00 -1.000000e+00
   outer loop
     vertex -1.446251e+00 -8.306534e+01 -3.500000e+00
     vertex -3.000000e-01 -8.430000e+01 -3.500000e+00
     vertex -1.429862e+00 -8.314491e+01 -3.500000e+00
   endloop
 endfacet
 facet normal  0.000000e+00  0.000000e+00 -1.000000e+00
   outer loop
     vertex  9.346640e-01 -8.544625e+01 -3.500000e+00
     vertex  8.550887e-01 -8.542986e+01 -3.500000e+00
     vertex -3.000000e-01 -8.430000e+01 -3.500000e+00
   endloop
 endfacet
 facet normal  0.000000e+00  0.000000e+00 -1.000000e+00
   outer loop
     vertex -1.460480e+00 -8.298535e+01 -3.500000e+00
     vertex -3.000000e-01 -8.430000e+01 -3.500000e+00
     vertex -1.446251e+00 -8.306534e+01 -3.500000e+00
   endloop
 endfacet
 facet normal  0.000000e+00  0.000000e+00 -1.000000e+00
   outer loop
     vertex  1.014654e+00 -8.546048e+01 -3.500000e+00
     vertex  9.346640e-01 -8.544625e+01 -3.500000e+00
     vertex -3.000000e-01 -8.430000e+01 -3.500000e+00
   endloop
 endfacet
 facet normal  0.000000e+00  0.000000e+00 -1.000000e+00
   outer loop
     vertex -1.472537e+00 -8.290500e+01 -3.500000e+00
     vertex -3.000000e-01 -8.430000e+01 -3.500000e+00
     vertex -1.460480e+00 -8.298535e+01 -3.500000e+00
   endloop
 endfacet
 facet normal  0.000000e+00  0.000000e+00 -1.000000e+00
   outer loop
     vertex  1.095000e+00 -8.547254e+01 -3.500000e+00
     vertex  1.014654e+00 -8.546048e+01 -3.500000e+00
     vertex -3.000000e-01 -8.430000e+01 -3.500000e+00
   endloop
 endfacet
 facet normal  0.000000e+00  0.000000e+00 -1.000000e+00
   outer loop
     vertex -1.482414e+00 -8.282436e+01 -3.500000e+00
     vertex -3.000000e-01 -8.430000e+01 -3.500000e+00
     vertex -1.472537e+00 -8.290500e+01 -3.500000e+00
   endloop
 endfacet
 facet normal  0.000000e+00  0.000000e+00 -1.000000e+00
   outer loop
     vertex  1.175643e+00 -8.548241e+01 -3.500000e+00
     vertex  1.095000e+00 -8.547254e+01 -3.500000e+00
     vertex -3.000000e-01 -8.430000e+01 -3.500000e+00
   endloop
 endfacet
 facet normal  0.000000e+00  0.000000e+00 -1.000000e+00
   outer loop
     vertex -1.490104e+00 -8.274348e+01 -3.500000e+00
     vertex -3.000000e-01 -8.430000e+01 -3.500000e+00
     vertex -1.482414e+00 -8.282436e+01 -3.500000e+00
   endloop
 endfacet
 facet normal  0.000000e+00  0.000000e+00 -1.000000e+00
   outer loop
     vertex  1.256524e+00 -8.549010e+01 -3.500000e+00
     vertex  1.175643e+00 -8.548241e+01 -3.500000e+00
     vertex -3.000000e-01 -8.430000e+01 -3.500000e+00
   endloop
 endfacet
 facet normal  0.000000e+00  0.000000e+00 -1.000000e+00
   outer loop
     vertex -1.495600e+00 -8.266242e+01 -3.500000e+00
     vertex -3.000000e-01 -8.430000e+01 -3.500000e+00
     vertex -1.490104e+00 -8.274348e+01 -3.500000e+00
   endloop
 endfacet
 facet normal  0.000000e+00  0.000000e+00 -1.000000e+00
   outer loop
     vertex  1.337583e+00 -8.549560e+01 -3.500000e+00
     vertex  1.256524e+00 -8.549010e+01 -3.500000e+00
     vertex -3.000000e-01 -8.430000e+01 -3.500000e+00
   endloop
 endfacet
 facet normal  0.000000e+00  0.000000e+00 -1.000000e+00
   outer loop
     vertex -1.498900e+00 -8.258124e+01 -3.500000e+00
     vertex -3.000000e-01 -8.430000e+01 -3.500000e+00
     vertex -1.495600e+00 -8.266242e+01 -3.500000e+00
   endloop
 endfacet
 facet normal  0.000000e+00  0.000000e+00 -1.000000e+00
   outer loop
     vertex  1.418762e+00 -8.549890e+01 -3.500000e+00
     vertex  1.337583e+00 -8.549560e+01 -3.500000e+00
     vertex -3.000000e-01 -8.430000e+01 -3.500000e+00
   endloop
 endfacet
 facet normal  0.000000e+00  0.000000e+00 -1.000000e+00
   outer loop
     vertex -1.500000e+00 -8.250000e+01 -3.500000e+00
     vertex -3.000000e-01 -8.430000e+01 -3.500000e+00
     vertex -1.498900e+00 -8.258124e+01 -3.500000e+00
   endloop
 endfacet
 facet normal  0.000000e+00  0.000000e+00 -1.000000e+00
   outer loop
     vertex  1.500000e+00 -8.550000e+01 -3.500000e+00
     vertex  1.418762e+00 -8.549890e+01 -3.500000e+00
     vertex -3.000000e-01 -8.430000e+01 -3.500000e+00
   endloop
 endfacet
 facet normal  0.000000e+00 -0.000000e+00 -1.000000e+00
   outer loop
     vertex  4.150000e+01 -8.490000e+01 -3.500000e+00
     vertex  4.150000e+01 -8.550000e+01 -3.500000e+00
     vertex  1.500000e+00 -8.550000e+01 -3.500000e+00
   endloop
 endfacet
 facet normal  0.000000e+00  0.000000e+00 -1.000000e+00
   outer loop
     vertex -1.495600e+00  4.662417e+00 -3.500000e+00
     vertex -1.500000e+00  4.500000e+00 -3.500000e+00
     vertex -1.498900e+00  4.581238e+00 -3.500000e+00
   endloop
 endfacet
 facet normal  0.000000e+00  0.000000e+00 -1.000000e+00
   outer loop
     vertex -1.490104e+00  4.743476e+00 -3.500000e+00
     vertex -1.500000e+00  4.500000e+00 -3.500000e+00
     vertex -1.495600e+00  4.662417e+00 -3.500000e+00
   endloop
 endfacet
 facet normal  0.000000e+00  0.000000e+00 -1.000000e+00
   outer loop
     vertex -1.472537e+00  4.905000e+00 -3.500000e+00
     vertex -1.490104e+00  4.743476e+00 -3.500000e+00
     vertex -1.482414e+00  4.824357e+00 -3.500000e+00
   endloop
 endfacet
 facet normal  0.000000e+00  0.000000e+00 -1.000000e+00
   outer loop
     vertex -1.429862e+00  5.144911e+00 -3.500000e+00
     vertex -1.500000e+00  4.500000e+00 -3.500000e+00
     vertex -1.490104e+00  4.743476e+00 -3.500000e+00
   endloop
 endfacet
 facet normal  0.000000e+00  0.000000e+00 -1.000000e+00
   outer loop
     vertex -1.429862e+00  5.144911e+00 -3.500000e+00
     vertex -1.472537e+00  4.905000e+00 -3.500000e+00
     vertex -1.460480e+00  4.985346e+00 -3.500000e+00
   endloop
 endfacet
 facet normal  0.000000e+00  0.000000e+00 -1.000000e+00
   outer loop
     vertex -1.429862e+00  5.144911e+00 -3.500000e+00
     vertex -1.460480e+00  4.985346e+00 -3.500000e+00
     vertex -1.446251e+00  5.065336e+00 -3.500000e+00
   endloop
 endfacet
 facet normal  0.000000e+00  0.000000e+00 -1.000000e+00
   outer loop
     vertex -1.429862e+00  5.144911e+00 -3.500000e+00
     vertex -1.490104e+00  4.743476e+00 -3.500000e+00
     vertex -1.472537e+00  4.905000e+00 -3.500000e+00
   endloop
 endfacet
 facet normal  0.000000e+00  0.000000e+00 -1.000000e+00
   outer loop
     vertex -1.411323e+00  5.224014e+00 -3.500000e+00
     vertex -1.500000e+00  4.500000e+00 -3.500000e+00
     vertex -1.429862e+00  5.144911e+00 -3.500000e+00
   endloop
 endfacet
 facet normal  0.000000e+00  0.000000e+00 -1.000000e+00
   outer loop
     vertex  8.950000e+01 -8.550000e+01 -3.500000e+00
     vertex  4.950000e+01 -8.550000e+01 -3.500000e+00
     vertex  4.950000e+01 -8.490000e+01 -3.500000e+00
   endloop
 endfacet
 facet normal  0.000000e+00  0.000000e+00 -1.000000e+00
   outer loop
     vertex -1.367856e+00  5.380568e+00 -3.500000e+00
     vertex -1.411323e+00  5.224014e+00 -3.500000e+00
     vertex -1.390650e+00  5.302585e+00 -3.500000e+00
   endloop
 endfacet
 facet normal  0.000000e+00  0.000000e+00 -1.000000e+00
   outer loop
     vertex -1.367856e+00  5.380568e+00 -3.500000e+00
     vertex -1.500000e+00  4.500000e+00 -3.500000e+00
     vertex -1.411323e+00  5.224014e+00 -3.500000e+00
   endloop
 endfacet
 facet normal  0.000000e+00  0.000000e+00 -1.000000e+00
   outer loop
     vertex -1.286930e+00  5.610414e+00 -3.500000e+00
     vertex -1.342960e+00  5.457905e+00 -3.500000e+00
     vertex -1.315977e+00  5.534539e+00 -3.500000e+00
   endloop
 endfacet
 facet normal  0.000000e+00  0.000000e+00 -1.000000e+00
   outer loop
     vertex -1.187617e+00  5.832935e+00 -3.500000e+00
     vertex -1.367856e+00  5.380568e+00 -3.500000e+00
     vertex -1.342960e+00  5.457905e+00 -3.500000e+00
   endloop
 endfacet
 facet normal  0.000000e+00  0.000000e+00 -1.000000e+00
   outer loop
     vertex -1.187617e+00  5.832935e+00 -3.500000e+00
     vertex -1.286930e+00  5.610414e+00 -3.500000e+00
     vertex -1.255839e+00  5.685476e+00 -3.500000e+00
   endloop
 endfacet
 facet normal  0.000000e+00  0.000000e+00 -1.000000e+00
   outer loop
     vertex -1.187617e+00  5.832935e+00 -3.500000e+00
     vertex -1.255839e+00  5.685476e+00 -3.500000e+00
     vertex -1.222726e+00  5.759667e+00 -3.500000e+00
   endloop
 endfacet
 facet normal  0.000000e+00  0.000000e+00 -1.000000e+00
   outer loop
     vertex -1.187617e+00  5.832935e+00 -3.500000e+00
     vertex -1.342960e+00  5.457905e+00 -3.500000e+00
     vertex -1.286930e+00  5.610414e+00 -3.500000e+00
   endloop
 endfacet
 facet normal  0.000000e+00  0.000000e+00 -1.000000e+00
   outer loop
     vertex -1.150536e+00  5.905225e+00 -3.500000e+00
     vertex -1.367856e+00  5.380568e+00 -3.500000e+00
     vertex -1.187617e+00  5.832935e+00 -3.500000e+00
   endloop
 endfacet
 facet normal  0.000000e+00  0.000000e+00 -1.000000e+00
   outer loop
     vertex -1.111512e+00  5.976485e+00 -3.500000e+00
     vertex -1.500000e+00  4.500000e+00 -3.500000e+00
     vertex -1.367856e+00  5.380568e+00 -3.500000e+00
   endloop
 endfacet
 facet normal  0.000000e+00  0.000000e+00 -1.000000e+00
   outer loop
     vertex -1.111512e+00  5.976485e+00 -3.500000e+00
     vertex -1.367856e+00  5.380568e+00 -3.500000e+00
     vertex -1.150536e+00  5.905225e+00 -3.500000e+00
   endloop
 endfacet
 facet normal  0.000000e+00  0.000000e+00 -1.000000e+00
   outer loop
     vertex -1.027746e+00  6.115704e+00 -3.500000e+00
     vertex -1.111512e+00  5.976485e+00 -3.500000e+00
     vertex -1.070572e+00  6.046662e+00 -3.500000e+00
   endloop
 endfacet
 facet normal  0.000000e+00  0.000000e+00 -1.000000e+00
   outer loop
     vertex -1.027746e+00  6.115704e+00 -3.500000e+00
     vertex -1.500000e+00  4.500000e+00 -3.500000e+00
     vertex -1.111512e+00  5.976485e+00 -3.500000e+00
   endloop
 endfacet
 facet normal  0.000000e+00  0.000000e+00 -1.000000e+00
   outer loop
     vertex -9.365666e-01  6.250184e+00 -3.500000e+00
     vertex -1.027746e+00  6.115704e+00 -3.500000e+00
     vertex -9.830670e-01  6.183561e+00 -3.500000e+00
   endloop
 endfacet
 facet normal  0.000000e+00  0.000000e+00 -1.000000e+00
   outer loop
     vertex -8.882792e-01  6.315523e+00 -3.500000e+00
     vertex -1.027746e+00  6.115704e+00 -3.500000e+00
     vertex -9.365666e-01  6.250184e+00 -3.500000e+00
   endloop
 endfacet
 facet normal  0.000000e+00  0.000000e+00 -1.000000e+00
   outer loop
     vertex -8.382401e-01  6.379530e+00 -3.500000e+00
     vertex -1.027746e+00  6.115704e+00 -3.500000e+00
     vertex -8.882792e-01  6.315523e+00 -3.500000e+00
   endloop
 endfacet
 facet normal  0.000000e+00  0.000000e+00 -1.000000e+00
   outer loop
     vertex -7.864862e-01  6.442159e+00 -3.500000e+00
     vertex -1.500000e+00  4.500000e+00 -3.500000e+00
     vertex -1.027746e+00  6.115704e+00 -3.500000e+00
   endloop
 endfacet
 facet normal  0.000000e+00  0.000000e+00 -1.000000e+00
   outer loop
     vertex -7.864862e-01  6.442159e+00 -3.500000e+00
     vertex -1.027746e+00  6.115704e+00 -3.500000e+00
     vertex -8.382401e-01  6.379530e+00 -3.500000e+00
   endloop
 endfacet
 facet normal  0.000000e+00  0.000000e+00 -1.000000e+00
   outer loop
     vertex -6.779865e-01  6.563098e+00 -3.500000e+00
     vertex -7.864862e-01  6.442159e+00 -3.500000e+00
     vertex -7.330552e-01  6.503363e+00 -3.500000e+00
   endloop
 endfacet
 facet normal  0.000000e+00  0.000000e+00 -1.000000e+00
   outer loop
     vertex -5.630984e-01  6.677986e+00 -3.500000e+00
     vertex -6.779865e-01  6.563098e+00 -3.500000e+00
     vertex -6.213203e-01  6.621320e+00 -3.500000e+00
   endloop
 endfacet
 facet normal  0.000000e+00  0.000000e+00 -1.000000e+00
   outer loop
     vertex -5.033633e-01  6.733055e+00 -3.500000e+00
     vertex -6.779865e-01  6.563098e+00 -3.500000e+00
     vertex -5.630984e-01  6.677986e+00 -3.500000e+00
   endloop
 endfacet
 facet normal  0.000000e+00  0.000000e+00 -1.000000e+00
   outer loop
     vertex -4.421589e-01  6.786486e+00 -3.500000e+00
     vertex -7.864862e-01  6.442159e+00 -3.500000e+00
     vertex -6.779865e-01  6.563098e+00 -3.500000e+00
   endloop
 endfacet
 facet normal  0.000000e+00  0.000000e+00 -1.000000e+00
   outer loop
     vertex -4.421589e-01  6.786486e+00 -3.500000e+00
     vertex -6.779865e-01  6.563098e+00 -3.500000e+00
     vertex -5.033633e-01  6.733055e+00 -3.500000e+00
   endloop
 endfacet
 facet normal  0.000000e+00  0.000000e+00 -1.000000e+00
   outer loop
     vertex -1.157039e-01  7.027746e+00 -3.500000e+00
     vertex -3.795300e-01  6.838240e+00 -3.500000e+00
     vertex -3.155226e-01  6.888279e+00 -3.500000e+00
   endloop
 endfacet
 facet normal  0.000000e+00  0.000000e+00 -1.000000e+00
   outer loop
     vertex -1.157039e-01  7.027746e+00 -3.500000e+00
     vertex -3.155226e-01  6.888279e+00 -3.500000e+00
     vertex -2.501837e-01  6.936567e+00 -3.500000e+00
   endloop
 endfacet
 facet normal  0.000000e+00  0.000000e+00 -1.000000e+00
   outer loop
     vertex -1.157039e-01  7.027746e+00 -3.500000e+00
     vertex -2.501837e-01  6.936567e+00 -3.500000e+00
     vertex -1.835612e-01  6.983067e+00 -3.500000e+00
   endloop
 endfacet
 facet normal  0.000000e+00  0.000000e+00 -1.000000e+00
   outer loop
     vertex  9.130000e+01 -8.430000e+01 -3.500000e+00
     vertex  9.162132e+01 -8.462132e+01 -3.500000e+00
     vertex  9.156310e+01 -8.467799e+01 -3.500000e+00
   endloop
 endfacet
 facet normal  0.000000e+00  0.000000e+00 -1.000000e+00
   outer loop
     vertex  9.130000e+01 -8.430000e+01 -3.500000e+00
     vertex  9.156310e+01 -8.467799e+01 -3.500000e+00
     vertex  9.150336e+01 -8.473306e+01 -3.500000e+00
   endloop
 endfacet
 facet normal  0.000000e+00  0.000000e+00 -1.000000e+00
   outer loop
     vertex  9.130000e+01 -8.430000e+01 -3.500000e+00
     vertex  9.150336e+01 -8.473306e+01 -3.500000e+00
     vertex  9.144216e+01 -8.478649e+01 -3.500000e+00
   endloop
 endfacet
 facet normal  0.000000e+00  0.000000e+00 -1.000000e+00
   outer loop
     vertex  9.130000e+01 -8.430000e+01 -3.500000e+00
     vertex  9.144216e+01 -8.478649e+01 -3.500000e+00
     vertex  9.137953e+01 -8.483824e+01 -3.500000e+00
   endloop
 endfacet
 facet normal  0.000000e+00  0.000000e+00 -1.000000e+00
   outer loop
     vertex  9.130000e+01 -8.430000e+01 -3.500000e+00
     vertex  9.137953e+01 -8.483824e+01 -3.500000e+00
     vertex  9.131552e+01 -8.488828e+01 -3.500000e+00
   endloop
 endfacet
 facet normal  0.000000e+00 -0.000000e+00 -1.000000e+00
   outer loop
     vertex  9.130000e+01 -8.430000e+01 -3.500000e+00
     vertex  9.131552e+01 -8.488828e+01 -3.500000e+00
     vertex  9.125018e+01 -8.493657e+01 -3.500000e+00
   endloop
 endfacet
 facet normal  0.000000e+00  0.000000e+00 -1.000000e+00
   outer loop
     vertex  9.130000e+01 -8.430000e+01 -3.500000e+00
     vertex  9.125018e+01 -8.493657e+01 -3.500000e+00
     vertex  9.118356e+01 -8.498307e+01 -3.500000e+00
   endloop
 endfacet
 facet normal  0.000000e+00  0.000000e+00 -1.000000e+00
   outer loop
     vertex  9.130000e+01 -8.430000e+01 -3.500000e+00
     vertex  9.118356e+01 -8.498307e+01 -3.500000e+00
     vertex  9.111570e+01 -8.502775e+01 -3.500000e+00
   endloop
 endfacet
 facet normal  0.000000e+00  0.000000e+00 -1.000000e+00
   outer loop
     vertex  9.130000e+01 -8.430000e+01 -3.500000e+00
     vertex  9.111570e+01 -8.502775e+01 -3.500000e+00
     vertex  9.104666e+01 -8.507057e+01 -3.500000e+00
   endloop
 endfacet
 facet normal  0.000000e+00  0.000000e+00 -1.000000e+00
   outer loop
     vertex  9.130000e+01 -8.430000e+01 -3.500000e+00
     vertex  9.104666e+01 -8.507057e+01 -3.500000e+00
     vertex  9.097648e+01 -8.511151e+01 -3.500000e+00
   endloop
 endfacet
 facet normal  0.000000e+00  0.000000e+00 -1.000000e+00
   outer loop
     vertex  9.130000e+01 -8.430000e+01 -3.500000e+00
     vertex  9.097648e+01 -8.511151e+01 -3.500000e+00
     vertex  9.090523e+01 -8.515054e+01 -3.500000e+00
   endloop
 endfacet
 facet normal  0.000000e+00  0.000000e+00 -1.000000e+00
   outer loop
     vertex  9.130000e+01 -8.430000e+01 -3.500000e+00
     vertex  9.090523e+01 -8.515054e+01 -3.500000e+00
     vertex  9.083294e+01 -8.518762e+01 -3.500000e+00
   endloop
 endfacet
 facet normal  0.000000e+00  0.000000e+00 -1.000000e+00
   outer loop
     vertex  9.130000e+01 -8.430000e+01 -3.500000e+00
     vertex  9.083294e+01 -8.518762e+01 -3.500000e+00
     vertex  9.075967e+01 -8.522273e+01 -3.500000e+00
   endloop
 endfacet
 facet normal  0.000000e+00  0.000000e+00 -1.000000e+00
   outer loop
     vertex  9.130000e+01 -8.430000e+01 -3.500000e+00
     vertex  9.075967e+01 -8.522273e+01 -3.500000e+00
     vertex  9.068548e+01 -8.525584e+01 -3.500000e+00
   endloop
 endfacet
 facet normal  0.000000e+00  0.000000e+00 -1.000000e+00
   outer loop
     vertex  9.130000e+01 -8.430000e+01 -3.500000e+00
     vertex  9.068548e+01 -8.525584e+01 -3.500000e+00
     vertex  9.061041e+01 -8.528693e+01 -3.500000e+00
   endloop
 endfacet
 facet normal  0.000000e+00  0.000000e+00 -1.000000e+00
   outer loop
     vertex  9.130000e+01 -8.430000e+01 -3.500000e+00
     vertex  9.061041e+01 -8.528693e+01 -3.500000e+00
     vertex  9.053454e+01 -8.531598e+01 -3.500000e+00
   endloop
 endfacet
 facet normal  0.000000e+00  0.000000e+00 -1.000000e+00
   outer loop
     vertex  9.130000e+01 -8.430000e+01 -3.500000e+00
     vertex  9.053454e+01 -8.531598e+01 -3.500000e+00
     vertex  9.045790e+01 -8.534296e+01 -3.500000e+00
   endloop
 endfacet
 facet normal  0.000000e+00  0.000000e+00 -1.000000e+00
   outer loop
     vertex  9.130000e+01 -8.430000e+01 -3.500000e+00
     vertex  9.045790e+01 -8.534296e+01 -3.500000e+00
     vertex  9.038057e+01 -8.536786e+01 -3.500000e+00
   endloop
 endfacet
 facet normal  0.000000e+00  0.000000e+00 -1.000000e+00
   outer loop
     vertex  9.130000e+01 -8.430000e+01 -3.500000e+00
     vertex  9.038057e+01 -8.536786e+01 -3.500000e+00
     vertex  9.030259e+01 -8.539065e+01 -3.500000e+00
   endloop
 endfacet
 facet normal  0.000000e+00  0.000000e+00 -1.000000e+00
   outer loop
     vertex  9.130000e+01 -8.430000e+01 -3.500000e+00
     vertex  9.030259e+01 -8.539065e+01 -3.500000e+00
     vertex  9.022401e+01 -8.541132e+01 -3.500000e+00
   endloop
 endfacet
 facet normal  0.000000e+00  0.000000e+00 -1.000000e+00
   outer loop
     vertex  9.130000e+01 -8.430000e+01 -3.500000e+00
     vertex  9.022401e+01 -8.541132e+01 -3.500000e+00
     vertex  9.014491e+01 -8.542986e+01 -3.500000e+00
   endloop
 endfacet
 facet normal  0.000000e+00  0.000000e+00 -1.000000e+00
   outer loop
     vertex  9.130000e+01 -8.430000e+01 -3.500000e+00
     vertex  9.014491e+01 -8.542986e+01 -3.500000e+00
     vertex  9.006534e+01 -8.544625e+01 -3.500000e+00
   endloop
 endfacet
 facet normal  0.000000e+00  0.000000e+00 -1.000000e+00
   outer loop
     vertex  9.130000e+01 -8.430000e+01 -3.500000e+00
     vertex  9.006534e+01 -8.544625e+01 -3.500000e+00
     vertex  8.998535e+01 -8.546048e+01 -3.500000e+00
   endloop
 endfacet
 facet normal  0.000000e+00  0.000000e+00 -1.000000e+00
   outer loop
     vertex  9.130000e+01 -8.430000e+01 -3.500000e+00
     vertex  8.998535e+01 -8.546048e+01 -3.500000e+00
     vertex  8.990500e+01 -8.547254e+01 -3.500000e+00
   endloop
 endfacet
 facet normal  0.000000e+00  0.000000e+00 -1.000000e+00
   outer loop
     vertex  9.130000e+01 -8.430000e+01 -3.500000e+00
     vertex  8.990500e+01 -8.547254e+01 -3.500000e+00
     vertex  8.982436e+01 -8.548241e+01 -3.500000e+00
   endloop
 endfacet
 facet normal  0.000000e+00  0.000000e+00 -1.000000e+00
   outer loop
     vertex  9.130000e+01 -8.430000e+01 -3.500000e+00
     vertex  8.982436e+01 -8.548241e+01 -3.500000e+00
     vertex  8.974348e+01 -8.549010e+01 -3.500000e+00
   endloop
 endfacet
 facet normal  0.000000e+00  0.000000e+00 -1.000000e+00
   outer loop
     vertex  9.130000e+01 -8.430000e+01 -3.500000e+00
     vertex  8.974348e+01 -8.549010e+01 -3.500000e+00
     vertex  8.966242e+01 -8.549560e+01 -3.500000e+00
   endloop
 endfacet
 facet normal  0.000000e+00  0.000000e+00 -1.000000e+00
   outer loop
     vertex  9.130000e+01 -8.430000e+01 -3.500000e+00
     vertex  8.966242e+01 -8.549560e+01 -3.500000e+00
     vertex  8.958124e+01 -8.549890e+01 -3.500000e+00
   endloop
 endfacet
 facet normal  0.000000e+00  0.000000e+00 -1.000000e+00
   outer loop
     vertex  9.130000e+01 -8.430000e+01 -3.500000e+00
     vertex  8.958124e+01 -8.549890e+01 -3.500000e+00
     vertex  8.950000e+01 -8.550000e+01 -3.500000e+00
   endloop
 endfacet
 facet normal  0.000000e+00  0.000000e+00 -1.000000e+00
   outer loop
     vertex -4.666157e-02  7.070572e+00 -3.500000e+00
     vertex -3.795300e-01  6.838240e+00 -3.500000e+00
     vertex -1.157039e-01  7.027746e+00 -3.500000e+00
   endloop
 endfacet
 facet normal -0.000000e+00  0.000000e+00 -1.000000e+00
   outer loop
     vertex  9.167799e+01 -8.456310e+01 -3.500000e+00
     vertex  9.162132e+01 -8.462132e+01 -3.500000e+00
     vertex  9.130000e+01 -8.430000e+01 -3.500000e+00
   endloop
 endfacet
 facet normal -0.000000e+00  0.000000e+00 -1.000000e+00
   outer loop
     vertex  9.173306e+01 -8.450336e+01 -3.500000e+00
     vertex  9.167799e+01 -8.456310e+01 -3.500000e+00
     vertex  9.130000e+01 -8.430000e+01 -3.500000e+00
   endloop
 endfacet
 facet normal  0.000000e+00  0.000000e+00 -1.000000e+00
   outer loop
     vertex  9.477468e-02  7.150536e+00 -3.500000e+00
     vertex -3.795300e-01  6.838240e+00 -3.500000e+00
     vertex -4.666157e-02  7.070572e+00 -3.500000e+00
   endloop
 endfacet
 facet normal  0.000000e+00  0.000000e+00 -1.000000e+00
   outer loop
     vertex  9.477468e-02  7.150536e+00 -3.500000e+00
     vertex -4.666157e-02  7.070572e+00 -3.500000e+00
     vertex  2.351511e-02  7.111512e+00 -3.500000e+00
   endloop
 endfacet
 facet normal -0.000000e+00  0.000000e+00 -1.000000e+00
   outer loop
     vertex  9.178649e+01 -8.444216e+01 -3.500000e+00
     vertex  9.173306e+01 -8.450336e+01 -3.500000e+00
     vertex  9.130000e+01 -8.430000e+01 -3.500000e+00
   endloop
 endfacet
 facet normal  0.000000e+00  0.000000e+00 -1.000000e+00
   outer loop
     vertex  1.670649e-01  7.187617e+00 -3.500000e+00
     vertex -3.795300e-01  6.838240e+00 -3.500000e+00
     vertex  9.477468e-02  7.150536e+00 -3.500000e+00
   endloop
 endfacet
 facet normal -0.000000e+00  0.000000e+00 -1.000000e+00
   outer loop
     vertex  9.183824e+01 -8.437953e+01 -3.500000e+00
     vertex  9.178649e+01 -8.444216e+01 -3.500000e+00
     vertex  9.130000e+01 -8.430000e+01 -3.500000e+00
   endloop
 endfacet
 facet normal  0.000000e+00  0.000000e+00 -1.000000e+00
   outer loop
     vertex  3.145244e-01  7.255839e+00 -3.500000e+00
     vertex -7.864862e-01  6.442159e+00 -3.500000e+00
     vertex -4.421589e-01  6.786486e+00 -3.500000e+00
   endloop
 endfacet
 facet normal  0.000000e+00  0.000000e+00 -1.000000e+00
   outer loop
     vertex  3.145244e-01  7.255839e+00 -3.500000e+00
     vertex -4.421589e-01  6.786486e+00 -3.500000e+00
     vertex -3.795300e-01  6.838240e+00 -3.500000e+00
   endloop
 endfacet
 facet normal  0.000000e+00  0.000000e+00 -1.000000e+00
   outer loop
     vertex  3.145244e-01  7.255839e+00 -3.500000e+00
     vertex -3.795300e-01  6.838240e+00 -3.500000e+00
     vertex  1.670649e-01  7.187617e+00 -3.500000e+00
   endloop
 endfacet
 facet normal  0.000000e+00  0.000000e+00 -1.000000e+00
   outer loop
     vertex  3.145244e-01  7.255839e+00 -3.500000e+00
     vertex  1.670649e-01  7.187617e+00 -3.500000e+00
     vertex  2.403327e-01  7.222726e+00 -3.500000e+00
   endloop
 endfacet
 facet normal -0.000000e+00  0.000000e+00 -1.000000e+00
   outer loop
     vertex  9.188828e+01 -8.431552e+01 -3.500000e+00
     vertex  9.183824e+01 -8.437953e+01 -3.500000e+00
     vertex  9.130000e+01 -8.430000e+01 -3.500000e+00
   endloop
 endfacet
 facet normal  0.000000e+00  0.000000e+00 -1.000000e+00
   outer loop
     vertex  3.895855e-01  7.286930e+00 -3.500000e+00
     vertex -7.864862e-01  6.442159e+00 -3.500000e+00
     vertex  3.145244e-01  7.255839e+00 -3.500000e+00
   endloop
 endfacet
 facet normal  0.000000e+00  0.000000e+00 -1.000000e+00
   outer loop
     vertex  9.193657e+01 -8.425018e+01 -3.500000e+00
     vertex  9.188828e+01 -8.431552e+01 -3.500000e+00
     vertex  9.130000e+01 -8.430000e+01 -3.500000e+00
   endloop
 endfacet
 facet normal  0.000000e+00  0.000000e+00 -1.000000e+00
   outer loop
     vertex  9.198307e+01 -8.418356e+01 -3.500000e+00
     vertex  9.193657e+01 -8.425018e+01 -3.500000e+00
     vertex  9.130000e+01 -8.430000e+01 -3.500000e+00
   endloop
 endfacet
 facet normal  0.000000e+00  0.000000e+00 -1.000000e+00
   outer loop
     vertex  5.420954e-01  7.342960e+00 -3.500000e+00
     vertex -7.864862e-01  6.442159e+00 -3.500000e+00
     vertex  3.895855e-01  7.286930e+00 -3.500000e+00
   endloop
 endfacet
 facet normal  0.000000e+00  0.000000e+00 -1.000000e+00
   outer loop
     vertex  5.420954e-01  7.342960e+00 -3.500000e+00
     vertex  3.895855e-01  7.286930e+00 -3.500000e+00
     vertex  4.654611e-01  7.315977e+00 -3.500000e+00
   endloop
 endfacet
 facet normal  0.000000e+00  0.000000e+00 -1.000000e+00
   outer loop
     vertex  9.202775e+01 -8.411570e+01 -3.500000e+00
     vertex  9.198307e+01 -8.418356e+01 -3.500000e+00
     vertex  9.130000e+01 -8.430000e+01 -3.500000e+00
   endloop
 endfacet
 facet normal  0.000000e+00  0.000000e+00 -1.000000e+00
   outer loop
     vertex  6.194323e-01  7.367856e+00 -3.500000e+00
     vertex -7.864862e-01  6.442159e+00 -3.500000e+00
     vertex  5.420954e-01  7.342960e+00 -3.500000e+00
   endloop
 endfacet
 facet normal  0.000000e+00  0.000000e+00 -1.000000e+00
   outer loop
     vertex  9.207057e+01 -8.404666e+01 -3.500000e+00
     vertex  9.202775e+01 -8.411570e+01 -3.500000e+00
     vertex  9.130000e+01 -8.430000e+01 -3.500000e+00
   endloop
 endfacet
 facet normal  0.000000e+00  0.000000e+00 -1.000000e+00
   outer loop
     vertex  9.211151e+01 -8.397648e+01 -3.500000e+00
     vertex  9.207057e+01 -8.404666e+01 -3.500000e+00
     vertex  9.130000e+01 -8.430000e+01 -3.500000e+00
   endloop
 endfacet
 facet normal  0.000000e+00  0.000000e+00 -1.000000e+00
   outer loop
     vertex  9.215054e+01 -8.390523e+01 -3.500000e+00
     vertex  9.211151e+01 -8.397648e+01 -3.500000e+00
     vertex  9.130000e+01 -8.430000e+01 -3.500000e+00
   endloop
 endfacet
 facet normal  0.000000e+00  0.000000e+00 -1.000000e+00
   outer loop
     vertex  8.550887e-01  7.429862e+00 -3.500000e+00
     vertex  6.974150e-01  7.390650e+00 -3.500000e+00
     vertex  7.759863e-01  7.411323e+00 -3.500000e+00
   endloop
 endfacet
 facet normal  0.000000e+00  0.000000e+00 -1.000000e+00
   outer loop
     vertex  9.218762e+01 -8.383294e+01 -3.500000e+00
     vertex  9.215054e+01 -8.390523e+01 -3.500000e+00
     vertex  9.130000e+01 -8.430000e+01 -3.500000e+00
   endloop
 endfacet
 facet normal  0.000000e+00  0.000000e+00 -1.000000e+00
   outer loop
     vertex  9.222273e+01 -8.375967e+01 -3.500000e+00
     vertex  9.218762e+01 -8.383294e+01 -3.500000e+00
     vertex  9.130000e+01 -8.430000e+01 -3.500000e+00
   endloop
 endfacet
 facet normal  0.000000e+00  0.000000e+00 -1.000000e+00
   outer loop
     vertex  1.014654e+00  7.460480e+00 -3.500000e+00
     vertex  6.974150e-01  7.390650e+00 -3.500000e+00
     vertex  8.550887e-01  7.429862e+00 -3.500000e+00
   endloop
 endfacet
 facet normal  0.000000e+00  0.000000e+00 -1.000000e+00
   outer loop
     vertex  1.014654e+00  7.460480e+00 -3.500000e+00
     vertex  8.550887e-01  7.429862e+00 -3.500000e+00
     vertex  9.346640e-01  7.446251e+00 -3.500000e+00
   endloop
 endfacet
 facet normal  0.000000e+00  0.000000e+00 -1.000000e+00
   outer loop
     vertex  1.095000e+00  7.472537e+00 -3.500000e+00
     vertex  6.974150e-01  7.390650e+00 -3.500000e+00
     vertex  1.014654e+00  7.460480e+00 -3.500000e+00
   endloop
 endfacet
 facet normal  0.000000e+00  0.000000e+00 -1.000000e+00
   outer loop
     vertex  9.225584e+01 -8.368548e+01 -3.500000e+00
     vertex  9.222273e+01 -8.375967e+01 -3.500000e+00
     vertex  9.130000e+01 -8.430000e+01 -3.500000e+00
   endloop
 endfacet
 facet normal  0.000000e+00  0.000000e+00 -1.000000e+00
   outer loop
     vertex  1.175643e+00  7.482414e+00 -3.500000e+00
     vertex  6.974150e-01  7.390650e+00 -3.500000e+00
     vertex  1.095000e+00  7.472537e+00 -3.500000e+00
   endloop
 endfacet
 facet normal  0.000000e+00  0.000000e+00 -1.000000e+00
   outer loop
     vertex  1.175643e+00  7.482414e+00 -3.500000e+00
     vertex  6.194323e-01  7.367856e+00 -3.500000e+00
     vertex  6.974150e-01  7.390650e+00 -3.500000e+00
   endloop
 endfacet
 facet normal  0.000000e+00  0.000000e+00 -1.000000e+00
   outer loop
     vertex  1.175643e+00  7.482414e+00 -3.500000e+00
     vertex -7.864862e-01  6.442159e+00 -3.500000e+00
     vertex  6.194323e-01  7.367856e+00 -3.500000e+00
   endloop
 endfacet
 facet normal  0.000000e+00  0.000000e+00 -1.000000e+00
   outer loop
     vertex  9.228693e+01 -8.361041e+01 -3.500000e+00
     vertex  9.225584e+01 -8.368548e+01 -3.500000e+00
     vertex  9.130000e+01 -8.430000e+01 -3.500000e+00
   endloop
 endfacet
 facet normal  0.000000e+00  0.000000e+00 -1.000000e+00
   outer loop
     vertex  1.256524e+00  7.490104e+00 -3.500000e+00
     vertex -7.864862e-01  6.442159e+00 -3.500000e+00
     vertex  1.175643e+00  7.482414e+00 -3.500000e+00
   endloop
 endfacet
 facet normal  0.000000e+00  0.000000e+00 -1.000000e+00
   outer loop
     vertex  9.231598e+01 -8.353454e+01 -3.500000e+00
     vertex  9.228693e+01 -8.361041e+01 -3.500000e+00
     vertex  9.130000e+01 -8.430000e+01 -3.500000e+00
   endloop
 endfacet
 facet normal  0.000000e+00  0.000000e+00 -1.000000e+00
   outer loop
     vertex  9.234296e+01 -8.345790e+01 -3.500000e+00
     vertex  9.231598e+01 -8.353454e+01 -3.500000e+00
     vertex  9.130000e+01 -8.430000e+01 -3.500000e+00
   endloop
 endfacet
 facet normal  0.000000e+00  0.000000e+00 -1.000000e+00
   outer loop
     vertex  9.236786e+01 -8.338057e+01 -3.500000e+00
     vertex  9.234296e+01 -8.345790e+01 -3.500000e+00
     vertex  9.130000e+01 -8.430000e+01 -3.500000e+00
   endloop
 endfacet
 facet normal  0.000000e+00  0.000000e+00 -1.000000e+00
   outer loop
     vertex  1.500000e+00  7.500000e+00 -3.500000e+00
     vertex -3.000000e-01  3.000000e-01 -3.500000e+00
     vertex -1.500000e+00  4.500000e+00 -3.500000e+00
   endloop
 endfacet
 facet normal  0.000000e+00  0.000000e+00 -1.000000e+00
   outer loop
     vertex  1.500000e+00  7.500000e+00 -3.500000e+00
     vertex -7.864862e-01  6.442159e+00 -3.500000e+00
     vertex  1.256524e+00  7.490104e+00 -3.500000e+00
   endloop
 endfacet
 facet normal  0.000000e+00  0.000000e+00 -1.000000e+00
   outer loop
     vertex  1.500000e+00  7.500000e+00 -3.500000e+00
     vertex  1.256524e+00  7.490104e+00 -3.500000e+00
     vertex  1.337583e+00  7.495600e+00 -3.500000e+00
   endloop
 endfacet
 facet normal  0.000000e+00  0.000000e+00 -1.000000e+00
   outer loop
     vertex  1.500000e+00  7.500000e+00 -3.500000e+00
     vertex  1.337583e+00  7.495600e+00 -3.500000e+00
     vertex  1.418762e+00  7.498900e+00 -3.500000e+00
   endloop
 endfacet
 facet normal  0.000000e+00  0.000000e+00 -1.000000e+00
   outer loop
     vertex  1.500000e+00  7.500000e+00 -3.500000e+00
     vertex -1.500000e+00  4.500000e+00 -3.500000e+00
     vertex -7.864862e-01  6.442159e+00 -3.500000e+00
   endloop
 endfacet
 facet normal  0.000000e+00  0.000000e+00 -1.000000e+00
   outer loop
     vertex  9.239065e+01 -8.330259e+01 -3.500000e+00
     vertex  9.236786e+01 -8.338057e+01 -3.500000e+00
     vertex  9.130000e+01 -8.430000e+01 -3.500000e+00
   endloop
 endfacet
 facet normal  0.000000e+00  0.000000e+00 -1.000000e+00
   outer loop
     vertex  9.241132e+01 -8.322401e+01 -3.500000e+00
     vertex  9.239065e+01 -8.330259e+01 -3.500000e+00
     vertex  9.130000e+01 -8.430000e+01 -3.500000e+00
   endloop
 endfacet
 facet normal  0.000000e+00  0.000000e+00 -1.000000e+00
   outer loop
     vertex  9.242986e+01 -8.314491e+01 -3.500000e+00
     vertex  9.241132e+01 -8.322401e+01 -3.500000e+00
     vertex  9.130000e+01 -8.430000e+01 -3.500000e+00
   endloop
 endfacet
 facet normal  0.000000e+00  0.000000e+00 -1.000000e+00
   outer loop
     vertex  9.244625e+01 -8.306534e+01 -3.500000e+00
     vertex  9.242986e+01 -8.314491e+01 -3.500000e+00
     vertex  9.130000e+01 -8.430000e+01 -3.500000e+00
   endloop
 endfacet
 facet normal  0.000000e+00  0.000000e+00 -1.000000e+00
   outer loop
     vertex  9.246048e+01 -8.298535e+01 -3.500000e+00
     vertex  9.244625e+01 -8.306534e+01 -3.500000e+00
     vertex  9.130000e+01 -8.430000e+01 -3.500000e+00
   endloop
 endfacet
 facet normal  0.000000e+00  0.000000e+00 -1.000000e+00
   outer loop
     vertex  9.247254e+01 -8.290500e+01 -3.500000e+00
     vertex  9.246048e+01 -8.298535e+01 -3.500000e+00
     vertex  9.130000e+01 -8.430000e+01 -3.500000e+00
   endloop
 endfacet
 facet normal  0.000000e+00  0.000000e+00 -1.000000e+00
   outer loop
     vertex  9.248241e+01 -8.282436e+01 -3.500000e+00
     vertex  9.247254e+01 -8.290500e+01 -3.500000e+00
     vertex  9.130000e+01 -8.430000e+01 -3.500000e+00
   endloop
 endfacet
 facet normal  0.000000e+00  0.000000e+00 -1.000000e+00
   outer loop
     vertex  9.249010e+01 -8.274348e+01 -3.500000e+00
     vertex  9.248241e+01 -8.282436e+01 -3.500000e+00
     vertex  9.130000e+01 -8.430000e+01 -3.500000e+00
   endloop
 endfacet
 facet normal  0.000000e+00  0.000000e+00 -1.000000e+00
   outer loop
     vertex  9.249560e+01 -8.266242e+01 -3.500000e+00
     vertex  9.249010e+01 -8.274348e+01 -3.500000e+00
     vertex  9.130000e+01 -8.430000e+01 -3.500000e+00
   endloop
 endfacet
 facet normal  0.000000e+00  0.000000e+00 -1.000000e+00
   outer loop
     vertex  9.249890e+01 -8.258124e+01 -3.500000e+00
     vertex  9.249560e+01 -8.266242e+01 -3.500000e+00
     vertex  9.130000e+01 -8.430000e+01 -3.500000e+00
   endloop
 endfacet
 facet normal  0.000000e+00  0.000000e+00 -1.000000e+00
   outer loop
     vertex  9.250000e+01 -8.250000e+01 -3.500000e+00
     vertex  9.249890e+01 -8.258124e+01 -3.500000e+00
     vertex  9.130000e+01 -8.430000e+01 -3.500000e+00
   endloop
 endfacet
 facet normal -0.000000e+00  0.000000e+00 -1.000000e+00
   outer loop
     vertex  3.789787e+01  2.849082e+00 -3.500000e+00
     vertex -3.000000e-01  3.000000e-01 -3.500000e+00
     vertex  3.787315e+01  2.873146e+00 -3.500000e+00
   endloop
 endfacet
 facet normal  0.000000e+00 -0.000000e+00 -1.000000e+00
   outer loop
     vertex  3.784908e+01  2.897871e+00 -3.500000e+00
     vertex  3.787315e+01  2.873146e+00 -3.500000e+00
     vertex -3.000000e-01  3.000000e-01 -3.500000e+00
   endloop
 endfacet
 facet normal -0.000000e+00  0.000000e+00 -1.000000e+00
   outer loop
     vertex  3.792324e+01  2.825696e+00 -3.500000e+00
     vertex -3.000000e-01  3.000000e-01 -3.500000e+00
     vertex  3.789787e+01  2.849082e+00 -3.500000e+00
   endloop
 endfacet
 facet normal  0.000000e+00 -0.000000e+00 -1.000000e+00
   outer loop
     vertex  3.782570e+01  2.923238e+00 -3.500000e+00
     vertex  3.784908e+01  2.897871e+00 -3.500000e+00
     vertex -3.000000e-01  3.000000e-01 -3.500000e+00
   endloop
 endfacet
 facet normal  0.000000e+00 -0.000000e+00 -1.000000e+00
   outer loop
     vertex  3.780301e+01  2.949230e+00 -3.500000e+00
     vertex  3.782570e+01  2.923238e+00 -3.500000e+00
     vertex -3.000000e-01  3.000000e-01 -3.500000e+00
   endloop
 endfacet
 facet normal -0.000000e+00  0.000000e+00 -1.000000e+00
   outer loop
     vertex  3.794923e+01  2.803006e+00 -3.500000e+00
     vertex -3.000000e-01  3.000000e-01 -3.500000e+00
     vertex  3.792324e+01  2.825696e+00 -3.500000e+00
   endloop
 endfacet
 facet normal -0.000000e+00  0.000000e+00 -1.000000e+00
   outer loop
     vertex  3.797583e+01  2.781027e+00 -3.500000e+00
     vertex -3.000000e-01  3.000000e-01 -3.500000e+00
     vertex  3.794923e+01  2.803006e+00 -3.500000e+00
   endloop
 endfacet
 facet normal  0.000000e+00 -0.000000e+00 -1.000000e+00
   outer loop
     vertex  3.778103e+01  2.975826e+00 -3.500000e+00
     vertex  3.780301e+01  2.949230e+00 -3.500000e+00
     vertex -3.000000e-01  3.000000e-01 -3.500000e+00
   endloop
 endfacet
 facet normal -0.000000e+00  0.000000e+00 -1.000000e+00
   outer loop
     vertex  3.800301e+01  2.759777e+00 -3.500000e+00
     vertex -3.000000e-01  3.000000e-01 -3.500000e+00
     vertex  3.797583e+01  2.781027e+00 -3.500000e+00
   endloop
 endfacet
 facet normal  0.000000e+00 -0.000000e+00 -1.000000e+00
   outer loop
     vertex  3.775978e+01  3.003008e+00 -3.500000e+00
     vertex  3.778103e+01  2.975826e+00 -3.500000e+00
     vertex -3.000000e-01  3.000000e-01 -3.500000e+00
   endloop
 endfacet
 facet normal -0.000000e+00  0.000000e+00 -1.000000e+00
   outer loop
     vertex  3.803076e+01  2.739271e+00 -3.500000e+00
     vertex -3.000000e-01  3.000000e-01 -3.500000e+00
     vertex  3.800301e+01  2.759777e+00 -3.500000e+00
   endloop
 endfacet
 facet normal  0.000000e+00 -0.000000e+00 -1.000000e+00
   outer loop
     vertex  3.773927e+01  3.030755e+00 -3.500000e+00
     vertex  3.775978e+01  3.003008e+00 -3.500000e+00
     vertex -3.000000e-01  3.000000e-01 -3.500000e+00
   endloop
 endfacet
 facet normal  0.000000e+00 -0.000000e+00 -1.000000e+00
   outer loop
     vertex  3.771952e+01  3.059048e+00 -3.500000e+00
     vertex  3.773927e+01  3.030755e+00 -3.500000e+00
     vertex -3.000000e-01  3.000000e-01 -3.500000e+00
   endloop
 endfacet
 facet normal -0.000000e+00  0.000000e+00 -1.000000e+00
   outer loop
     vertex  3.805905e+01  2.719524e+00 -3.500000e+00
     vertex -3.000000e-01  3.000000e-01 -3.500000e+00
     vertex  3.803076e+01  2.739271e+00 -3.500000e+00
   endloop
 endfacet
 facet normal -0.000000e+00  0.000000e+00 -1.000000e+00
   outer loop
     vertex  3.808786e+01  2.700550e+00 -3.500000e+00
     vertex -3.000000e-01  3.000000e-01 -3.500000e+00
     vertex  3.805905e+01  2.719524e+00 -3.500000e+00
   endloop
 endfacet
 facet normal  0.000000e+00 -0.000000e+00 -1.000000e+00
   outer loop
     vertex  3.770055e+01  3.087864e+00 -3.500000e+00
     vertex  3.771952e+01  3.059048e+00 -3.500000e+00
     vertex -3.000000e-01  3.000000e-01 -3.500000e+00
   endloop
 endfacet
 facet normal -0.000000e+00  0.000000e+00 -1.000000e+00
   outer loop
     vertex  3.811718e+01  2.682364e+00 -3.500000e+00
     vertex -3.000000e-01  3.000000e-01 -3.500000e+00
     vertex  3.808786e+01  2.700550e+00 -3.500000e+00
   endloop
 endfacet
 facet normal  0.000000e+00 -0.000000e+00 -1.000000e+00
   outer loop
     vertex  3.768236e+01  3.117184e+00 -3.500000e+00
     vertex  3.770055e+01  3.087864e+00 -3.500000e+00
     vertex -3.000000e-01  3.000000e-01 -3.500000e+00
   endloop
 endfacet
 facet normal -0.000000e+00  0.000000e+00 -1.000000e+00
   outer loop
     vertex  3.814699e+01  2.664978e+00 -3.500000e+00
     vertex -3.000000e-01  3.000000e-01 -3.500000e+00
     vertex  3.811718e+01  2.682364e+00 -3.500000e+00
   endloop
 endfacet
 facet normal  0.000000e+00 -0.000000e+00 -1.000000e+00
   outer loop
     vertex  3.766498e+01  3.146986e+00 -3.500000e+00
     vertex  3.768236e+01  3.117184e+00 -3.500000e+00
     vertex -3.000000e-01  3.000000e-01 -3.500000e+00
   endloop
 endfacet
 facet normal  0.000000e+00 -0.000000e+00 -1.000000e+00
   outer loop
     vertex  3.764841e+01  3.177248e+00 -3.500000e+00
     vertex  3.766498e+01  3.146986e+00 -3.500000e+00
     vertex -3.000000e-01  3.000000e-01 -3.500000e+00
   endloop
 endfacet
 facet normal -0.000000e+00  0.000000e+00 -1.000000e+00
   outer loop
     vertex  3.817725e+01  2.648406e+00 -3.500000e+00
     vertex -3.000000e-01  3.000000e-01 -3.500000e+00
     vertex  3.814699e+01  2.664978e+00 -3.500000e+00
   endloop
 endfacet
 facet normal -0.000000e+00  0.000000e+00 -1.000000e+00
   outer loop
     vertex  3.820795e+01  2.632659e+00 -3.500000e+00
     vertex -3.000000e-01  3.000000e-01 -3.500000e+00
     vertex  3.817725e+01  2.648406e+00 -3.500000e+00
   endloop
 endfacet
 facet normal  0.000000e+00 -0.000000e+00 -1.000000e+00
   outer loop
     vertex  3.763266e+01  3.207947e+00 -3.500000e+00
     vertex  3.764841e+01  3.177248e+00 -3.500000e+00
     vertex -3.000000e-01  3.000000e-01 -3.500000e+00
   endloop
 endfacet
 facet normal  0.000000e+00 -0.000000e+00 -1.000000e+00
   outer loop
     vertex  3.761775e+01  3.239061e+00 -3.500000e+00
     vertex  3.763266e+01  3.207947e+00 -3.500000e+00
     vertex -3.000000e-01  3.000000e-01 -3.500000e+00
   endloop
 endfacet
 facet normal -0.000000e+00  0.000000e+00 -1.000000e+00
   outer loop
     vertex  3.823906e+01  2.617749e+00 -3.500000e+00
     vertex -3.000000e-01  3.000000e-01 -3.500000e+00
     vertex  3.820795e+01  2.632659e+00 -3.500000e+00
   endloop
 endfacet
 facet normal  0.000000e+00 -0.000000e+00 -1.000000e+00
   outer loop
     vertex  3.760369e+01  3.270568e+00 -3.500000e+00
     vertex  3.761775e+01  3.239061e+00 -3.500000e+00
     vertex -3.000000e-01  3.000000e-01 -3.500000e+00
   endloop
 endfacet
 facet normal -0.000000e+00  0.000000e+00 -1.000000e+00
   outer loop
     vertex  3.827057e+01  2.603687e+00 -3.500000e+00
     vertex -3.000000e-01  3.000000e-01 -3.500000e+00
     vertex  3.823906e+01  2.617749e+00 -3.500000e+00
   endloop
 endfacet
 facet normal -0.000000e+00  0.000000e+00 -1.000000e+00
   outer loop
     vertex  3.830244e+01  2.590484e+00 -3.500000e+00
     vertex -3.000000e-01  3.000000e-01 -3.500000e+00
     vertex  3.827057e+01  2.603687e+00 -3.500000e+00
   endloop
 endfacet
 facet normal  0.000000e+00 -0.000000e+00 -1.000000e+00
   outer loop
     vertex  3.759048e+01  3.302444e+00 -3.500000e+00
     vertex  3.760369e+01  3.270568e+00 -3.500000e+00
     vertex -3.000000e-01  3.000000e-01 -3.500000e+00
   endloop
 endfacet
 facet normal -0.000000e+00  0.000000e+00 -1.000000e+00
   outer loop
     vertex  3.833467e+01  2.578148e+00 -3.500000e+00
     vertex -3.000000e-01  3.000000e-01 -3.500000e+00
     vertex  3.830244e+01  2.590484e+00 -3.500000e+00
   endloop
 endfacet
 facet normal  0.000000e+00 -0.000000e+00 -1.000000e+00
   outer loop
     vertex  3.757815e+01  3.334666e+00 -3.500000e+00
     vertex  3.759048e+01  3.302444e+00 -3.500000e+00
     vertex -3.000000e-01  3.000000e-01 -3.500000e+00
   endloop
 endfacet
 facet normal  0.000000e+00 -0.000000e+00 -1.000000e+00
   outer loop
     vertex  3.756669e+01  3.367210e+00 -3.500000e+00
     vertex  3.757815e+01  3.334666e+00 -3.500000e+00
     vertex -3.000000e-01  3.000000e-01 -3.500000e+00
   endloop
 endfacet
 facet normal  0.000000e+00 -0.000000e+00 -1.000000e+00
   outer loop
     vertex  3.755612e+01  3.400052e+00 -3.500000e+00
     vertex  3.756669e+01  3.367210e+00 -3.500000e+00
     vertex -3.000000e-01  3.000000e-01 -3.500000e+00
   endloop
 endfacet
 facet normal  0.000000e+00 -0.000000e+00 -1.000000e+00
   outer loop
     vertex  3.754644e+01  3.433169e+00 -3.500000e+00
     vertex  3.755612e+01  3.400052e+00 -3.500000e+00
     vertex -3.000000e-01  3.000000e-01 -3.500000e+00
   endloop
 endfacet
 facet normal  0.000000e+00 -0.000000e+00 -1.000000e+00
   outer loop
     vertex  3.753766e+01  3.466536e+00 -3.500000e+00
     vertex  3.754644e+01  3.433169e+00 -3.500000e+00
     vertex -3.000000e-01  3.000000e-01 -3.500000e+00
   endloop
 endfacet
 facet normal -0.000000e+00  0.000000e+00 -1.000000e+00
   outer loop
     vertex  3.752979e+01  3.500128e+00 -3.500000e+00
     vertex -3.000000e-01  3.000000e-01 -3.500000e+00
     vertex  1.500000e+00  7.500000e+00 -3.500000e+00
   endloop
 endfacet
 facet normal  0.000000e+00 -0.000000e+00 -1.000000e+00
   outer loop
     vertex  3.752979e+01  3.500128e+00 -3.500000e+00
     vertex  3.753766e+01  3.466536e+00 -3.500000e+00
     vertex -3.000000e-01  3.000000e-01 -3.500000e+00
   endloop
 endfacet
 facet normal -0.000000e+00 -0.000000e+00 -1.000000e+00
   outer loop
     vertex  3.752283e+01  3.533921e+00 -3.500000e+00
     vertex  3.752979e+01  3.500128e+00 -3.500000e+00
     vertex  1.500000e+00  7.500000e+00 -3.500000e+00
   endloop
 endfacet
 facet normal -0.000000e+00 -0.000000e+00 -1.000000e+00
   outer loop
     vertex  3.751678e+01  3.567890e+00 -3.500000e+00
     vertex  3.752283e+01  3.533921e+00 -3.500000e+00
     vertex  1.500000e+00  7.500000e+00 -3.500000e+00
   endloop
 endfacet
 facet normal -0.000000e+00 -0.000000e+00 -1.000000e+00
   outer loop
     vertex  3.751166e+01  3.602010e+00 -3.500000e+00
     vertex  3.751678e+01  3.567890e+00 -3.500000e+00
     vertex  1.500000e+00  7.500000e+00 -3.500000e+00
   endloop
 endfacet
 facet normal -0.000000e+00 -0.000000e+00 -1.000000e+00
   outer loop
     vertex  3.750747e+01  3.636256e+00 -3.500000e+00
     vertex  3.751166e+01  3.602010e+00 -3.500000e+00
     vertex  1.500000e+00  7.500000e+00 -3.500000e+00
   endloop
 endfacet
 facet normal -0.000000e+00 -0.000000e+00 -1.000000e+00
   outer loop
     vertex  3.750420e+01  3.670604e+00 -3.500000e+00
     vertex  3.750747e+01  3.636256e+00 -3.500000e+00
     vertex  1.500000e+00  7.500000e+00 -3.500000e+00
   endloop
 endfacet
 facet normal -0.000000e+00 -0.000000e+00 -1.000000e+00
   outer loop
     vertex  3.750187e+01  3.705027e+00 -3.500000e+00
     vertex  3.750420e+01  3.670604e+00 -3.500000e+00
     vertex  1.500000e+00  7.500000e+00 -3.500000e+00
   endloop
 endfacet
 facet normal -0.000000e+00 -0.000000e+00 -1.000000e+00
   outer loop
     vertex  3.750047e+01  3.739501e+00 -3.500000e+00
     vertex  3.750187e+01  3.705027e+00 -3.500000e+00
     vertex  1.500000e+00  7.500000e+00 -3.500000e+00
   endloop
 endfacet
 facet normal -0.000000e+00 -0.000000e+00 -1.000000e+00
   outer loop
     vertex  3.750000e+01  3.774000e+00 -3.500000e+00
     vertex  3.750047e+01  3.739501e+00 -3.500000e+00
     vertex  1.500000e+00  7.500000e+00 -3.500000e+00
   endloop
 endfacet
 facet normal -0.000000e+00 -0.000000e+00 -1.000000e+00
   outer loop
     vertex  3.750000e+01  3.826000e+00 -3.500000e+00
     vertex  3.750000e+01  3.774000e+00 -3.500000e+00
     vertex  1.500000e+00  7.500000e+00 -3.500000e+00
   endloop
 endfacet
 facet normal -0.000000e+00  0.000000e+00 -1.000000e+00
   outer loop
     vertex  3.750047e+01  3.860499e+00 -3.500000e+00
     vertex  3.750000e+01  3.826000e+00 -3.500000e+00
     vertex  1.500000e+00  7.500000e+00 -3.500000e+00
   endloop
 endfacet
 facet normal -0.000000e+00  0.000000e+00 -1.000000e+00
   outer loop
     vertex  3.750187e+01  3.894973e+00 -3.500000e+00
     vertex  3.750047e+01  3.860499e+00 -3.500000e+00
     vertex  1.500000e+00  7.500000e+00 -3.500000e+00
   endloop
 endfacet
 facet normal -0.000000e+00  0.000000e+00 -1.000000e+00
   outer loop
     vertex  3.750420e+01  3.929396e+00 -3.500000e+00
     vertex  3.750187e+01  3.894973e+00 -3.500000e+00
     vertex  1.500000e+00  7.500000e+00 -3.500000e+00
   endloop
 endfacet
 facet normal -0.000000e+00  0.000000e+00 -1.000000e+00
   outer loop
     vertex  3.750747e+01  3.963744e+00 -3.500000e+00
     vertex  3.750420e+01  3.929396e+00 -3.500000e+00
     vertex  1.500000e+00  7.500000e+00 -3.500000e+00
   endloop
 endfacet
 facet normal -0.000000e+00  0.000000e+00 -1.000000e+00
   outer loop
     vertex  3.751166e+01  3.997990e+00 -3.500000e+00
     vertex  3.750747e+01  3.963744e+00 -3.500000e+00
     vertex  1.500000e+00  7.500000e+00 -3.500000e+00
   endloop
 endfacet
 facet normal -0.000000e+00  0.000000e+00 -1.000000e+00
   outer loop
     vertex  3.751678e+01  4.032110e+00 -3.500000e+00
     vertex  3.751166e+01  3.997990e+00 -3.500000e+00
     vertex  1.500000e+00  7.500000e+00 -3.500000e+00
   endloop
 endfacet
 facet normal -0.000000e+00  0.000000e+00 -1.000000e+00
   outer loop
     vertex  3.752283e+01  4.066079e+00 -3.500000e+00
     vertex  3.751678e+01  4.032110e+00 -3.500000e+00
     vertex  1.500000e+00  7.500000e+00 -3.500000e+00
   endloop
 endfacet
 facet normal -0.000000e+00  0.000000e+00 -1.000000e+00
   outer loop
     vertex  3.752979e+01  4.099872e+00 -3.500000e+00
     vertex  3.752283e+01  4.066079e+00 -3.500000e+00
     vertex  1.500000e+00  7.500000e+00 -3.500000e+00
   endloop
 endfacet
 facet normal -0.000000e+00  0.000000e+00 -1.000000e+00
   outer loop
     vertex  3.753766e+01  4.133464e+00 -3.500000e+00
     vertex  3.752979e+01  4.099872e+00 -3.500000e+00
     vertex  1.500000e+00  7.500000e+00 -3.500000e+00
   endloop
 endfacet
 facet normal -0.000000e+00  0.000000e+00 -1.000000e+00
   outer loop
     vertex  3.754644e+01  4.166831e+00 -3.500000e+00
     vertex  3.753766e+01  4.133464e+00 -3.500000e+00
     vertex  1.500000e+00  7.500000e+00 -3.500000e+00
   endloop
 endfacet
 facet normal -0.000000e+00  0.000000e+00 -1.000000e+00
   outer loop
     vertex  3.755612e+01  4.199948e+00 -3.500000e+00
     vertex  3.754644e+01  4.166831e+00 -3.500000e+00
     vertex  1.500000e+00  7.500000e+00 -3.500000e+00
   endloop
 endfacet
 facet normal -0.000000e+00  0.000000e+00 -1.000000e+00
   outer loop
     vertex  3.756669e+01  4.232790e+00 -3.500000e+00
     vertex  3.755612e+01  4.199948e+00 -3.500000e+00
     vertex  1.500000e+00  7.500000e+00 -3.500000e+00
   endloop
 endfacet
 facet normal -0.000000e+00  0.000000e+00 -1.000000e+00
   outer loop
     vertex  3.757815e+01  4.265334e+00 -3.500000e+00
     vertex  3.756669e+01  4.232790e+00 -3.500000e+00
     vertex  1.500000e+00  7.500000e+00 -3.500000e+00
   endloop
 endfacet
 facet normal -0.000000e+00  0.000000e+00 -1.000000e+00
   outer loop
     vertex  3.759048e+01  4.297556e+00 -3.500000e+00
     vertex  3.757815e+01  4.265334e+00 -3.500000e+00
     vertex  1.500000e+00  7.500000e+00 -3.500000e+00
   endloop
 endfacet
 facet normal -0.000000e+00  0.000000e+00 -1.000000e+00
   outer loop
     vertex  3.760369e+01  4.329432e+00 -3.500000e+00
     vertex  3.759048e+01  4.297556e+00 -3.500000e+00
     vertex  1.500000e+00  7.500000e+00 -3.500000e+00
   endloop
 endfacet
 facet normal -0.000000e+00  0.000000e+00 -1.000000e+00
   outer loop
     vertex  3.761775e+01  4.360939e+00 -3.500000e+00
     vertex  3.760369e+01  4.329432e+00 -3.500000e+00
     vertex  1.500000e+00  7.500000e+00 -3.500000e+00
   endloop
 endfacet
 facet normal -0.000000e+00  0.000000e+00 -1.000000e+00
   outer loop
     vertex  3.763266e+01  4.392053e+00 -3.500000e+00
     vertex  3.761775e+01  4.360939e+00 -3.500000e+00
     vertex  1.500000e+00  7.500000e+00 -3.500000e+00
   endloop
 endfacet
 facet normal -0.000000e+00  0.000000e+00 -1.000000e+00
   outer loop
     vertex  3.764841e+01  4.422752e+00 -3.500000e+00
     vertex  3.763266e+01  4.392053e+00 -3.500000e+00
     vertex  1.500000e+00  7.500000e+00 -3.500000e+00
   endloop
 endfacet
 facet normal -0.000000e+00  0.000000e+00 -1.000000e+00
   outer loop
     vertex  3.766498e+01  4.453014e+00 -3.500000e+00
     vertex  3.764841e+01  4.422752e+00 -3.500000e+00
     vertex  1.500000e+00  7.500000e+00 -3.500000e+00
   endloop
 endfacet
 facet normal -0.000000e+00  0.000000e+00 -1.000000e+00
   outer loop
     vertex  3.768236e+01  4.482816e+00 -3.500000e+00
     vertex  3.766498e+01  4.453014e+00 -3.500000e+00
     vertex  1.500000e+00  7.500000e+00 -3.500000e+00
   endloop
 endfacet
 facet normal -0.000000e+00  0.000000e+00 -1.000000e+00
   outer loop
     vertex  3.770055e+01  4.512136e+00 -3.500000e+00
     vertex  3.768236e+01  4.482816e+00 -3.500000e+00
     vertex  1.500000e+00  7.500000e+00 -3.500000e+00
   endloop
 endfacet
 facet normal -0.000000e+00  0.000000e+00 -1.000000e+00
   outer loop
     vertex  3.771952e+01  4.540952e+00 -3.500000e+00
     vertex  3.770055e+01  4.512136e+00 -3.500000e+00
     vertex  1.500000e+00  7.500000e+00 -3.500000e+00
   endloop
 endfacet
 facet normal -0.000000e+00  0.000000e+00 -1.000000e+00
   outer loop
     vertex  3.773927e+01  4.569245e+00 -3.500000e+00
     vertex  3.771952e+01  4.540952e+00 -3.500000e+00
     vertex  1.500000e+00  7.500000e+00 -3.500000e+00
   endloop
 endfacet
 facet normal -0.000000e+00  0.000000e+00 -1.000000e+00
   outer loop
     vertex  3.775978e+01  4.596992e+00 -3.500000e+00
     vertex  3.773927e+01  4.569245e+00 -3.500000e+00
     vertex  1.500000e+00  7.500000e+00 -3.500000e+00
   endloop
 endfacet
 facet normal -0.000000e+00  0.000000e+00 -1.000000e+00
   outer loop
     vertex  3.778103e+01  4.624174e+00 -3.500000e+00
     vertex  3.775978e+01  4.596992e+00 -3.500000e+00
     vertex  1.500000e+00  7.500000e+00 -3.500000e+00
   endloop
 endfacet
 facet normal -0.000000e+00  0.000000e+00 -1.000000e+00
   outer loop
     vertex  3.780301e+01  4.650770e+00 -3.500000e+00
     vertex  3.778103e+01  4.624174e+00 -3.500000e+00
     vertex  1.500000e+00  7.500000e+00 -3.500000e+00
   endloop
 endfacet
 facet normal -0.000000e+00  0.000000e+00 -1.000000e+00
   outer loop
     vertex  3.782570e+01  4.676762e+00 -3.500000e+00
     vertex  3.780301e+01  4.650770e+00 -3.500000e+00
     vertex  1.500000e+00  7.500000e+00 -3.500000e+00
   endloop
 endfacet
 facet normal -0.000000e+00  0.000000e+00 -1.000000e+00
   outer loop
     vertex  3.784908e+01  4.702129e+00 -3.500000e+00
     vertex  3.782570e+01  4.676762e+00 -3.500000e+00
     vertex  1.500000e+00  7.500000e+00 -3.500000e+00
   endloop
 endfacet
 facet normal -0.000000e+00  0.000000e+00 -1.000000e+00
   outer loop
     vertex  3.787315e+01  4.726854e+00 -3.500000e+00
     vertex  3.784908e+01  4.702129e+00 -3.500000e+00
     vertex  1.500000e+00  7.500000e+00 -3.500000e+00
   endloop
 endfacet
 facet normal -0.000000e+00  0.000000e+00 -1.000000e+00
   outer loop
     vertex  3.789787e+01  4.750918e+00 -3.500000e+00
     vertex  3.787315e+01  4.726854e+00 -3.500000e+00
     vertex  1.500000e+00  7.500000e+00 -3.500000e+00
   endloop
 endfacet
 facet normal -0.000000e+00  0.000000e+00 -1.000000e+00
   outer loop
     vertex  3.792324e+01  4.774304e+00 -3.500000e+00
     vertex  3.789787e+01  4.750918e+00 -3.500000e+00
     vertex  1.500000e+00  7.500000e+00 -3.500000e+00
   endloop
 endfacet
 facet normal -0.000000e+00  0.000000e+00 -1.000000e+00
   outer loop
     vertex  3.794923e+01  4.796994e+00 -3.500000e+00
     vertex  3.792324e+01  4.774304e+00 -3.500000e+00
     vertex  1.500000e+00  7.500000e+00 -3.500000e+00
   endloop
 endfacet
 facet normal -0.000000e+00  0.000000e+00 -1.000000e+00
   outer loop
     vertex  3.797583e+01  4.818973e+00 -3.500000e+00
     vertex  3.794923e+01  4.796994e+00 -3.500000e+00
     vertex  1.500000e+00  7.500000e+00 -3.500000e+00
   endloop
 endfacet
 facet normal -0.000000e+00  0.000000e+00 -1.000000e+00
   outer loop
     vertex  3.800301e+01  4.840223e+00 -3.500000e+00
     vertex  3.797583e+01  4.818973e+00 -3.500000e+00
     vertex  1.500000e+00  7.500000e+00 -3.500000e+00
   endloop
 endfacet
 facet normal -0.000000e+00  0.000000e+00 -1.000000e+00
   outer loop
     vertex  3.803076e+01  4.860729e+00 -3.500000e+00
     vertex  3.800301e+01  4.840223e+00 -3.500000e+00
     vertex  1.500000e+00  7.500000e+00 -3.500000e+00
   endloop
 endfacet
 facet normal -0.000000e+00  0.000000e+00 -1.000000e+00
   outer loop
     vertex  3.805905e+01  4.880476e+00 -3.500000e+00
     vertex  3.803076e+01  4.860729e+00 -3.500000e+00
     vertex  1.500000e+00  7.500000e+00 -3.500000e+00
   endloop
 endfacet
 facet normal -0.000000e+00  0.000000e+00 -1.000000e+00
   outer loop
     vertex  3.808786e+01  4.899450e+00 -3.500000e+00
     vertex  3.805905e+01  4.880476e+00 -3.500000e+00
     vertex  1.500000e+00  7.500000e+00 -3.500000e+00
   endloop
 endfacet
 facet normal -0.000000e+00  0.000000e+00 -1.000000e+00
   outer loop
     vertex  3.811718e+01  4.917636e+00 -3.500000e+00
     vertex  3.808786e+01  4.899450e+00 -3.500000e+00
     vertex  1.500000e+00  7.500000e+00 -3.500000e+00
   endloop
 endfacet
 facet normal -0.000000e+00  0.000000e+00 -1.000000e+00
   outer loop
     vertex  3.814699e+01  4.935022e+00 -3.500000e+00
     vertex  3.811718e+01  4.917636e+00 -3.500000e+00
     vertex  1.500000e+00  7.500000e+00 -3.500000e+00
   endloop
 endfacet
 facet normal -0.000000e+00  0.000000e+00 -1.000000e+00
   outer loop
     vertex  3.817725e+01  4.951594e+00 -3.500000e+00
     vertex  3.814699e+01  4.935022e+00 -3.500000e+00
     vertex  1.500000e+00  7.500000e+00 -3.500000e+00
   endloop
 endfacet
 facet normal -0.000000e+00  0.000000e+00 -1.000000e+00
   outer loop
     vertex  3.820795e+01  4.967341e+00 -3.500000e+00
     vertex  3.817725e+01  4.951594e+00 -3.500000e+00
     vertex  1.500000e+00  7.500000e+00 -3.500000e+00
   endloop
 endfacet
 facet normal -0.000000e+00  0.000000e+00 -1.000000e+00
   outer loop
     vertex  3.823906e+01  4.982251e+00 -3.500000e+00
     vertex  3.820795e+01  4.967341e+00 -3.500000e+00
     vertex  1.500000e+00  7.500000e+00 -3.500000e+00
   endloop
 endfacet
 facet normal -0.000000e+00  0.000000e+00 -1.000000e+00
   outer loop
     vertex  3.827057e+01  4.996313e+00 -3.500000e+00
     vertex  3.823906e+01  4.982251e+00 -3.500000e+00
     vertex  1.500000e+00  7.500000e+00 -3.500000e+00
   endloop
 endfacet
 facet normal -0.000000e+00  0.000000e+00 -1.000000e+00
   outer loop
     vertex  3.830244e+01  5.009516e+00 -3.500000e+00
     vertex  3.827057e+01  4.996313e+00 -3.500000e+00
     vertex  1.500000e+00  7.500000e+00 -3.500000e+00
   endloop
 endfacet
 facet normal -0.000000e+00  0.000000e+00 -1.000000e+00
   outer loop
     vertex  3.833467e+01  5.021852e+00 -3.500000e+00
     vertex  3.830244e+01  5.009516e+00 -3.500000e+00
     vertex  1.500000e+00  7.500000e+00 -3.500000e+00
   endloop
 endfacet
 facet normal -0.000000e+00  0.000000e+00 -1.000000e+00
   outer loop
     vertex  3.836721e+01  5.033310e+00 -3.500000e+00
     vertex  3.833467e+01  5.021852e+00 -3.500000e+00
     vertex  1.500000e+00  7.500000e+00 -3.500000e+00
   endloop
 endfacet
 facet normal -0.000000e+00  0.000000e+00 -1.000000e+00
   outer loop
     vertex  3.840005e+01  5.043883e+00 -3.500000e+00
     vertex  3.836721e+01  5.033310e+00 -3.500000e+00
     vertex  1.500000e+00  7.500000e+00 -3.500000e+00
   endloop
 endfacet
 facet normal  0.000000e+00  0.000000e+00 -1.000000e+00
   outer loop
     vertex  9.130000e+01  3.000000e-01 -3.500000e+00
     vertex  5.299699e+01  2.759777e+00 -3.500000e+00
     vertex  5.302417e+01  2.781027e+00 -3.500000e+00
   endloop
 endfacet
 facet normal  0.000000e+00  0.000000e+00 -1.000000e+00
   outer loop
     vertex  9.130000e+01  3.000000e-01 -3.500000e+00
     vertex  5.302417e+01  2.781027e+00 -3.500000e+00
     vertex  5.305077e+01  2.803006e+00 -3.500000e+00
   endloop
 endfacet
 facet normal  0.000000e+00  0.000000e+00 -1.000000e+00
   outer loop
     vertex  9.130000e+01  3.000000e-01 -3.500000e+00
     vertex  5.305077e+01  2.803006e+00 -3.500000e+00
     vertex  5.307676e+01  2.825696e+00 -3.500000e+00
   endloop
 endfacet
 facet normal  0.000000e+00  0.000000e+00 -1.000000e+00
   outer loop
     vertex  9.130000e+01  3.000000e-01 -3.500000e+00
     vertex  5.307676e+01  2.825696e+00 -3.500000e+00
     vertex  5.310213e+01  2.849082e+00 -3.500000e+00
   endloop
 endfacet
 facet normal  0.000000e+00  0.000000e+00 -1.000000e+00
   outer loop
     vertex  9.130000e+01  3.000000e-01 -3.500000e+00
     vertex  5.310213e+01  2.849082e+00 -3.500000e+00
     vertex  5.312685e+01  2.873146e+00 -3.500000e+00
   endloop
 endfacet
 facet normal  0.000000e+00  0.000000e+00 -1.000000e+00
   outer loop
     vertex  9.130000e+01  3.000000e-01 -3.500000e+00
     vertex  5.312685e+01  2.873146e+00 -3.500000e+00
     vertex  5.315092e+01  2.897871e+00 -3.500000e+00
   endloop
 endfacet
 facet normal  0.000000e+00  0.000000e+00 -1.000000e+00
   outer loop
     vertex  9.130000e+01  3.000000e-01 -3.500000e+00
     vertex  5.315092e+01  2.897871e+00 -3.500000e+00
     vertex  5.317430e+01  2.923238e+00 -3.500000e+00
   endloop
 endfacet
 facet normal  0.000000e+00  0.000000e+00 -1.000000e+00
   outer loop
     vertex  9.130000e+01  3.000000e-01 -3.500000e+00
     vertex  5.317430e+01  2.923238e+00 -3.500000e+00
     vertex  5.319699e+01  2.949230e+00 -3.500000e+00
   endloop
 endfacet
 facet normal  0.000000e+00  0.000000e+00 -1.000000e+00
   outer loop
     vertex  9.130000e+01  3.000000e-01 -3.500000e+00
     vertex  5.319699e+01  2.949230e+00 -3.500000e+00
     vertex  5.321897e+01  2.975826e+00 -3.500000e+00
   endloop
 endfacet
 facet normal  0.000000e+00  0.000000e+00 -1.000000e+00
   outer loop
     vertex  9.130000e+01  3.000000e-01 -3.500000e+00
     vertex  5.321897e+01  2.975826e+00 -3.500000e+00
     vertex  5.324022e+01  3.003008e+00 -3.500000e+00
   endloop
 endfacet
 facet normal  0.000000e+00  0.000000e+00 -1.000000e+00
   outer loop
     vertex  9.130000e+01  3.000000e-01 -3.500000e+00
     vertex  5.324022e+01  3.003008e+00 -3.500000e+00
     vertex  5.326073e+01  3.030755e+00 -3.500000e+00
   endloop
 endfacet
 facet normal  0.000000e+00  0.000000e+00 -1.000000e+00
   outer loop
     vertex  9.130000e+01  3.000000e-01 -3.500000e+00
     vertex  5.326073e+01  3.030755e+00 -3.500000e+00
     vertex  5.328048e+01  3.059048e+00 -3.500000e+00
   endloop
 endfacet
 facet normal  0.000000e+00  0.000000e+00 -1.000000e+00
   outer loop
     vertex  9.130000e+01  3.000000e-01 -3.500000e+00
     vertex  5.328048e+01  3.059048e+00 -3.500000e+00
     vertex  5.329945e+01  3.087864e+00 -3.500000e+00
   endloop
 endfacet
 facet normal  0.000000e+00  0.000000e+00 -1.000000e+00
   outer loop
     vertex  9.130000e+01  3.000000e-01 -3.500000e+00
     vertex  5.329945e+01  3.087864e+00 -3.500000e+00
     vertex  5.331764e+01  3.117184e+00 -3.500000e+00
   endloop
 endfacet
 facet normal  0.000000e+00  0.000000e+00 -1.000000e+00
   outer loop
     vertex  9.130000e+01  3.000000e-01 -3.500000e+00
     vertex  5.331764e+01  3.117184e+00 -3.500000e+00
     vertex  5.333502e+01  3.146986e+00 -3.500000e+00
   endloop
 endfacet
 facet normal  0.000000e+00  0.000000e+00 -1.000000e+00
   outer loop
     vertex  9.130000e+01  3.000000e-01 -3.500000e+00
     vertex  5.333502e+01  3.146986e+00 -3.500000e+00
     vertex  5.335159e+01  3.177248e+00 -3.500000e+00
   endloop
 endfacet
 facet normal  0.000000e+00  0.000000e+00 -1.000000e+00
   outer loop
     vertex  9.130000e+01  3.000000e-01 -3.500000e+00
     vertex  5.335159e+01  3.177248e+00 -3.500000e+00
     vertex  5.336734e+01  3.207947e+00 -3.500000e+00
   endloop
 endfacet
 facet normal  0.000000e+00  0.000000e+00 -1.000000e+00
   outer loop
     vertex  9.130000e+01  3.000000e-01 -3.500000e+00
     vertex  5.336734e+01  3.207947e+00 -3.500000e+00
     vertex  5.338225e+01  3.239061e+00 -3.500000e+00
   endloop
 endfacet
 facet normal  0.000000e+00  0.000000e+00 -1.000000e+00
   outer loop
     vertex  9.130000e+01  3.000000e-01 -3.500000e+00
     vertex  5.338225e+01  3.239061e+00 -3.500000e+00
     vertex  5.339631e+01  3.270568e+00 -3.500000e+00
   endloop
 endfacet
 facet normal  0.000000e+00  0.000000e+00 -1.000000e+00
   outer loop
     vertex  9.130000e+01  3.000000e-01 -3.500000e+00
     vertex  5.339631e+01  3.270568e+00 -3.500000e+00
     vertex  5.340952e+01  3.302444e+00 -3.500000e+00
   endloop
 endfacet
 facet normal  0.000000e+00  0.000000e+00 -1.000000e+00
   outer loop
     vertex  9.130000e+01  3.000000e-01 -3.500000e+00
     vertex  5.340952e+01  3.302444e+00 -3.500000e+00
     vertex  5.342185e+01  3.334666e+00 -3.500000e+00
   endloop
 endfacet
 facet normal  0.000000e+00  0.000000e+00 -1.000000e+00
   outer loop
     vertex  9.130000e+01  3.000000e-01 -3.500000e+00
     vertex  5.342185e+01  3.334666e+00 -3.500000e+00
     vertex  5.343331e+01  3.367210e+00 -3.500000e+00
   endloop
 endfacet
 facet normal  0.000000e+00  0.000000e+00 -1.000000e+00
   outer loop
     vertex  9.130000e+01  3.000000e-01 -3.500000e+00
     vertex  5.343331e+01  3.367210e+00 -3.500000e+00
     vertex  5.344388e+01  3.400052e+00 -3.500000e+00
   endloop
 endfacet
 facet normal  0.000000e+00  0.000000e+00 -1.000000e+00
   outer loop
     vertex  9.130000e+01  3.000000e-01 -3.500000e+00
     vertex  5.344388e+01  3.400052e+00 -3.500000e+00
     vertex  5.345356e+01  3.433169e+00 -3.500000e+00
   endloop
 endfacet
 facet normal  0.000000e+00  0.000000e+00 -1.000000e+00
   outer loop
     vertex  9.130000e+01  3.000000e-01 -3.500000e+00
     vertex  5.345356e+01  3.433169e+00 -3.500000e+00
     vertex  5.346234e+01  3.466536e+00 -3.500000e+00
   endloop
 endfacet
 facet normal  0.000000e+00  0.000000e+00 -1.000000e+00
   outer loop
     vertex  9.130000e+01  3.000000e-01 -3.500000e+00
     vertex  5.346234e+01  3.466536e+00 -3.500000e+00
     vertex  5.347021e+01  3.500128e+00 -3.500000e+00
   endloop
 endfacet
 facet normal  0.000000e+00  0.000000e+00 -1.000000e+00
   outer loop
     vertex  9.130000e+01  3.000000e-01 -3.500000e+00
     vertex  5.266533e+01  2.578148e+00 -3.500000e+00
     vertex  5.269756e+01  2.590484e+00 -3.500000e+00
   endloop
 endfacet
 facet normal  0.000000e+00  0.000000e+00 -1.000000e+00
   outer loop
     vertex  9.130000e+01  3.000000e-01 -3.500000e+00
     vertex  5.269756e+01  2.590484e+00 -3.500000e+00
     vertex  5.272943e+01  2.603687e+00 -3.500000e+00
   endloop
 endfacet
 facet normal  0.000000e+00  0.000000e+00 -1.000000e+00
   outer loop
     vertex  9.130000e+01  3.000000e-01 -3.500000e+00
     vertex  5.272943e+01  2.603687e+00 -3.500000e+00
     vertex  5.276094e+01  2.617749e+00 -3.500000e+00
   endloop
 endfacet
 facet normal  0.000000e+00  0.000000e+00 -1.000000e+00
   outer loop
     vertex  9.130000e+01  3.000000e-01 -3.500000e+00
     vertex  5.276094e+01  2.617749e+00 -3.500000e+00
     vertex  5.279205e+01  2.632659e+00 -3.500000e+00
   endloop
 endfacet
 facet normal  0.000000e+00  0.000000e+00 -1.000000e+00
   outer loop
     vertex  9.130000e+01  3.000000e-01 -3.500000e+00
     vertex  5.279205e+01  2.632659e+00 -3.500000e+00
     vertex  5.282275e+01  2.648406e+00 -3.500000e+00
   endloop
 endfacet
 facet normal  0.000000e+00  0.000000e+00 -1.000000e+00
   outer loop
     vertex  9.130000e+01  3.000000e-01 -3.500000e+00
     vertex  5.282275e+01  2.648406e+00 -3.500000e+00
     vertex  5.285301e+01  2.664978e+00 -3.500000e+00
   endloop
 endfacet
 facet normal  0.000000e+00  0.000000e+00 -1.000000e+00
   outer loop
     vertex  9.130000e+01  3.000000e-01 -3.500000e+00
     vertex  5.285301e+01  2.664978e+00 -3.500000e+00
     vertex  5.288282e+01  2.682364e+00 -3.500000e+00
   endloop
 endfacet
 facet normal  0.000000e+00  0.000000e+00 -1.000000e+00
   outer loop
     vertex  9.130000e+01  3.000000e-01 -3.500000e+00
     vertex  5.288282e+01  2.682364e+00 -3.500000e+00
     vertex  5.291214e+01  2.700550e+00 -3.500000e+00
   endloop
 endfacet
 facet normal  0.000000e+00  0.000000e+00 -1.000000e+00
   outer loop
     vertex  9.130000e+01  3.000000e-01 -3.500000e+00
     vertex  5.291214e+01  2.700550e+00 -3.500000e+00
     vertex  5.294095e+01  2.719524e+00 -3.500000e+00
   endloop
 endfacet
 facet normal  0.000000e+00  0.000000e+00 -1.000000e+00
   outer loop
     vertex  9.130000e+01  3.000000e-01 -3.500000e+00
     vertex  5.294095e+01  2.719524e+00 -3.500000e+00
     vertex  5.296924e+01  2.739271e+00 -3.500000e+00
   endloop
 endfacet
 facet normal  0.000000e+00  0.000000e+00 -1.000000e+00
   outer loop
     vertex  9.130000e+01  3.000000e-01 -3.500000e+00
     vertex  5.296924e+01  2.739271e+00 -3.500000e+00
     vertex  5.299699e+01  2.759777e+00 -3.500000e+00
   endloop
 endfacet
 facet normal  0.000000e+00  0.000000e+00 -1.000000e+00
   outer loop
     vertex  8.950000e+01  7.500000e+00 -3.500000e+00
     vertex  5.350000e+01  3.826000e+00 -3.500000e+00
     vertex  5.349953e+01  3.860499e+00 -3.500000e+00
   endloop
 endfacet
 facet normal  0.000000e+00  0.000000e+00 -1.000000e+00
   outer loop
     vertex  8.950000e+01  7.500000e+00 -3.500000e+00
     vertex  5.349953e+01  3.860499e+00 -3.500000e+00
     vertex  5.349813e+01  3.894973e+00 -3.500000e+00
   endloop
 endfacet
 facet normal  0.000000e+00  0.000000e+00 -1.000000e+00
   outer loop
     vertex  8.950000e+01  7.500000e+00 -3.500000e+00
     vertex  5.349813e+01  3.894973e+00 -3.500000e+00
     vertex  5.349580e+01  3.929396e+00 -3.500000e+00
   endloop
 endfacet
 facet normal  0.000000e+00  0.000000e+00 -1.000000e+00
   outer loop
     vertex  8.950000e+01  7.500000e+00 -3.500000e+00
     vertex  5.349580e+01  3.929396e+00 -3.500000e+00
     vertex  5.349253e+01  3.963744e+00 -3.500000e+00
   endloop
 endfacet
 facet normal  0.000000e+00  0.000000e+00 -1.000000e+00
   outer loop
     vertex  8.950000e+01  7.500000e+00 -3.500000e+00
     vertex  5.349253e+01  3.963744e+00 -3.500000e+00
     vertex  5.348834e+01  3.997990e+00 -3.500000e+00
   endloop
 endfacet
 facet normal  0.000000e+00  0.000000e+00 -1.000000e+00
   outer loop
     vertex  8.950000e+01  7.500000e+00 -3.500000e+00
     vertex  5.348834e+01  3.997990e+00 -3.500000e+00
     vertex  5.348322e+01  4.032110e+00 -3.500000e+00
   endloop
 endfacet
 facet normal  0.000000e+00  0.000000e+00 -1.000000e+00
   outer loop
     vertex  8.950000e+01  7.500000e+00 -3.500000e+00
     vertex  5.348322e+01  4.032110e+00 -3.500000e+00
     vertex  5.347717e+01  4.066079e+00 -3.500000e+00
   endloop
 endfacet
 facet normal  0.000000e+00  0.000000e+00 -1.000000e+00
   outer loop
     vertex  8.950000e+01  7.500000e+00 -3.500000e+00
     vertex  5.347717e+01  4.066079e+00 -3.500000e+00
     vertex  5.347021e+01  4.099872e+00 -3.500000e+00
   endloop
 endfacet
 facet normal  0.000000e+00 -0.000000e+00 -1.000000e+00
   outer loop
     vertex  8.950000e+01  7.500000e+00 -3.500000e+00
     vertex  9.130000e+01  3.000000e-01 -3.500000e+00
     vertex  5.347021e+01  3.500128e+00 -3.500000e+00
   endloop
 endfacet
 facet normal  0.000000e+00  0.000000e+00 -1.000000e+00
   outer loop
     vertex  8.950000e+01  7.500000e+00 -3.500000e+00
     vertex  5.347021e+01  3.500128e+00 -3.500000e+00
     vertex  5.347717e+01  3.533921e+00 -3.500000e+00
   endloop
 endfacet
 facet normal  0.000000e+00  0.000000e+00 -1.000000e+00
   outer loop
     vertex  8.950000e+01  7.500000e+00 -3.500000e+00
     vertex  5.347021e+01  4.099872e+00 -3.500000e+00
     vertex  5.346234e+01  4.133464e+00 -3.500000e+00
   endloop
 endfacet
 facet normal  0.000000e+00  0.000000e+00 -1.000000e+00
   outer loop
     vertex  8.950000e+01  7.500000e+00 -3.500000e+00
     vertex  5.347717e+01  3.533921e+00 -3.500000e+00
     vertex  5.348322e+01  3.567890e+00 -3.500000e+00
   endloop
 endfacet
 facet normal  0.000000e+00  0.000000e+00 -1.000000e+00
   outer loop
     vertex  8.950000e+01  7.500000e+00 -3.500000e+00
     vertex  5.346234e+01  4.133464e+00 -3.500000e+00
     vertex  5.345356e+01  4.166831e+00 -3.500000e+00
   endloop
 endfacet
 facet normal  0.000000e+00  0.000000e+00 -1.000000e+00
   outer loop
     vertex  8.950000e+01  7.500000e+00 -3.500000e+00
     vertex  5.348322e+01  3.567890e+00 -3.500000e+00
     vertex  5.348834e+01  3.602010e+00 -3.500000e+00
   endloop
 endfacet
 facet normal  0.000000e+00  0.000000e+00 -1.000000e+00
   outer loop
     vertex  8.950000e+01  7.500000e+00 -3.500000e+00
     vertex  5.345356e+01  4.166831e+00 -3.500000e+00
     vertex  5.344388e+01  4.199948e+00 -3.500000e+00
   endloop
 endfacet
 facet normal  0.000000e+00  0.000000e+00 -1.000000e+00
   outer loop
     vertex  8.950000e+01  7.500000e+00 -3.500000e+00
     vertex  5.348834e+01  3.602010e+00 -3.500000e+00
     vertex  5.349253e+01  3.636256e+00 -3.500000e+00
   endloop
 endfacet
 facet normal  0.000000e+00  0.000000e+00 -1.000000e+00
   outer loop
     vertex  8.950000e+01  7.500000e+00 -3.500000e+00
     vertex  5.344388e+01  4.199948e+00 -3.500000e+00
     vertex  5.343331e+01  4.232790e+00 -3.500000e+00
   endloop
 endfacet
 facet normal  0.000000e+00  0.000000e+00 -1.000000e+00
   outer loop
     vertex  8.950000e+01  7.500000e+00 -3.500000e+00
     vertex  5.349253e+01  3.636256e+00 -3.500000e+00
     vertex  5.349580e+01  3.670604e+00 -3.500000e+00
   endloop
 endfacet
 facet normal  0.000000e+00  0.000000e+00 -1.000000e+00
   outer loop
     vertex  8.950000e+01  7.500000e+00 -3.500000e+00
     vertex  5.343331e+01  4.232790e+00 -3.500000e+00
     vertex  5.342185e+01  4.265334e+00 -3.500000e+00
   endloop
 endfacet
 facet normal  0.000000e+00  0.000000e+00 -1.000000e+00
   outer loop
     vertex  8.950000e+01  7.500000e+00 -3.500000e+00
     vertex  5.349580e+01  3.670604e+00 -3.500000e+00
     vertex  5.349813e+01  3.705027e+00 -3.500000e+00
   endloop
 endfacet
 facet normal  0.000000e+00  0.000000e+00 -1.000000e+00
   outer loop
     vertex  8.950000e+01  7.500000e+00 -3.500000e+00
     vertex  5.342185e+01  4.265334e+00 -3.500000e+00
     vertex  5.340952e+01  4.297556e+00 -3.500000e+00
   endloop
 endfacet
 facet normal  0.000000e+00  0.000000e+00 -1.000000e+00
   outer loop
     vertex  8.950000e+01  7.500000e+00 -3.500000e+00
     vertex  5.349813e+01  3.705027e+00 -3.500000e+00
     vertex  5.349953e+01  3.739501e+00 -3.500000e+00
   endloop
 endfacet
 facet normal  0.000000e+00  0.000000e+00 -1.000000e+00
   outer loop
     vertex  8.950000e+01  7.500000e+00 -3.500000e+00
     vertex  5.340952e+01  4.297556e+00 -3.500000e+00
     vertex  5.339631e+01  4.329432e+00 -3.500000e+00
   endloop
 endfacet
 facet normal  0.000000e+00  0.000000e+00 -1.000000e+00
   outer loop
     vertex  8.950000e+01  7.500000e+00 -3.500000e+00
     vertex  5.349953e+01  3.739501e+00 -3.500000e+00
     vertex  5.350000e+01  3.774000e+00 -3.500000e+00
   endloop
 endfacet
 facet normal  0.000000e+00  0.000000e+00 -1.000000e+00
   outer loop
     vertex  8.950000e+01  7.500000e+00 -3.500000e+00
     vertex  5.339631e+01  4.329432e+00 -3.500000e+00
     vertex  5.338225e+01  4.360939e+00 -3.500000e+00
   endloop
 endfacet
 facet normal  0.000000e+00  0.000000e+00 -1.000000e+00
   outer loop
     vertex  8.950000e+01  7.500000e+00 -3.500000e+00
     vertex  5.338225e+01  4.360939e+00 -3.500000e+00
     vertex  5.336734e+01  4.392053e+00 -3.500000e+00
   endloop
 endfacet
 facet normal  0.000000e+00  0.000000e+00 -1.000000e+00
   outer loop
     vertex  8.950000e+01  7.500000e+00 -3.500000e+00
     vertex  5.336734e+01  4.392053e+00 -3.500000e+00
     vertex  5.335159e+01  4.422752e+00 -3.500000e+00
   endloop
 endfacet
 facet normal  0.000000e+00  0.000000e+00 -1.000000e+00
   outer loop
     vertex  8.950000e+01  7.500000e+00 -3.500000e+00
     vertex  5.335159e+01  4.422752e+00 -3.500000e+00
     vertex  5.333502e+01  4.453014e+00 -3.500000e+00
   endloop
 endfacet
 facet normal  0.000000e+00  0.000000e+00 -1.000000e+00
   outer loop
     vertex  8.950000e+01  7.500000e+00 -3.500000e+00
     vertex  5.333502e+01  4.453014e+00 -3.500000e+00
     vertex  5.331764e+01  4.482816e+00 -3.500000e+00
   endloop
 endfacet
 facet normal  0.000000e+00  0.000000e+00 -1.000000e+00
   outer loop
     vertex  8.950000e+01  7.500000e+00 -3.500000e+00
     vertex  5.331764e+01  4.482816e+00 -3.500000e+00
     vertex  5.329945e+01  4.512136e+00 -3.500000e+00
   endloop
 endfacet
 facet normal  0.000000e+00  0.000000e+00 -1.000000e+00
   outer loop
     vertex  8.950000e+01  7.500000e+00 -3.500000e+00
     vertex  5.329945e+01  4.512136e+00 -3.500000e+00
     vertex  5.328048e+01  4.540952e+00 -3.500000e+00
   endloop
 endfacet
 facet normal  0.000000e+00  0.000000e+00 -1.000000e+00
   outer loop
     vertex  8.950000e+01  7.500000e+00 -3.500000e+00
     vertex  5.328048e+01  4.540952e+00 -3.500000e+00
     vertex  5.326073e+01  4.569245e+00 -3.500000e+00
   endloop
 endfacet
 facet normal  0.000000e+00  0.000000e+00 -1.000000e+00
   outer loop
     vertex  8.950000e+01  7.500000e+00 -3.500000e+00
     vertex  5.326073e+01  4.569245e+00 -3.500000e+00
     vertex  5.324022e+01  4.596992e+00 -3.500000e+00
   endloop
 endfacet
 facet normal  0.000000e+00  0.000000e+00 -1.000000e+00
   outer loop
     vertex  8.950000e+01  7.500000e+00 -3.500000e+00
     vertex  5.324022e+01  4.596992e+00 -3.500000e+00
     vertex  5.321897e+01  4.624174e+00 -3.500000e+00
   endloop
 endfacet
 facet normal  0.000000e+00  0.000000e+00 -1.000000e+00
   outer loop
     vertex  8.950000e+01  7.500000e+00 -3.500000e+00
     vertex  9.250000e+01  4.500000e+00 -3.500000e+00
     vertex  9.130000e+01  3.000000e-01 -3.500000e+00
   endloop
 endfacet
 facet normal  0.000000e+00  0.000000e+00 -1.000000e+00
   outer loop
     vertex  8.950000e+01  7.500000e+00 -3.500000e+00
     vertex  5.321897e+01  4.624174e+00 -3.500000e+00
     vertex  5.319699e+01  4.650770e+00 -3.500000e+00
   endloop
 endfacet
 facet normal  0.000000e+00  0.000000e+00 -1.000000e+00
   outer loop
     vertex  8.950000e+01  7.500000e+00 -3.500000e+00
     vertex  5.319699e+01  4.650770e+00 -3.500000e+00
     vertex  5.317430e+01  4.676762e+00 -3.500000e+00
   endloop
 endfacet
 facet normal  0.000000e+00  0.000000e+00 -1.000000e+00
   outer loop
     vertex  8.950000e+01  7.500000e+00 -3.500000e+00
     vertex  5.317430e+01  4.676762e+00 -3.500000e+00
     vertex  5.315092e+01  4.702129e+00 -3.500000e+00
   endloop
 endfacet
 facet normal  0.000000e+00  0.000000e+00 -1.000000e+00
   outer loop
     vertex  8.950000e+01  7.500000e+00 -3.500000e+00
     vertex  5.315092e+01  4.702129e+00 -3.500000e+00
     vertex  5.312685e+01  4.726854e+00 -3.500000e+00
   endloop
 endfacet
 facet normal  0.000000e+00  0.000000e+00 -1.000000e+00
   outer loop
     vertex  8.950000e+01  7.500000e+00 -3.500000e+00
     vertex  5.312685e+01  4.726854e+00 -3.500000e+00
     vertex  5.310213e+01  4.750918e+00 -3.500000e+00
   endloop
 endfacet
 facet normal  0.000000e+00  0.000000e+00 -1.000000e+00
   outer loop
     vertex  8.950000e+01  7.500000e+00 -3.500000e+00
     vertex  5.310213e+01  4.750918e+00 -3.500000e+00
     vertex  5.307676e+01  4.774304e+00 -3.500000e+00
   endloop
 endfacet
 facet normal  0.000000e+00  0.000000e+00 -1.000000e+00
   outer loop
     vertex  8.950000e+01  7.500000e+00 -3.500000e+00
     vertex  5.307676e+01  4.774304e+00 -3.500000e+00
     vertex  5.305077e+01  4.796994e+00 -3.500000e+00
   endloop
 endfacet
 facet normal  0.000000e+00  0.000000e+00 -1.000000e+00
   outer loop
     vertex  8.950000e+01  7.500000e+00 -3.500000e+00
     vertex  5.305077e+01  4.796994e+00 -3.500000e+00
     vertex  5.302417e+01  4.818973e+00 -3.500000e+00
   endloop
 endfacet
 facet normal  0.000000e+00  0.000000e+00 -1.000000e+00
   outer loop
     vertex  8.950000e+01  7.500000e+00 -3.500000e+00
     vertex  5.302417e+01  4.818973e+00 -3.500000e+00
     vertex  5.299699e+01  4.840223e+00 -3.500000e+00
   endloop
 endfacet
 facet normal  0.000000e+00  0.000000e+00 -1.000000e+00
   outer loop
     vertex  8.950000e+01  7.500000e+00 -3.500000e+00
     vertex  5.299699e+01  4.840223e+00 -3.500000e+00
     vertex  5.296924e+01  4.860729e+00 -3.500000e+00
   endloop
 endfacet
 facet normal  0.000000e+00  0.000000e+00 -1.000000e+00
   outer loop
     vertex  8.950000e+01  7.500000e+00 -3.500000e+00
     vertex  5.296924e+01  4.860729e+00 -3.500000e+00
     vertex  5.294095e+01  4.880476e+00 -3.500000e+00
   endloop
 endfacet
 facet normal  0.000000e+00  0.000000e+00 -1.000000e+00
   outer loop
     vertex  8.950000e+01  7.500000e+00 -3.500000e+00
     vertex  5.294095e+01  4.880476e+00 -3.500000e+00
     vertex  5.291214e+01  4.899450e+00 -3.500000e+00
   endloop
 endfacet
 facet normal  0.000000e+00  0.000000e+00 -1.000000e+00
   outer loop
     vertex  8.950000e+01  7.500000e+00 -3.500000e+00
     vertex  5.291214e+01  4.899450e+00 -3.500000e+00
     vertex  5.288282e+01  4.917636e+00 -3.500000e+00
   endloop
 endfacet
 facet normal  0.000000e+00  0.000000e+00 -1.000000e+00
   outer loop
     vertex  8.950000e+01  7.500000e+00 -3.500000e+00
     vertex  5.288282e+01  4.917636e+00 -3.500000e+00
     vertex  5.285301e+01  4.935022e+00 -3.500000e+00
   endloop
 endfacet
 facet normal  0.000000e+00  0.000000e+00 -1.000000e+00
   outer loop
     vertex  8.950000e+01  7.500000e+00 -3.500000e+00
     vertex  5.285301e+01  4.935022e+00 -3.500000e+00
     vertex  5.282275e+01  4.951594e+00 -3.500000e+00
   endloop
 endfacet
 facet normal  0.000000e+00  0.000000e+00 -1.000000e+00
   outer loop
     vertex  8.950000e+01  7.500000e+00 -3.500000e+00
     vertex  5.282275e+01  4.951594e+00 -3.500000e+00
     vertex  5.279205e+01  4.967341e+00 -3.500000e+00
   endloop
 endfacet
 facet normal  0.000000e+00  0.000000e+00 -1.000000e+00
   outer loop
     vertex  8.950000e+01  7.500000e+00 -3.500000e+00
     vertex  5.279205e+01  4.967341e+00 -3.500000e+00
     vertex  5.276094e+01  4.982251e+00 -3.500000e+00
   endloop
 endfacet
 facet normal  0.000000e+00  0.000000e+00 -1.000000e+00
   outer loop
     vertex  8.950000e+01  7.500000e+00 -3.500000e+00
     vertex  5.276094e+01  4.982251e+00 -3.500000e+00
     vertex  5.272943e+01  4.996313e+00 -3.500000e+00
   endloop
 endfacet
 facet normal  0.000000e+00  0.000000e+00 -1.000000e+00
   outer loop
     vertex  8.950000e+01  7.500000e+00 -3.500000e+00
     vertex  5.272943e+01  4.996313e+00 -3.500000e+00
     vertex  5.269756e+01  5.009516e+00 -3.500000e+00
   endloop
 endfacet
 facet normal  0.000000e+00  0.000000e+00 -1.000000e+00
   outer loop
     vertex  8.950000e+01  7.500000e+00 -3.500000e+00
     vertex  5.269756e+01  5.009516e+00 -3.500000e+00
     vertex  5.266533e+01  5.021852e+00 -3.500000e+00
   endloop
 endfacet
 facet normal  0.000000e+00  0.000000e+00 -1.000000e+00
   outer loop
     vertex  8.950000e+01  7.500000e+00 -3.500000e+00
     vertex  5.266533e+01  5.021852e+00 -3.500000e+00
     vertex  5.263279e+01  5.033310e+00 -3.500000e+00
   endloop
 endfacet
 facet normal  0.000000e+00  0.000000e+00 -1.000000e+00
   outer loop
     vertex  8.950000e+01  7.500000e+00 -3.500000e+00
     vertex  5.263279e+01  5.033310e+00 -3.500000e+00
     vertex  5.259995e+01  5.043883e+00 -3.500000e+00
   endloop
 endfacet
 facet normal  0.000000e+00  0.000000e+00 -1.000000e+00
   outer loop
     vertex  8.950000e+01  7.500000e+00 -3.500000e+00
     vertex  5.350000e+01  3.774000e+00 -3.500000e+00
     vertex  5.350000e+01  3.826000e+00 -3.500000e+00
   endloop
 endfacet
 facet normal  0.000000e+00  0.000000e+00 -1.000000e+00
   outer loop
     vertex  8.974348e+01  7.490104e+00 -3.500000e+00
     vertex  8.958124e+01  7.498900e+00 -3.500000e+00
     vertex  8.966242e+01  7.495600e+00 -3.500000e+00
   endloop
 endfacet
 facet normal  0.000000e+00  0.000000e+00 -1.000000e+00
   outer loop
     vertex  9.248241e+01  4.824357e+00 -3.500000e+00
     vertex  9.249890e+01  4.581238e+00 -3.500000e+00
     vertex  9.250000e+01  4.500000e+00 -3.500000e+00
   endloop
 endfacet
 facet normal  0.000000e+00  0.000000e+00 -1.000000e+00
   outer loop
     vertex  9.248241e+01  4.824357e+00 -3.500000e+00
     vertex  9.249560e+01  4.662417e+00 -3.500000e+00
     vertex  9.249890e+01  4.581238e+00 -3.500000e+00
   endloop
 endfacet
 facet normal  0.000000e+00  0.000000e+00 -1.000000e+00
   outer loop
     vertex  9.248241e+01  4.824357e+00 -3.500000e+00
     vertex  9.249010e+01  4.743476e+00 -3.500000e+00
     vertex  9.249560e+01  4.662417e+00 -3.500000e+00
   endloop
 endfacet
 facet normal  0.000000e+00  0.000000e+00 -1.000000e+00
   outer loop
     vertex  8.982436e+01  7.482414e+00 -3.500000e+00
     vertex  8.958124e+01  7.498900e+00 -3.500000e+00
     vertex  8.974348e+01  7.490104e+00 -3.500000e+00
   endloop
 endfacet
 facet normal  0.000000e+00  0.000000e+00 -1.000000e+00
   outer loop
     vertex  8.990500e+01  7.472537e+00 -3.500000e+00
     vertex  8.958124e+01  7.498900e+00 -3.500000e+00
     vertex  8.982436e+01  7.482414e+00 -3.500000e+00
   endloop
 endfacet
 facet normal  0.000000e+00  0.000000e+00 -1.000000e+00
   outer loop
     vertex  9.247254e+01  4.905000e+00 -3.500000e+00
     vertex  9.248241e+01  4.824357e+00 -3.500000e+00
     vertex  9.250000e+01  4.500000e+00 -3.500000e+00
   endloop
 endfacet
 facet normal  0.000000e+00  0.000000e+00 -1.000000e+00
   outer loop
     vertex  8.998535e+01  7.460480e+00 -3.500000e+00
     vertex  8.958124e+01  7.498900e+00 -3.500000e+00
     vertex  8.990500e+01  7.472537e+00 -3.500000e+00
   endloop
 endfacet
 facet normal  0.000000e+00  0.000000e+00 -1.000000e+00
   outer loop
     vertex  9.244625e+01  5.065336e+00 -3.500000e+00
     vertex  9.247254e+01  4.905000e+00 -3.500000e+00
     vertex  9.250000e+01  4.500000e+00 -3.500000e+00
   endloop
 endfacet
 facet normal  0.000000e+00  0.000000e+00 -1.000000e+00
   outer loop
     vertex  9.244625e+01  5.065336e+00 -3.500000e+00
     vertex  9.246048e+01  4.985346e+00 -3.500000e+00
     vertex  9.247254e+01  4.905000e+00 -3.500000e+00
   endloop
 endfacet
 facet normal  0.000000e+00  0.000000e+00 -1.000000e+00
   outer loop
     vertex  9.241132e+01  5.224014e+00 -3.500000e+00
     vertex  9.244625e+01  5.065336e+00 -3.500000e+00
     vertex  9.250000e+01  4.500000e+00 -3.500000e+00
   endloop
 endfacet
 facet normal  0.000000e+00  0.000000e+00 -1.000000e+00
   outer loop
     vertex  9.241132e+01  5.224014e+00 -3.500000e+00
     vertex  9.242986e+01  5.144911e+00 -3.500000e+00
     vertex  9.244625e+01  5.065336e+00 -3.500000e+00
   endloop
 endfacet
 facet normal  0.000000e+00  0.000000e+00 -1.000000e+00
   outer loop
     vertex  9.239065e+01  5.302585e+00 -3.500000e+00
     vertex  9.241132e+01  5.224014e+00 -3.500000e+00
     vertex  9.250000e+01  4.500000e+00 -3.500000e+00
   endloop
 endfacet
 facet normal  0.000000e+00  0.000000e+00 -1.000000e+00
   outer loop
     vertex  9.030259e+01  7.390650e+00 -3.500000e+00
     vertex  9.014491e+01  7.429862e+00 -3.500000e+00
     vertex  9.022401e+01  7.411323e+00 -3.500000e+00
   endloop
 endfacet
 facet normal  0.000000e+00  0.000000e+00 -1.000000e+00
   outer loop
     vertex  9.030259e+01  7.390650e+00 -3.500000e+00
     vertex  9.006534e+01  7.446251e+00 -3.500000e+00
     vertex  9.014491e+01  7.429862e+00 -3.500000e+00
   endloop
 endfacet
 facet normal  0.000000e+00  0.000000e+00 -1.000000e+00
   outer loop
     vertex  9.030259e+01  7.390650e+00 -3.500000e+00
     vertex  8.998535e+01  7.460480e+00 -3.500000e+00
     vertex  9.006534e+01  7.446251e+00 -3.500000e+00
   endloop
 endfacet
 facet normal  0.000000e+00  0.000000e+00 -1.000000e+00
   outer loop
     vertex  9.234296e+01  5.457905e+00 -3.500000e+00
     vertex  8.950000e+01  7.500000e+00 -3.500000e+00
     vertex  8.958124e+01  7.498900e+00 -3.500000e+00
   endloop
 endfacet
 facet normal -0.000000e+00 -0.000000e+00 -1.000000e+00
   outer loop
     vertex  9.234296e+01  5.457905e+00 -3.500000e+00
     vertex  9.250000e+01  4.500000e+00 -3.500000e+00
     vertex  8.950000e+01  7.500000e+00 -3.500000e+00
   endloop
 endfacet
 facet normal  0.000000e+00  0.000000e+00 -1.000000e+00
   outer loop
     vertex  9.234296e+01  5.457905e+00 -3.500000e+00
     vertex  9.239065e+01  5.302585e+00 -3.500000e+00
     vertex  9.250000e+01  4.500000e+00 -3.500000e+00
   endloop
 endfacet
 facet normal  0.000000e+00  0.000000e+00 -1.000000e+00
   outer loop
     vertex  9.234296e+01  5.457905e+00 -3.500000e+00
     vertex  9.236786e+01  5.380568e+00 -3.500000e+00
     vertex  9.239065e+01  5.302585e+00 -3.500000e+00
   endloop
 endfacet
 facet normal  0.000000e+00  0.000000e+00 -1.000000e+00
   outer loop
     vertex  9.045790e+01  7.342960e+00 -3.500000e+00
     vertex  9.030259e+01  7.390650e+00 -3.500000e+00
     vertex  9.038057e+01  7.367856e+00 -3.500000e+00
   endloop
 endfacet
 facet normal  0.000000e+00  0.000000e+00 -1.000000e+00
   outer loop
     vertex  9.045790e+01  7.342960e+00 -3.500000e+00
     vertex  8.998535e+01  7.460480e+00 -3.500000e+00
     vertex  9.030259e+01  7.390650e+00 -3.500000e+00
   endloop
 endfacet
 facet normal  0.000000e+00  0.000000e+00 -1.000000e+00
   outer loop
     vertex  9.228693e+01  5.610414e+00 -3.500000e+00
     vertex  8.958124e+01  7.498900e+00 -3.500000e+00
     vertex  8.998535e+01  7.460480e+00 -3.500000e+00
   endloop
 endfacet
 facet normal -0.000000e+00 -0.000000e+00 -1.000000e+00
   outer loop
     vertex  9.228693e+01  5.610414e+00 -3.500000e+00
     vertex  9.234296e+01  5.457905e+00 -3.500000e+00
     vertex  8.958124e+01  7.498900e+00 -3.500000e+00
   endloop
 endfacet
 facet normal  0.000000e+00  0.000000e+00 -1.000000e+00
   outer loop
     vertex  9.228693e+01  5.610414e+00 -3.500000e+00
     vertex  9.231598e+01  5.534539e+00 -3.500000e+00
     vertex  9.234296e+01  5.457905e+00 -3.500000e+00
   endloop
 endfacet
 facet normal  0.000000e+00  0.000000e+00 -1.000000e+00
   outer loop
     vertex  9.061041e+01  7.286930e+00 -3.500000e+00
     vertex  9.045790e+01  7.342960e+00 -3.500000e+00
     vertex  9.053454e+01  7.315977e+00 -3.500000e+00
   endloop
 endfacet
 facet normal  0.000000e+00  0.000000e+00 -1.000000e+00
   outer loop
     vertex  9.068548e+01  7.255839e+00 -3.500000e+00
     vertex  8.998535e+01  7.460480e+00 -3.500000e+00
     vertex  9.045790e+01  7.342960e+00 -3.500000e+00
   endloop
 endfacet
 facet normal  0.000000e+00  0.000000e+00 -1.000000e+00
   outer loop
     vertex  9.068548e+01  7.255839e+00 -3.500000e+00
     vertex  9.045790e+01  7.342960e+00 -3.500000e+00
     vertex  9.061041e+01  7.286930e+00 -3.500000e+00
   endloop
 endfacet
 facet normal  0.000000e+00  0.000000e+00 -1.000000e+00
   outer loop
     vertex  9.222273e+01  5.759667e+00 -3.500000e+00
     vertex  9.225584e+01  5.685476e+00 -3.500000e+00
     vertex  9.228693e+01  5.610414e+00 -3.500000e+00
   endloop
 endfacet
 facet normal  0.000000e+00  0.000000e+00 -1.000000e+00
   outer loop
     vertex  9.075967e+01  7.222726e+00 -3.500000e+00
     vertex  8.998535e+01  7.460480e+00 -3.500000e+00
     vertex  9.068548e+01  7.255839e+00 -3.500000e+00
   endloop
 endfacet
 facet normal  0.000000e+00  0.000000e+00 -1.000000e+00
   outer loop
     vertex  9.218762e+01  5.832935e+00 -3.500000e+00
     vertex  9.222273e+01  5.759667e+00 -3.500000e+00
     vertex  9.228693e+01  5.610414e+00 -3.500000e+00
   endloop
 endfacet
 facet normal  0.000000e+00  0.000000e+00 -1.000000e+00
   outer loop
     vertex  9.090523e+01  7.150536e+00 -3.500000e+00
     vertex  9.075967e+01  7.222726e+00 -3.500000e+00
     vertex  9.083294e+01  7.187617e+00 -3.500000e+00
   endloop
 endfacet
 facet normal  0.000000e+00  0.000000e+00 -1.000000e+00
   outer loop
     vertex  9.211151e+01  5.976485e+00 -3.500000e+00
     vertex  9.215054e+01  5.905225e+00 -3.500000e+00
     vertex  9.218762e+01  5.832935e+00 -3.500000e+00
   endloop
 endfacet
 facet normal  0.000000e+00  0.000000e+00 -1.000000e+00
   outer loop
     vertex  9.211151e+01  5.976485e+00 -3.500000e+00
     vertex  9.218762e+01  5.832935e+00 -3.500000e+00
     vertex  9.228693e+01  5.610414e+00 -3.500000e+00
   endloop
 endfacet
 facet normal -0.000000e+00 -0.000000e+00 -1.000000e+00
   outer loop
     vertex  9.207057e+01  6.046662e+00 -3.500000e+00
     vertex  9.228693e+01  5.610414e+00 -3.500000e+00
     vertex  8.998535e+01  7.460480e+00 -3.500000e+00
   endloop
 endfacet
 facet normal  0.000000e+00  0.000000e+00 -1.000000e+00
   outer loop
     vertex  9.207057e+01  6.046662e+00 -3.500000e+00
     vertex  9.211151e+01  5.976485e+00 -3.500000e+00
     vertex  9.228693e+01  5.610414e+00 -3.500000e+00
   endloop
 endfacet
 facet normal  0.000000e+00  0.000000e+00 -1.000000e+00
   outer loop
     vertex  9.104666e+01  7.070572e+00 -3.500000e+00
     vertex  9.075967e+01  7.222726e+00 -3.500000e+00
     vertex  9.090523e+01  7.150536e+00 -3.500000e+00
   endloop
 endfacet
 facet normal  0.000000e+00  0.000000e+00 -1.000000e+00
   outer loop
     vertex  9.104666e+01  7.070572e+00 -3.500000e+00
     vertex  9.090523e+01  7.150536e+00 -3.500000e+00
     vertex  9.097648e+01  7.111512e+00 -3.500000e+00
   endloop
 endfacet
 facet normal  0.000000e+00  0.000000e+00 -1.000000e+00
   outer loop
     vertex  9.125018e+01  6.936567e+00 -3.500000e+00
     vertex  9.075967e+01  7.222726e+00 -3.500000e+00
     vertex  9.104666e+01  7.070572e+00 -3.500000e+00
   endloop
 endfacet
 facet normal  0.000000e+00  0.000000e+00 -1.000000e+00
   outer loop
     vertex  9.125018e+01  6.936567e+00 -3.500000e+00
     vertex  9.111570e+01  7.027746e+00 -3.500000e+00
     vertex  9.118356e+01  6.983067e+00 -3.500000e+00
   endloop
 endfacet
 facet normal  0.000000e+00  0.000000e+00 -1.000000e+00
   outer loop
     vertex  9.125018e+01  6.936567e+00 -3.500000e+00
     vertex  9.104666e+01  7.070572e+00 -3.500000e+00
     vertex  9.111570e+01  7.027746e+00 -3.500000e+00
   endloop
 endfacet
 facet normal  0.000000e+00  0.000000e+00 -1.000000e+00
   outer loop
     vertex  9.188828e+01  6.315523e+00 -3.500000e+00
     vertex  9.202775e+01  6.115704e+00 -3.500000e+00
     vertex  9.207057e+01  6.046662e+00 -3.500000e+00
   endloop
 endfacet
 facet normal  0.000000e+00  0.000000e+00 -1.000000e+00
   outer loop
     vertex  9.188828e+01  6.315523e+00 -3.500000e+00
     vertex  9.198307e+01  6.183561e+00 -3.500000e+00
     vertex  9.202775e+01  6.115704e+00 -3.500000e+00
   endloop
 endfacet
 facet normal  0.000000e+00  0.000000e+00 -1.000000e+00
   outer loop
     vertex  9.188828e+01  6.315523e+00 -3.500000e+00
     vertex  9.193657e+01  6.250184e+00 -3.500000e+00
     vertex  9.198307e+01  6.183561e+00 -3.500000e+00
   endloop
 endfacet
 facet normal  0.000000e+00  0.000000e+00 -1.000000e+00
   outer loop
     vertex  9.131552e+01  6.888279e+00 -3.500000e+00
     vertex  9.075967e+01  7.222726e+00 -3.500000e+00
     vertex  9.125018e+01  6.936567e+00 -3.500000e+00
   endloop
 endfacet
 facet normal  0.000000e+00  0.000000e+00 -1.000000e+00
   outer loop
     vertex  9.131552e+01  6.888279e+00 -3.500000e+00
     vertex  8.998535e+01  7.460480e+00 -3.500000e+00
     vertex  9.075967e+01  7.222726e+00 -3.500000e+00
   endloop
 endfacet
 facet normal  0.000000e+00  0.000000e+00 -1.000000e+00
   outer loop
     vertex  9.137953e+01  6.838240e+00 -3.500000e+00
     vertex  8.998535e+01  7.460480e+00 -3.500000e+00
     vertex  9.131552e+01  6.888279e+00 -3.500000e+00
   endloop
 endfacet
 facet normal  0.000000e+00  0.000000e+00 -1.000000e+00
   outer loop
     vertex  9.178649e+01  6.442159e+00 -3.500000e+00
     vertex  9.188828e+01  6.315523e+00 -3.500000e+00
     vertex  9.207057e+01  6.046662e+00 -3.500000e+00
   endloop
 endfacet
 facet normal  0.000000e+00  0.000000e+00 -1.000000e+00
   outer loop
     vertex  9.178649e+01  6.442159e+00 -3.500000e+00
     vertex  9.183824e+01  6.379530e+00 -3.500000e+00
     vertex  9.188828e+01  6.315523e+00 -3.500000e+00
   endloop
 endfacet
 facet normal  0.000000e+00  0.000000e+00 -1.000000e+00
   outer loop
     vertex  9.173306e+01  6.503363e+00 -3.500000e+00
     vertex  9.178649e+01  6.442159e+00 -3.500000e+00
     vertex  9.207057e+01  6.046662e+00 -3.500000e+00
   endloop
 endfacet
 facet normal  0.000000e+00  0.000000e+00 -1.000000e+00
   outer loop
     vertex  9.150336e+01  6.733055e+00 -3.500000e+00
     vertex  8.998535e+01  7.460480e+00 -3.500000e+00
     vertex  9.137953e+01  6.838240e+00 -3.500000e+00
   endloop
 endfacet
 facet normal  0.000000e+00  0.000000e+00 -1.000000e+00
   outer loop
     vertex  9.150336e+01  6.733055e+00 -3.500000e+00
     vertex  9.137953e+01  6.838240e+00 -3.500000e+00
     vertex  9.144216e+01  6.786486e+00 -3.500000e+00
   endloop
 endfacet
 facet normal  0.000000e+00  0.000000e+00 -1.000000e+00
   outer loop
     vertex  9.156310e+01  6.677986e+00 -3.500000e+00
     vertex  8.998535e+01  7.460480e+00 -3.500000e+00
     vertex  9.150336e+01  6.733055e+00 -3.500000e+00
   endloop
 endfacet
 facet normal  0.000000e+00  0.000000e+00 -1.000000e+00
   outer loop
     vertex  9.162132e+01  6.621320e+00 -3.500000e+00
     vertex  9.173306e+01  6.503363e+00 -3.500000e+00
     vertex  9.207057e+01  6.046662e+00 -3.500000e+00
   endloop
 endfacet
 facet normal  0.000000e+00  0.000000e+00 -1.000000e+00
   outer loop
     vertex  9.162132e+01  6.621320e+00 -3.500000e+00
     vertex  8.998535e+01  7.460480e+00 -3.500000e+00
     vertex  9.156310e+01  6.677986e+00 -3.500000e+00
   endloop
 endfacet
 facet normal  0.000000e+00  0.000000e+00 -1.000000e+00
   outer loop
     vertex  9.162132e+01  6.621320e+00 -3.500000e+00
     vertex  9.167799e+01  6.563098e+00 -3.500000e+00
     vertex  9.173306e+01  6.503363e+00 -3.500000e+00
   endloop
 endfacet
 facet normal -0.000000e+00 -0.000000e+00 -1.000000e+00
   outer loop
     vertex  9.162132e+01  6.621320e+00 -3.500000e+00
     vertex  9.207057e+01  6.046662e+00 -3.500000e+00
     vertex  8.998535e+01  7.460480e+00 -3.500000e+00
   endloop
 endfacet
 facet normal  0.000000e+00  0.000000e+00 -1.000000e+00
   outer loop
     vertex -1.500000e+00  4.500000e+00 -3.500000e+00
     vertex -3.000000e-01  3.000000e-01 -3.500000e+00
     vertex -1.500000e+00 -8.250000e+01 -3.500000e+00
   endloop
 endfacet
 facet normal  0.000000e+00  0.000000e+00 -1.000000e+00
   outer loop
     vertex  9.250000e+01 -8.250000e+01 -3.500000e+00
     vertex  9.130000e+01  3.000000e-01 -3.500000e+00
     vertex  9.250000e+01  4.500000e+00 -3.500000e+00
   endloop
 endfacet
 facet normal -0.000000e+00  0.000000e+00 -1.000000e+00
   outer loop
     vertex  8.950000e+01  7.500000e+00 -3.500000e+00
     vertex  3.877400e+01  5.100000e+00 -3.500000e+00
     vertex  1.500000e+00  7.500000e+00 -3.500000e+00
   endloop
 endfacet
 facet normal -0.000000e+00  0.000000e+00 -1.000000e+00
   outer loop
     vertex  3.877400e+01  5.100000e+00 -3.500000e+00
     vertex  3.873950e+01  5.099533e+00 -3.500000e+00
     vertex  1.500000e+00  7.500000e+00 -3.500000e+00
   endloop
 endfacet
 facet normal -0.000000e+00  0.000000e+00 -1.000000e+00
   outer loop
     vertex  3.873950e+01  5.099533e+00 -3.500000e+00
     vertex  3.870503e+01  5.098132e+00 -3.500000e+00
     vertex  1.500000e+00  7.500000e+00 -3.500000e+00
   endloop
 endfacet
 facet normal -0.000000e+00  0.000000e+00 -1.000000e+00
   outer loop
     vertex  3.870503e+01  5.098132e+00 -3.500000e+00
     vertex  3.867060e+01  5.095797e+00 -3.500000e+00
     vertex  1.500000e+00  7.500000e+00 -3.500000e+00
   endloop
 endfacet
 facet normal -0.000000e+00  0.000000e+00 -1.000000e+00
   outer loop
     vertex  3.867060e+01  5.095797e+00 -3.500000e+00
     vertex  3.863626e+01  5.092532e+00 -3.500000e+00
     vertex  1.500000e+00  7.500000e+00 -3.500000e+00
   endloop
 endfacet
 facet normal -0.000000e+00  0.000000e+00 -1.000000e+00
   outer loop
     vertex  3.863626e+01  5.092532e+00 -3.500000e+00
     vertex  3.860201e+01  5.088337e+00 -3.500000e+00
     vertex  1.500000e+00  7.500000e+00 -3.500000e+00
   endloop
 endfacet
 facet normal -0.000000e+00  0.000000e+00 -1.000000e+00
   outer loop
     vertex  3.860201e+01  5.088337e+00 -3.500000e+00
     vertex  3.856789e+01  5.083217e+00 -3.500000e+00
     vertex  1.500000e+00  7.500000e+00 -3.500000e+00
   endloop
 endfacet
 facet normal -0.000000e+00  0.000000e+00 -1.000000e+00
   outer loop
     vertex  3.856789e+01  5.083217e+00 -3.500000e+00
     vertex  3.853392e+01  5.077175e+00 -3.500000e+00
     vertex  1.500000e+00  7.500000e+00 -3.500000e+00
   endloop
 endfacet
 facet normal -0.000000e+00  0.000000e+00 -1.000000e+00
   outer loop
     vertex  3.853392e+01  5.077175e+00 -3.500000e+00
     vertex  3.850013e+01  5.070215e+00 -3.500000e+00
     vertex  1.500000e+00  7.500000e+00 -3.500000e+00
   endloop
 endfacet
 facet normal -0.000000e+00  0.000000e+00 -1.000000e+00
   outer loop
     vertex  3.850013e+01  5.070215e+00 -3.500000e+00
     vertex  3.846654e+01  5.062342e+00 -3.500000e+00
     vertex  1.500000e+00  7.500000e+00 -3.500000e+00
   endloop
 endfacet
 facet normal -0.000000e+00  0.000000e+00 -1.000000e+00
   outer loop
     vertex  3.846654e+01  5.062342e+00 -3.500000e+00
     vertex  3.843317e+01  5.053563e+00 -3.500000e+00
     vertex  1.500000e+00  7.500000e+00 -3.500000e+00
   endloop
 endfacet
 facet normal -0.000000e+00  0.000000e+00 -1.000000e+00
   outer loop
     vertex  3.843317e+01  5.053563e+00 -3.500000e+00
     vertex  3.840005e+01  5.043883e+00 -3.500000e+00
     vertex  1.500000e+00  7.500000e+00 -3.500000e+00
   endloop
 endfacet
 facet normal  0.000000e+00  0.000000e+00 -1.000000e+00
   outer loop
     vertex  8.950000e+01  7.500000e+00 -3.500000e+00
     vertex  5.222600e+01  5.100000e+00 -3.500000e+00
     vertex  3.877400e+01  5.100000e+00 -3.500000e+00
   endloop
 endfacet
 facet normal  0.000000e+00  0.000000e+00 -1.000000e+00
   outer loop
     vertex  8.950000e+01  7.500000e+00 -3.500000e+00
     vertex  5.226050e+01  5.099533e+00 -3.500000e+00
     vertex  5.222600e+01  5.100000e+00 -3.500000e+00
   endloop
 endfacet
 facet normal  0.000000e+00  0.000000e+00 -1.000000e+00
   outer loop
     vertex  8.950000e+01  7.500000e+00 -3.500000e+00
     vertex  5.229497e+01  5.098132e+00 -3.500000e+00
     vertex  5.226050e+01  5.099533e+00 -3.500000e+00
   endloop
 endfacet
 facet normal  0.000000e+00  0.000000e+00 -1.000000e+00
   outer loop
     vertex  8.950000e+01  7.500000e+00 -3.500000e+00
     vertex  5.232940e+01  5.095797e+00 -3.500000e+00
     vertex  5.229497e+01  5.098132e+00 -3.500000e+00
   endloop
 endfacet
 facet normal  0.000000e+00  0.000000e+00 -1.000000e+00
   outer loop
     vertex  8.950000e+01  7.500000e+00 -3.500000e+00
     vertex  5.236374e+01  5.092532e+00 -3.500000e+00
     vertex  5.232940e+01  5.095797e+00 -3.500000e+00
   endloop
 endfacet
 facet normal  0.000000e+00  0.000000e+00 -1.000000e+00
   outer loop
     vertex  8.950000e+01  7.500000e+00 -3.500000e+00
     vertex  5.239799e+01  5.088337e+00 -3.500000e+00
     vertex  5.236374e+01  5.092532e+00 -3.500000e+00
   endloop
 endfacet
 facet normal  0.000000e+00  0.000000e+00 -1.000000e+00
   outer loop
     vertex  8.950000e+01  7.500000e+00 -3.500000e+00
     vertex  5.243211e+01  5.083217e+00 -3.500000e+00
     vertex  5.239799e+01  5.088337e+00 -3.500000e+00
   endloop
 endfacet
 facet normal  0.000000e+00  0.000000e+00 -1.000000e+00
   outer loop
     vertex  8.950000e+01  7.500000e+00 -3.500000e+00
     vertex  5.246608e+01  5.077175e+00 -3.500000e+00
     vertex  5.243211e+01  5.083217e+00 -3.500000e+00
   endloop
 endfacet
 facet normal  0.000000e+00  0.000000e+00 -1.000000e+00
   outer loop
     vertex  8.950000e+01  7.500000e+00 -3.500000e+00
     vertex  5.249987e+01  5.070215e+00 -3.500000e+00
     vertex  5.246608e+01  5.077175e+00 -3.500000e+00
   endloop
 endfacet
 facet normal  0.000000e+00  0.000000e+00 -1.000000e+00
   outer loop
     vertex  8.950000e+01  7.500000e+00 -3.500000e+00
     vertex  5.253346e+01  5.062342e+00 -3.500000e+00
     vertex  5.249987e+01  5.070215e+00 -3.500000e+00
   endloop
 endfacet
 facet normal  0.000000e+00  0.000000e+00 -1.000000e+00
   outer loop
     vertex  8.950000e+01  7.500000e+00 -3.500000e+00
     vertex  5.256683e+01  5.053563e+00 -3.500000e+00
     vertex  5.253346e+01  5.062342e+00 -3.500000e+00
   endloop
 endfacet
 facet normal  0.000000e+00  0.000000e+00 -1.000000e+00
   outer loop
     vertex  8.950000e+01  7.500000e+00 -3.500000e+00
     vertex  5.259995e+01  5.043883e+00 -3.500000e+00
     vertex  5.256683e+01  5.053563e+00 -3.500000e+00
   endloop
 endfacet
 facet normal -0.000000e+00  0.000000e+00 -1.000000e+00
   outer loop
     vertex  9.130000e+01 -8.430000e+01 -3.500000e+00
     vertex  4.150000e+01 -8.490000e+01 -3.500000e+00
     vertex -3.000000e-01 -8.430000e+01 -3.500000e+00
   endloop
 endfacet
 facet normal -0.000000e+00  0.000000e+00 -1.000000e+00
   outer loop
     vertex  4.150000e+01 -8.490000e+01 -3.500000e+00
     vertex  1.500000e+00 -8.550000e+01 -3.500000e+00
     vertex -3.000000e-01 -8.430000e+01 -3.500000e+00
   endloop
 endfacet
 facet normal  0.000000e+00  0.000000e+00 -1.000000e+00
   outer loop
     vertex  9.130000e+01 -8.430000e+01 -3.500000e+00
     vertex  4.950000e+01 -8.490000e+01 -3.500000e+00
     vertex  4.150000e+01 -8.490000e+01 -3.500000e+00
   endloop
 endfacet
 facet normal  0.000000e+00  0.000000e+00 -1.000000e+00
   outer loop
     vertex  9.130000e+01 -8.430000e+01 -3.500000e+00
     vertex  8.950000e+01 -8.550000e+01 -3.500000e+00
     vertex  4.950000e+01 -8.490000e+01 -3.500000e+00
   endloop
 endfacet
 facet normal  0.000000e+00  0.000000e+00 -1.000000e+00
   outer loop
     vertex -3.000000e-01 -8.430000e+01 -3.500000e+00
     vertex -1.500000e+00 -8.250000e+01 -3.500000e+00
     vertex -3.000000e-01  3.000000e-01 -3.500000e+00
   endloop
 endfacet
 facet normal  0.000000e+00  0.000000e+00 -1.000000e+00
   outer loop
     vertex -3.000000e-01  3.000000e-01 -3.500000e+00
     vertex  5.222600e+01  2.500000e+00 -3.500000e+00
     vertex  9.130000e+01  3.000000e-01 -3.500000e+00
   endloop
 endfacet
 facet normal  0.000000e+00  0.000000e+00 -1.000000e+00
   outer loop
     vertex  5.222600e+01  2.500000e+00 -3.500000e+00
     vertex  5.226050e+01  2.500467e+00 -3.500000e+00
     vertex  9.130000e+01  3.000000e-01 -3.500000e+00
   endloop
 endfacet
 facet normal  0.000000e+00  0.000000e+00 -1.000000e+00
   outer loop
     vertex  5.226050e+01  2.500467e+00 -3.500000e+00
     vertex  5.229497e+01  2.501868e+00 -3.500000e+00
     vertex  9.130000e+01  3.000000e-01 -3.500000e+00
   endloop
 endfacet
 facet normal  0.000000e+00  0.000000e+00 -1.000000e+00
   outer loop
     vertex  5.229497e+01  2.501868e+00 -3.500000e+00
     vertex  5.232940e+01  2.504203e+00 -3.500000e+00
     vertex  9.130000e+01  3.000000e-01 -3.500000e+00
   endloop
 endfacet
 facet normal  0.000000e+00  0.000000e+00 -1.000000e+00
   outer loop
     vertex  5.232940e+01  2.504203e+00 -3.500000e+00
     vertex  5.236374e+01  2.507468e+00 -3.500000e+00
     vertex  9.130000e+01  3.000000e-01 -3.500000e+00
   endloop
 endfacet
 facet normal  0.000000e+00  0.000000e+00 -1.000000e+00
   outer loop
     vertex  5.236374e+01  2.507468e+00 -3.500000e+00
     vertex  5.239799e+01  2.511663e+00 -3.500000e+00
     vertex  9.130000e+01  3.000000e-01 -3.500000e+00
   endloop
 endfacet
 facet normal  0.000000e+00  0.000000e+00 -1.000000e+00
   outer loop
     vertex  5.239799e+01  2.511663e+00 -3.500000e+00
     vertex  5.243211e+01  2.516783e+00 -3.500000e+00
     vertex  9.130000e+01  3.000000e-01 -3.500000e+00
   endloop
 endfacet
 facet normal  0.000000e+00  0.000000e+00 -1.000000e+00
   outer loop
     vertex  5.243211e+01  2.516783e+00 -3.500000e+00
     vertex  5.246608e+01  2.522825e+00 -3.500000e+00
     vertex  9.130000e+01  3.000000e-01 -3.500000e+00
   endloop
 endfacet
 facet normal  0.000000e+00  0.000000e+00 -1.000000e+00
   outer loop
     vertex  5.246608e+01  2.522825e+00 -3.500000e+00
     vertex  5.249987e+01  2.529785e+00 -3.500000e+00
     vertex  9.130000e+01  3.000000e-01 -3.500000e+00
   endloop
 endfacet
 facet normal  0.000000e+00  0.000000e+00 -1.000000e+00
   outer loop
     vertex  5.249987e+01  2.529785e+00 -3.500000e+00
     vertex  5.253346e+01  2.537658e+00 -3.500000e+00
     vertex  9.130000e+01  3.000000e-01 -3.500000e+00
   endloop
 endfacet
 facet normal  0.000000e+00  0.000000e+00 -1.000000e+00
   outer loop
     vertex  5.253346e+01  2.537658e+00 -3.500000e+00
     vertex  5.256683e+01  2.546437e+00 -3.500000e+00
     vertex  9.130000e+01  3.000000e-01 -3.500000e+00
   endloop
 endfacet
 facet normal  0.000000e+00  0.000000e+00 -1.000000e+00
   outer loop
     vertex  5.256683e+01  2.546437e+00 -3.500000e+00
     vertex  5.259995e+01  2.556117e+00 -3.500000e+00
     vertex  9.130000e+01  3.000000e-01 -3.500000e+00
   endloop
 endfacet
 facet normal  0.000000e+00  0.000000e+00 -1.000000e+00
   outer loop
     vertex  5.259995e+01  2.556117e+00 -3.500000e+00
     vertex  5.263279e+01  2.566690e+00 -3.500000e+00
     vertex  9.130000e+01  3.000000e-01 -3.500000e+00
   endloop
 endfacet
 facet normal  0.000000e+00  0.000000e+00 -1.000000e+00
   outer loop
     vertex  5.263279e+01  2.566690e+00 -3.500000e+00
     vertex  5.266533e+01  2.578148e+00 -3.500000e+00
     vertex  9.130000e+01  3.000000e-01 -3.500000e+00
   endloop
 endfacet
 facet normal  0.000000e+00  0.000000e+00 -1.000000e+00
   outer loop
     vertex -3.000000e-01  3.000000e-01 -3.500000e+00
     vertex  3.877400e+01  2.500000e+00 -3.500000e+00
     vertex  5.222600e+01  2.500000e+00 -3.500000e+00
   endloop
 endfacet
 facet normal  0.000000e+00  0.000000e+00 -1.000000e+00
   outer loop
     vertex -3.000000e-01  3.000000e-01 -3.500000e+00
     vertex  3.873950e+01  2.500467e+00 -3.500000e+00
     vertex  3.877400e+01  2.500000e+00 -3.500000e+00
   endloop
 endfacet
 facet normal  0.000000e+00  0.000000e+00 -1.000000e+00
   outer loop
     vertex -3.000000e-01  3.000000e-01 -3.500000e+00
     vertex  3.870503e+01  2.501868e+00 -3.500000e+00
     vertex  3.873950e+01  2.500467e+00 -3.500000e+00
   endloop
 endfacet
 facet normal  0.000000e+00  0.000000e+00 -1.000000e+00
   outer loop
     vertex -3.000000e-01  3.000000e-01 -3.500000e+00
     vertex  3.867060e+01  2.504203e+00 -3.500000e+00
     vertex  3.870503e+01  2.501868e+00 -3.500000e+00
   endloop
 endfacet
 facet normal  0.000000e+00  0.000000e+00 -1.000000e+00
   outer loop
     vertex -3.000000e-01  3.000000e-01 -3.500000e+00
     vertex  3.863626e+01  2.507468e+00 -3.500000e+00
     vertex  3.867060e+01  2.504203e+00 -3.500000e+00
   endloop
 endfacet
 facet normal  0.000000e+00  0.000000e+00 -1.000000e+00
   outer loop
     vertex -3.000000e-01  3.000000e-01 -3.500000e+00
     vertex  3.860201e+01  2.511663e+00 -3.500000e+00
     vertex  3.863626e+01  2.507468e+00 -3.500000e+00
   endloop
 endfacet
 facet normal  0.000000e+00  0.000000e+00 -1.000000e+00
   outer loop
     vertex -3.000000e-01  3.000000e-01 -3.500000e+00
     vertex  3.856789e+01  2.516783e+00 -3.500000e+00
     vertex  3.860201e+01  2.511663e+00 -3.500000e+00
   endloop
 endfacet
 facet normal  0.000000e+00  0.000000e+00 -1.000000e+00
   outer loop
     vertex -3.000000e-01  3.000000e-01 -3.500000e+00
     vertex  3.853392e+01  2.522825e+00 -3.500000e+00
     vertex  3.856789e+01  2.516783e+00 -3.500000e+00
   endloop
 endfacet
 facet normal  0.000000e+00  0.000000e+00 -1.000000e+00
   outer loop
     vertex -3.000000e-01  3.000000e-01 -3.500000e+00
     vertex  3.850013e+01  2.529785e+00 -3.500000e+00
     vertex  3.853392e+01  2.522825e+00 -3.500000e+00
   endloop
 endfacet
 facet normal  0.000000e+00  0.000000e+00 -1.000000e+00
   outer loop
     vertex -3.000000e-01  3.000000e-01 -3.500000e+00
     vertex  3.846654e+01  2.537658e+00 -3.500000e+00
     vertex  3.850013e+01  2.529785e+00 -3.500000e+00
   endloop
 endfacet
 facet normal  0.000000e+00  0.000000e+00 -1.000000e+00
   outer loop
     vertex -3.000000e-01  3.000000e-01 -3.500000e+00
     vertex  3.843317e+01  2.546437e+00 -3.500000e+00
     vertex  3.846654e+01  2.537658e+00 -3.500000e+00
   endloop
 endfacet
 facet normal  0.000000e+00  0.000000e+00 -1.000000e+00
   outer loop
     vertex -3.000000e-01  3.000000e-01 -3.500000e+00
     vertex  3.840005e+01  2.556117e+00 -3.500000e+00
     vertex  3.843317e+01  2.546437e+00 -3.500000e+00
   endloop
 endfacet
 facet normal  0.000000e+00  0.000000e+00 -1.000000e+00
   outer loop
     vertex -3.000000e-01  3.000000e-01 -3.500000e+00
     vertex  3.836721e+01  2.566690e+00 -3.500000e+00
     vertex  3.840005e+01  2.556117e+00 -3.500000e+00
   endloop
 endfacet
 facet normal  0.000000e+00  0.000000e+00 -1.000000e+00
   outer loop
     vertex -3.000000e-01  3.000000e-01 -3.500000e+00
     vertex  3.833467e+01  2.578148e+00 -3.500000e+00
     vertex  3.836721e+01  2.566690e+00 -3.500000e+00
   endloop
 endfacet
 facet normal  0.000000e+00  0.000000e+00 -1.000000e+00
   outer loop
     vertex  9.130000e+01  3.000000e-01 -3.500000e+00
     vertex  9.250000e+01 -8.250000e+01 -3.500000e+00
     vertex  9.130000e+01 -8.430000e+01 -3.500000e+00
   endloop
 endfacet
 facet normal  0.000000e+00 -1.000000e+00 -0.000000e+00
   outer loop
     vertex  4.150000e+01 -8.550000e+01 -2.900000e+00
     vertex  1.500000e+00 -8.550000e+01 -3.500000e+00
     vertex  4.150000e+01 -8.550000e+01 -3.500000e+00
   endloop
 endfacet
 facet normal -0.000000e+00 -1.000000e+00  0.000000e+00
   outer loop
     vertex  4.150000e+01 -8.550000e+01 -2.900000e+00
     vertex  1.500000e+00 -8.550000e+01  2.800000e+00
     vertex  1.500000e+00 -8.550000e+01 -3.500000e+00
   endloop
 endfacet
 facet normal  0.000000e+00 -1.000000e+00  0.000000e+00
   outer loop
     vertex  6.982500e+01 -8.550000e+01 -2.400000e+00
     vertex  4.950000e+01 -8.550000e+01 -2.900000e+00
     vertex  4.950000e+01 -8.550000e+01 -3.500000e+00
   endloop
 endfacet
 facet normal  0.000000e+00 -1.000000e+00 -0.000000e+00
   outer loop
     vertex  6.982500e+01 -8.550000e+01  1.550000e+00
     vertex  4.950000e+01 -8.550000e+01 -2.900000e+00
     vertex  6.982500e+01 -8.550000e+01 -2.400000e+00
   endloop
 endfacet
 facet normal  0.000000e+00 -1.000000e+00  0.000000e+00
   outer loop
     vertex  8.950000e+01 -8.550000e+01 -3.500000e+00
     vertex  8.017500e+01 -8.550000e+01  1.550000e+00
     vertex  8.017500e+01 -8.550000e+01 -2.400000e+00
   endloop
 endfacet
 facet normal  0.000000e+00 -1.000000e+00  0.000000e+00
   outer loop
     vertex  8.950000e+01 -8.550000e+01  2.800000e+00
     vertex  6.982500e+01 -8.550000e+01  1.550000e+00
     vertex  8.017500e+01 -8.550000e+01  1.550000e+00
   endloop
 endfacet
 facet normal  0.000000e+00 -1.000000e+00 -0.000000e+00
   outer loop
     vertex  8.950000e+01 -8.550000e+01  2.800000e+00
     vertex  8.017500e+01 -8.550000e+01  1.550000e+00
     vertex  8.950000e+01 -8.550000e+01 -3.500000e+00
   endloop
 endfacet
 facet normal  0.000000e+00 -1.000000e+00  0.000000e+00
   outer loop
     vertex  1.500000e+00 -8.550000e+01  2.800000e+00
     vertex  6.982500e+01 -8.550000e+01  1.550000e+00
     vertex  8.950000e+01 -8.550000e+01  2.800000e+00
   endloop
 endfacet
 facet normal  0.000000e+00 -1.000000e+00  0.000000e+00
   outer loop
     vertex  1.500000e+00 -8.550000e+01  2.800000e+00
     vertex  4.950000e+01 -8.550000e+01 -2.900000e+00
     vertex  6.982500e+01 -8.550000e+01  1.550000e+00
   endloop
 endfacet
 facet normal  0.000000e+00 -1.000000e+00  0.000000e+00
   outer loop
     vertex  1.500000e+00 -8.550000e+01  2.800000e+00
     vertex  4.150000e+01 -8.550000e+01 -2.900000e+00
     vertex  4.950000e+01 -8.550000e+01 -2.900000e+00
   endloop
 endfacet
 facet normal  0.000000e+00 -1.000000e+00  0.000000e+00
   outer loop
     vertex  8.950000e+01 -8.550000e+01 -3.500000e+00
     vertex  6.982500e+01 -8.550000e+01 -2.400000e+00
     vertex  4.950000e+01 -8.550000e+01 -3.500000e+00
   endloop
 endfacet
 facet normal  0.000000e+00 -1.000000e+00  0.000000e+00
   outer loop
     vertex  8.950000e+01 -8.550000e+01 -3.500000e+00
     vertex  8.017500e+01 -8.550000e+01 -2.400000e+00
     vertex  6.982500e+01 -8.550000e+01 -2.400000e+00
   endloop
 endfacet
 facet normal  0.000000e+00  1.000000e+00  0.000000e+00
   outer loop
     vertex  8.950000e+01  7.500000e+00  2.800000e+00
     vertex  8.950000e+01  7.500000e+00 -3.500000e+00
     vertex  1.500000e+00  7.500000e+00 -3.500000e+00
   endloop
 endfacet
 facet normal  0.000000e+00  1.000000e+00  0.000000e+00
   outer loop
     vertex  8.950000e+01  7.500000e+00  2.800000e+00
     vertex  1.500000e+00  7.500000e+00 -3.500000e+00
     vertex  1.500000e+00  7.500000e+00  2.800000e+00
   endloop
 endfacet
 facet normal  9.999083e-01 -1.354093e-02  0.000000e+00
   outer loop
     vertex  9.249890e+01 -8.258124e+01  2.800000e+00
     vertex  9.249890e+01 -8.258124e+01 -3.500000e+00
     vertex  9.250000e+01 -8.250000e+01 -3.500000e+00
   endloop
 endfacet
 facet normal  9.999083e-01 -1.354093e-02  0.000000e+00
   outer loop
     vertex  9.249890e+01 -8.258124e+01  2.800000e+00
     vertex  9.250000e+01 -8.250000e+01 -3.500000e+00
     vertex  9.250000e+01 -8.250000e+01  2.800000e+00
   endloop
 endfacet
 facet normal  9.991750e-01 -4.061287e-02  0.000000e+00
   outer loop
     vertex  9.249560e+01 -8.266242e+01  2.800000e+00
     vertex  9.249560e+01 -8.266242e+01 -3.500000e+00
     vertex  9.249890e+01 -8.258124e+01 -3.500000e+00
   endloop
 endfacet
 facet normal  9.991750e-01 -4.061287e-02  0.000000e+00
   outer loop
     vertex  9.249560e+01 -8.266242e+01  2.800000e+00
     vertex  9.249890e+01 -8.258124e+01 -3.500000e+00
     vertex  9.249890e+01 -8.258124e+01  2.800000e+00
   endloop
 endfacet
 facet normal  9.977088e-01 -6.765502e-02  0.000000e+00
   outer loop
     vertex  9.249010e+01 -8.274348e+01  2.800000e+00
     vertex  9.249010e+01 -8.274348e+01 -3.500000e+00
     vertex  9.249560e+01 -8.266242e+01 -3.500000e+00
   endloop
 endfacet
 facet normal  9.955108e-01 -9.464755e-02  0.000000e+00
   outer loop
     vertex  9.249010e+01 -8.274348e+01  2.800000e+00
     vertex  9.248241e+01 -8.282436e+01 -3.500000e+00
     vertex  9.249010e+01 -8.274348e+01 -3.500000e+00
   endloop
 endfacet
 facet normal  9.977088e-01 -6.765502e-02  0.000000e+00
   outer loop
     vertex  9.249010e+01 -8.274348e+01  2.800000e+00
     vertex  9.249560e+01 -8.266242e+01 -3.500000e+00
     vertex  9.249560e+01 -8.266242e+01  2.800000e+00
   endloop
 endfacet
 facet normal  9.955108e-01 -9.464755e-02  0.000000e+00
   outer loop
     vertex  9.248241e+01 -8.282436e+01  2.800000e+00
     vertex  9.248241e+01 -8.282436e+01 -3.500000e+00
     vertex  9.249010e+01 -8.274348e+01  2.800000e+00
   endloop
 endfacet
 facet normal  9.925828e-01 -1.215707e-01  0.000000e+00
   outer loop
     vertex  9.247254e+01 -8.290500e+01  2.800000e+00
     vertex  9.247254e+01 -8.290500e+01 -3.500000e+00
     vertex  9.248241e+01 -8.282436e+01 -3.500000e+00
   endloop
 endfacet
 facet normal  9.925828e-01 -1.215707e-01  0.000000e+00
   outer loop
     vertex  9.247254e+01 -8.290500e+01  2.800000e+00
     vertex  9.248241e+01 -8.282436e+01 -3.500000e+00
     vertex  9.248241e+01 -8.282436e+01  2.800000e+00
   endloop
 endfacet
 facet normal  9.889267e-01 -1.484046e-01  0.000000e+00
   outer loop
     vertex  9.246048e+01 -8.298535e+01  2.800000e+00
     vertex  9.246048e+01 -8.298535e+01 -3.500000e+00
     vertex  9.247254e+01 -8.290500e+01 -3.500000e+00
   endloop
 endfacet
 facet normal  9.889267e-01 -1.484046e-01  0.000000e+00
   outer loop
     vertex  9.246048e+01 -8.298535e+01  2.800000e+00
     vertex  9.247254e+01 -8.290500e+01 -3.500000e+00
     vertex  9.247254e+01 -8.290500e+01  2.800000e+00
   endloop
 endfacet
 facet normal  9.845454e-01 -1.751297e-01  0.000000e+00
   outer loop
     vertex  9.244625e+01 -8.306534e+01  2.800000e+00
     vertex  9.244625e+01 -8.306534e+01 -3.500000e+00
     vertex  9.246048e+01 -8.298535e+01 -3.500000e+00
   endloop
 endfacet
 facet normal  9.845454e-01 -1.751297e-01  0.000000e+00
   outer loop
     vertex  9.244625e+01 -8.306534e+01  2.800000e+00
     vertex  9.246048e+01 -8.298535e+01 -3.500000e+00
     vertex  9.246048e+01 -8.298535e+01  2.800000e+00
   endloop
 endfacet
 facet normal  9.794419e-01 -2.017264e-01  0.000000e+00
   outer loop
     vertex  9.242986e+01 -8.314491e+01  2.800000e+00
     vertex  9.242986e+01 -8.314491e+01 -3.500000e+00
     vertex  9.244625e+01 -8.306534e+01 -3.500000e+00
   endloop
 endfacet
 facet normal  9.794419e-01 -2.017264e-01  0.000000e+00
   outer loop
     vertex  9.242986e+01 -8.314491e+01  2.800000e+00
     vertex  9.244625e+01 -8.306534e+01 -3.500000e+00
     vertex  9.244625e+01 -8.306534e+01  2.800000e+00
   endloop
 endfacet
 facet normal  9.736201e-01 -2.281751e-01  0.000000e+00
   outer loop
     vertex  9.241132e+01 -8.322401e+01  2.800000e+00
     vertex  9.241132e+01 -8.322401e+01 -3.500000e+00
     vertex  9.242986e+01 -8.314491e+01 -3.500000e+00
   endloop
 endfacet
 facet normal  9.736201e-01 -2.281751e-01  0.000000e+00
   outer loop
     vertex  9.241132e+01 -8.322401e+01  2.800000e+00
     vertex  9.242986e+01 -8.314491e+01 -3.500000e+00
     vertex  9.242986e+01 -8.314491e+01  2.800000e+00
   endloop
 endfacet
 facet normal  9.670842e-01 -2.544564e-01  0.000000e+00
   outer loop
     vertex  9.239065e+01 -8.330259e+01  2.800000e+00
     vertex  9.239065e+01 -8.330259e+01 -3.500000e+00
     vertex  9.241132e+01 -8.322401e+01 -3.500000e+00
   endloop
 endfacet
 facet normal  9.598391e-01 -2.805512e-01  0.000000e+00
   outer loop
     vertex  9.239065e+01 -8.330259e+01  2.800000e+00
     vertex  9.236786e+01 -8.338057e+01 -3.500000e+00
     vertex  9.239065e+01 -8.330259e+01 -3.500000e+00
   endloop
 endfacet
 facet normal  9.670842e-01 -2.544564e-01  0.000000e+00
   outer loop
     vertex  9.239065e+01 -8.330259e+01  2.800000e+00
     vertex  9.241132e+01 -8.322401e+01 -3.500000e+00
     vertex  9.241132e+01 -8.322401e+01  2.800000e+00
   endloop
 endfacet
 facet normal  9.598391e-01 -2.805512e-01  0.000000e+00
   outer loop
     vertex  9.236786e+01 -8.338057e+01  2.800000e+00
     vertex  9.236786e+01 -8.338057e+01 -3.500000e+00
     vertex  9.239065e+01 -8.330259e+01  2.800000e+00
   endloop
 endfacet
 facet normal  9.518899e-01 -3.064401e-01  0.000000e+00
   outer loop
     vertex  9.234296e+01 -8.345790e+01  2.800000e+00
     vertex  9.234296e+01 -8.345790e+01 -3.500000e+00
     vertex  9.236786e+01 -8.338057e+01 -3.500000e+00
   endloop
 endfacet
 facet normal  9.518899e-01 -3.064401e-01  0.000000e+00
   outer loop
     vertex  9.234296e+01 -8.345790e+01  2.800000e+00
     vertex  9.236786e+01 -8.338057e+01 -3.500000e+00
     vertex  9.236786e+01 -8.338057e+01  2.800000e+00
   endloop
 endfacet
 facet normal  9.432426e-01 -3.321044e-01  0.000000e+00
   outer loop
     vertex  9.231598e+01 -8.353454e+01  2.800000e+00
     vertex  9.231598e+01 -8.353454e+01 -3.500000e+00
     vertex  9.234296e+01 -8.345790e+01 -3.500000e+00
   endloop
 endfacet
 facet normal  9.432426e-01 -3.321044e-01  0.000000e+00
   outer loop
     vertex  9.231598e+01 -8.353454e+01  2.800000e+00
     vertex  9.234296e+01 -8.345790e+01 -3.500000e+00
     vertex  9.234296e+01 -8.345790e+01  2.800000e+00
   endloop
 endfacet
 facet normal  9.339036e-01 -3.575250e-01  0.000000e+00
   outer loop
     vertex  9.228693e+01 -8.361041e+01  2.800000e+00
     vertex  9.228693e+01 -8.361041e+01 -3.500000e+00
     vertex  9.231598e+01 -8.353454e+01 -3.500000e+00
   endloop
 endfacet
 facet normal  9.339036e-01 -3.575250e-01  0.000000e+00
   outer loop
     vertex  9.228693e+01 -8.361041e+01  2.800000e+00
     vertex  9.231598e+01 -8.353454e+01 -3.500000e+00
     vertex  9.231598e+01 -8.353454e+01  2.800000e+00
   endloop
 endfacet
 facet normal  9.238795e-01 -3.826834e-01  0.000000e+00
   outer loop
     vertex  9.225584e+01 -8.368548e+01  2.800000e+00
     vertex  9.228693e+01 -8.361041e+01 -3.500000e+00
     vertex  9.228693e+01 -8.361041e+01  2.800000e+00
   endloop
 endfacet
 facet normal  9.238795e-01 -3.826834e-01  0.000000e+00
   outer loop
     vertex  9.225584e+01 -8.368548e+01  2.800000e+00
     vertex  9.225584e+01 -8.368548e+01 -3.500000e+00
     vertex  9.228693e+01 -8.361041e+01 -3.500000e+00
   endloop
 endfacet
 facet normal  9.131779e-01 -4.075612e-01  0.000000e+00
   outer loop
     vertex  9.222273e+01 -8.375967e+01  2.800000e+00
     vertex  9.225584e+01 -8.368548e+01 -3.500000e+00
     vertex  9.225584e+01 -8.368548e+01  2.800000e+00
   endloop
 endfacet
 facet normal  9.131779e-01 -4.075612e-01  0.000000e+00
   outer loop
     vertex  9.222273e+01 -8.375967e+01  2.800000e+00
     vertex  9.222273e+01 -8.375967e+01 -3.500000e+00
     vertex  9.225584e+01 -8.368548e+01 -3.500000e+00
   endloop
 endfacet
 facet normal  9.018065e-01 -4.321400e-01  0.000000e+00
   outer loop
     vertex  9.218762e+01 -8.383294e+01  2.800000e+00
     vertex  9.222273e+01 -8.375967e+01 -3.500000e+00
     vertex  9.222273e+01 -8.375967e+01  2.800000e+00
   endloop
 endfacet
 facet normal  9.018065e-01 -4.321400e-01  0.000000e+00
   outer loop
     vertex  9.218762e+01 -8.383294e+01  2.800000e+00
     vertex  9.218762e+01 -8.383294e+01 -3.500000e+00
     vertex  9.222273e+01 -8.375967e+01 -3.500000e+00
   endloop
 endfacet
 facet normal  8.897737e-01 -4.564019e-01  0.000000e+00
   outer loop
     vertex  9.215054e+01 -8.390523e+01  2.800000e+00
     vertex  9.215054e+01 -8.390523e+01 -3.500000e+00
     vertex  9.218762e+01 -8.383294e+01 -3.500000e+00
   endloop
 endfacet
 facet normal  8.897737e-01 -4.564019e-01  0.000000e+00
   outer loop
     vertex  9.215054e+01 -8.390523e+01  2.800000e+00
     vertex  9.218762e+01 -8.383294e+01 -3.500000e+00
     vertex  9.218762e+01 -8.383294e+01  2.800000e+00
   endloop
 endfacet
 facet normal  8.770884e-01 -4.803291e-01  0.000000e+00
   outer loop
     vertex  9.211151e+01 -8.397648e+01  2.800000e+00
     vertex  9.211151e+01 -8.397648e+01 -3.500000e+00
     vertex  9.215054e+01 -8.390523e+01 -3.500000e+00
   endloop
 endfacet
 facet normal  8.770884e-01 -4.803291e-01  0.000000e+00
   outer loop
     vertex  9.211151e+01 -8.397648e+01  2.800000e+00
     vertex  9.215054e+01 -8.390523e+01 -3.500000e+00
     vertex  9.215054e+01 -8.390523e+01  2.800000e+00
   endloop
 endfacet
 facet normal  8.637597e-01 -5.039039e-01  0.000000e+00
   outer loop
     vertex  9.211151e+01 -8.397648e+01  2.800000e+00
     vertex  9.207057e+01 -8.404666e+01 -3.500000e+00
     vertex  9.211151e+01 -8.397648e+01 -3.500000e+00
   endloop
 endfacet
 facet normal  8.497975e-01 -5.271092e-01  0.000000e+00
   outer loop
     vertex  9.207057e+01 -8.404666e+01  2.800000e+00
     vertex  9.202775e+01 -8.411570e+01 -3.500000e+00
     vertex  9.207057e+01 -8.404666e+01 -3.500000e+00
   endloop
 endfacet
 facet normal  8.637597e-01 -5.039039e-01  0.000000e+00
   outer loop
     vertex  9.207057e+01 -8.404666e+01  2.800000e+00
     vertex  9.207057e+01 -8.404666e+01 -3.500000e+00
     vertex  9.211151e+01 -8.397648e+01  2.800000e+00
   endloop
 endfacet
 facet normal  8.497975e-01 -5.271092e-01  0.000000e+00
   outer loop
     vertex  9.202775e+01 -8.411570e+01  2.800000e+00
     vertex  9.202775e+01 -8.411570e+01 -3.500000e+00
     vertex  9.207057e+01 -8.404666e+01  2.800000e+00
   endloop
 endfacet
 facet normal  8.352121e-01 -5.499279e-01  0.000000e+00
   outer loop
     vertex  9.198307e+01 -8.418356e+01  2.800000e+00
     vertex  9.198307e+01 -8.418356e+01 -3.500000e+00
     vertex  9.202775e+01 -8.411570e+01 -3.500000e+00
   endloop
 endfacet
 facet normal  8.352121e-01 -5.499279e-01  0.000000e+00
   outer loop
     vertex  9.198307e+01 -8.418356e+01  2.800000e+00
     vertex  9.202775e+01 -8.411570e+01 -3.500000e+00
     vertex  9.202775e+01 -8.411570e+01  2.800000e+00
   endloop
 endfacet
 facet normal  8.200141e-01 -5.723433e-01  0.000000e+00
   outer loop
     vertex  9.193657e+01 -8.425018e+01  2.800000e+00
     vertex  9.193657e+01 -8.425018e+01 -3.500000e+00
     vertex  9.198307e+01 -8.418356e+01 -3.500000e+00
   endloop
 endfacet
 facet normal  8.200141e-01 -5.723433e-01  0.000000e+00
   outer loop
     vertex  9.193657e+01 -8.425018e+01  2.800000e+00
     vertex  9.198307e+01 -8.418356e+01 -3.500000e+00
     vertex  9.198307e+01 -8.418356e+01  2.800000e+00
   endloop
 endfacet
 facet normal  8.042147e-01 -5.943389e-01  0.000000e+00
   outer loop
     vertex  9.188828e+01 -8.431552e+01  2.800000e+00
     vertex  9.188828e+01 -8.431552e+01 -3.500000e+00
     vertex  9.193657e+01 -8.425018e+01 -3.500000e+00
   endloop
 endfacet
 facet normal  7.878255e-01 -6.158986e-01  0.000000e+00
   outer loop
     vertex  9.188828e+01 -8.431552e+01  2.800000e+00
     vertex  9.183824e+01 -8.437953e+01 -3.500000e+00
     vertex  9.188828e+01 -8.431552e+01 -3.500000e+00
   endloop
 endfacet
 facet normal  8.042147e-01 -5.943389e-01  0.000000e+00
   outer loop
     vertex  9.188828e+01 -8.431552e+01  2.800000e+00
     vertex  9.193657e+01 -8.425018e+01 -3.500000e+00
     vertex  9.193657e+01 -8.425018e+01  2.800000e+00
   endloop
 endfacet
 facet normal  7.878255e-01 -6.158986e-01  0.000000e+00
   outer loop
     vertex  9.183824e+01 -8.437953e+01  2.800000e+00
     vertex  9.183824e+01 -8.437953e+01 -3.500000e+00
     vertex  9.188828e+01 -8.431552e+01  2.800000e+00
   endloop
 endfacet
 facet normal  7.708584e-01 -6.370065e-01  0.000000e+00
   outer loop
     vertex  9.178649e+01 -8.444216e+01  2.800000e+00
     vertex  9.178649e+01 -8.444216e+01 -3.500000e+00
     vertex  9.183824e+01 -8.437953e+01 -3.500000e+00
   endloop
 endfacet
 facet normal  7.533260e-01 -6.576473e-01  0.000000e+00
   outer loop
     vertex  9.178649e+01 -8.444216e+01  2.800000e+00
     vertex  9.173306e+01 -8.450336e+01 -3.500000e+00
     vertex  9.178649e+01 -8.444216e+01 -3.500000e+00
   endloop
 endfacet
 facet normal  7.708584e-01 -6.370065e-01  0.000000e+00
   outer loop
     vertex  9.178649e+01 -8.444216e+01  2.800000e+00
     vertex  9.183824e+01 -8.437953e+01 -3.500000e+00
     vertex  9.183824e+01 -8.437953e+01  2.800000e+00
   endloop
 endfacet
 facet normal  7.533260e-01 -6.576473e-01  0.000000e+00
   outer loop
     vertex  9.173306e+01 -8.450336e+01  2.800000e+00
     vertex  9.173306e+01 -8.450336e+01 -3.500000e+00
     vertex  9.178649e+01 -8.444216e+01  2.800000e+00
   endloop
 endfacet
 facet normal  7.352410e-01 -6.778058e-01  0.000000e+00
   outer loop
     vertex  9.167799e+01 -8.456310e+01  2.800000e+00
     vertex  9.167799e+01 -8.456310e+01 -3.500000e+00
     vertex  9.173306e+01 -8.450336e+01 -3.500000e+00
   endloop
 endfacet
 facet normal  7.352410e-01 -6.778058e-01  0.000000e+00
   outer loop
     vertex  9.167799e+01 -8.456310e+01  2.800000e+00
     vertex  9.173306e+01 -8.450336e+01 -3.500000e+00
     vertex  9.173306e+01 -8.450336e+01  2.800000e+00
   endloop
 endfacet
 facet normal  7.166168e-01 -6.974671e-01  0.000000e+00
   outer loop
     vertex  9.162132e+01 -8.462132e+01  2.800000e+00
     vertex  9.162132e+01 -8.462132e+01 -3.500000e+00
     vertex  9.167799e+01 -8.456310e+01 -3.500000e+00
   endloop
 endfacet
 facet normal  7.166168e-01 -6.974671e-01  0.000000e+00
   outer loop
     vertex  9.162132e+01 -8.462132e+01  2.800000e+00
     vertex  9.167799e+01 -8.456310e+01 -3.500000e+00
     vertex  9.167799e+01 -8.456310e+01  2.800000e+00
   endloop
 endfacet
 facet normal  6.974671e-01 -7.166168e-01  0.000000e+00
   outer loop
     vertex  9.156310e+01 -8.467799e+01  2.800000e+00
     vertex  9.156310e+01 -8.467799e+01 -3.500000e+00
     vertex  9.162132e+01 -8.462132e+01 -3.500000e+00
   endloop
 endfacet
 facet normal  6.974671e-01 -7.166168e-01  0.000000e+00
   outer loop
     vertex  9.156310e+01 -8.467799e+01  2.800000e+00
     vertex  9.162132e+01 -8.462132e+01 -3.500000e+00
     vertex  9.162132e+01 -8.462132e+01  2.800000e+00
   endloop
 endfacet
 facet normal  6.778058e-01 -7.352410e-01  0.000000e+00
   outer loop
     vertex  9.150336e+01 -8.473306e+01  2.800000e+00
     vertex  9.150336e+01 -8.473306e+01 -3.500000e+00
     vertex  9.156310e+01 -8.467799e+01 -3.500000e+00
   endloop
 endfacet
 facet normal  6.576473e-01 -7.533260e-01  0.000000e+00
   outer loop
     vertex  9.150336e+01 -8.473306e+01  2.800000e+00
     vertex  9.144216e+01 -8.478649e+01 -3.500000e+00
     vertex  9.150336e+01 -8.473306e+01 -3.500000e+00
   endloop
 endfacet
 facet normal  6.778058e-01 -7.352410e-01  0.000000e+00
   outer loop
     vertex  9.150336e+01 -8.473306e+01  2.800000e+00
     vertex  9.156310e+01 -8.467799e+01 -3.500000e+00
     vertex  9.156310e+01 -8.467799e+01  2.800000e+00
   endloop
 endfacet
 facet normal  6.576473e-01 -7.533260e-01  0.000000e+00
   outer loop
     vertex  9.144216e+01 -8.478649e+01  2.800000e+00
     vertex  9.144216e+01 -8.478649e+01 -3.500000e+00
     vertex  9.150336e+01 -8.473306e+01  2.800000e+00
   endloop
 endfacet
 facet normal  6.370065e-01 -7.708584e-01  0.000000e+00
   outer loop
     vertex  9.137953e+01 -8.483824e+01  2.800000e+00
     vertex  9.137953e+01 -8.483824e+01 -3.500000e+00
     vertex  9.144216e+01 -8.478649e+01 -3.500000e+00
   endloop
 endfacet
 facet normal  6.370065e-01 -7.708584e-01  0.000000e+00
   outer loop
     vertex  9.137953e+01 -8.483824e+01  2.800000e+00
     vertex  9.144216e+01 -8.478649e+01 -3.500000e+00
     vertex  9.144216e+01 -8.478649e+01  2.800000e+00
   endloop
 endfacet
 facet normal  6.158986e-01 -7.878255e-01  6.170670e-05
   outer loop
     vertex  9.130000e+01 -8.490000e+01  1.790000e+00
     vertex  9.131552e+01 -8.488828e+01 -3.500000e+00
     vertex  9.137953e+01 -8.483824e+01 -3.500000e+00
   endloop
 endfacet
 facet normal  5.943389e-01 -8.042147e-01 -3.786958e-05
   outer loop
     vertex  9.130000e+01 -8.490000e+01  1.790000e+00
     vertex  9.125018e+01 -8.493657e+01 -3.500000e+00
     vertex  9.131552e+01 -8.488828e+01 -3.500000e+00
   endloop
 endfacet
 facet normal  6.133414e-01 -7.898179e-01  0.000000e+00
   outer loop
     vertex  9.130000e+01 -8.490000e+01  1.790000e+00
     vertex  9.137953e+01 -8.483824e+01 -3.500000e+00
     vertex  9.137953e+01 -8.483824e+01  2.800000e+00
   endloop
 endfacet
 facet normal  6.158985e-01 -7.878254e-01 -3.231965e-04
   outer loop
     vertex  9.131552e+01 -8.488828e+01  2.800000e+00
     vertex  9.130000e+01 -8.490000e+01  1.790000e+00
     vertex  9.137953e+01 -8.483824e+01  2.800000e+00
   endloop
 endfacet
 facet normal  6.025903e-01 -7.980507e-01  0.000000e+00
   outer loop
     vertex  9.130000e+01 -8.490000e+01  2.200000e+00
     vertex  9.130000e+01 -8.490000e+01  1.790000e+00
     vertex  9.131552e+01 -8.488828e+01  2.800000e+00
   endloop
 endfacet
 facet normal  5.723433e-01 -8.200141e-01 -2.890914e-05
   outer loop
     vertex  9.123916e+01 -8.494445e+01  1.790000e+00
     vertex  9.118356e+01 -8.498307e+01 -3.500000e+00
     vertex  9.125018e+01 -8.493657e+01 -3.500000e+00
   endloop
 endfacet
 facet normal  5.899059e-01 -8.074720e-01  2.639151e-05
   outer loop
     vertex  9.123916e+01 -8.494445e+01  1.790000e+00
     vertex  9.125018e+01 -8.493657e+01 -3.500000e+00
     vertex  9.130000e+01 -8.490000e+01  1.790000e+00
   endloop
 endfacet
 facet normal  5.943389e-01 -8.042147e-01  3.338835e-04
   outer loop
     vertex  9.125018e+01 -8.493657e+01  2.800000e+00
     vertex  9.130000e+01 -8.490000e+01  2.200000e+00
     vertex  9.131552e+01 -8.488828e+01  2.800000e+00
   endloop
 endfacet
 facet normal  5.499279e-01 -8.352121e-01 -1.775875e-05
   outer loop
     vertex  9.117722e+01 -8.498736e+01  1.790000e+00
     vertex  9.111570e+01 -8.502775e+01 -3.500000e+00
     vertex  9.118356e+01 -8.498307e+01 -3.500000e+00
   endloop
 endfacet
 facet normal  5.694403e-01 -8.220327e-01  1.633609e-05
   outer loop
     vertex  9.117722e+01 -8.498736e+01  1.790000e+00
     vertex  9.118356e+01 -8.498307e+01 -3.500000e+00
     vertex  9.123916e+01 -8.494445e+01  1.790000e+00
   endloop
 endfacet
 facet normal  5.723433e-01 -8.200141e-01  2.548823e-04
   outer loop
     vertex  9.118356e+01 -8.498307e+01  2.800000e+00
     vertex  9.123916e+01 -8.494445e+01  2.200000e+00
     vertex  9.125018e+01 -8.493657e+01  2.800000e+00
   endloop
 endfacet
 facet normal  5.486154e-01 -8.360749e-01  4.090739e-06
   outer loop
     vertex  9.111422e+01 -8.502870e+01  1.790000e+00
     vertex  9.111570e+01 -8.502775e+01 -3.500000e+00
     vertex  9.117722e+01 -8.498736e+01  1.790000e+00
   endloop
 endfacet
 facet normal  5.499279e-01 -8.352121e-01  1.565730e-04
   outer loop
     vertex  9.111570e+01 -8.502775e+01  2.800000e+00
     vertex  9.117722e+01 -8.498736e+01  2.200000e+00
     vertex  9.118356e+01 -8.498307e+01  2.800000e+00
   endloop
 endfacet
 facet normal  5.486154e-01 -8.360749e-01 -3.606668e-05
   outer loop
     vertex  9.111570e+01 -8.502775e+01  2.800000e+00
     vertex  9.111422e+01 -8.502870e+01  2.200000e+00
     vertex  9.117722e+01 -8.498736e+01  2.200000e+00
   endloop
 endfacet
 facet normal  5.274444e-01 -8.495896e-01 -4.286899e-06
   outer loop
     vertex  9.105020e+01 -8.506844e+01  1.790000e+00
     vertex  9.111570e+01 -8.502775e+01 -3.500000e+00
     vertex  9.111422e+01 -8.502870e+01  1.790000e+00
   endloop
 endfacet
 facet normal  5.271092e-01 -8.497975e-01 -1.003653e-05
   outer loop
     vertex  9.105020e+01 -8.506844e+01  1.790000e+00
     vertex  9.104666e+01 -8.507057e+01 -3.500000e+00
     vertex  9.111570e+01 -8.502775e+01 -3.500000e+00
   endloop
 endfacet
 facet normal  5.274444e-01 -8.495896e-01  3.779616e-05
   outer loop
     vertex  9.105020e+01 -8.506844e+01  2.200000e+00
     vertex  9.111422e+01 -8.502870e+01  2.200000e+00
     vertex  9.111570e+01 -8.502775e+01  2.800000e+00
   endloop
 endfacet
 facet normal  5.271092e-01 -8.497975e-01  8.848875e-05
   outer loop
     vertex  9.104666e+01 -8.507057e+01  2.800000e+00
     vertex  9.105020e+01 -8.506844e+01  2.200000e+00
     vertex  9.111570e+01 -8.502775e+01  2.800000e+00
   endloop
 endfacet
 facet normal  5.059406e-01 -8.625683e-01  9.269299e-06
   outer loop
     vertex  9.098520e+01 -8.510656e+01  1.790000e+00
     vertex  9.104666e+01 -8.507057e+01 -3.500000e+00
     vertex  9.105020e+01 -8.506844e+01  1.790000e+00
   endloop
 endfacet
 facet normal  5.039039e-01 -8.637597e-01 -2.249778e-05
   outer loop
     vertex  9.098520e+01 -8.510656e+01  1.790000e+00
     vertex  9.097648e+01 -8.511151e+01 -3.500000e+00
     vertex  9.104666e+01 -8.507057e+01 -3.500000e+00
   endloop
 endfacet
 facet normal  5.059406e-01 -8.625683e-01 -8.172432e-05
   outer loop
     vertex  9.098520e+01 -8.510656e+01  2.200000e+00
     vertex  9.105020e+01 -8.506844e+01  2.200000e+00
     vertex  9.104666e+01 -8.507057e+01  2.800000e+00
   endloop
 endfacet
 facet normal  5.039039e-01 -8.637597e-01  1.983554e-04
   outer loop
     vertex  9.097648e+01 -8.511151e+01  2.800000e+00
     vertex  9.098520e+01 -8.510656e+01  2.200000e+00
     vertex  9.104666e+01 -8.507057e+01  2.800000e+00
   endloop
 endfacet
 facet normal  4.841177e-01 -8.750029e-01  2.063559e-05
   outer loop
     vertex  9.091927e+01 -8.514304e+01  1.790000e+00
     vertex  9.097648e+01 -8.511151e+01 -3.500000e+00
     vertex  9.098520e+01 -8.510656e+01  1.790000e+00
   endloop
 endfacet
 facet normal  4.803291e-01 -8.770884e-01 -3.276910e-05
   outer loop
     vertex  9.091927e+01 -8.514304e+01  1.790000e+00
     vertex  9.090523e+01 -8.515054e+01 -3.500000e+00
     vertex  9.097648e+01 -8.511151e+01 -3.500000e+00
   endloop
 endfacet
 facet normal  4.803291e-01 -8.770883e-01  2.889142e-04
   outer loop
     vertex  9.090523e+01 -8.515054e+01  2.800000e+00
     vertex  9.091927e+01 -8.514304e+01  2.200000e+00
     vertex  9.097648e+01 -8.511151e+01  2.800000e+00
   endloop
 endfacet
 facet normal  4.619894e-01 -8.868855e-01  2.981192e-05
   outer loop
     vertex  9.085245e+01 -8.517785e+01  1.790000e+00
     vertex  9.090523e+01 -8.515054e+01 -3.500000e+00
     vertex  9.091927e+01 -8.514304e+01  1.790000e+00
   endloop
 endfacet
 facet normal  4.564019e-01 -8.897737e-01 -4.085044e-05
   outer loop
     vertex  9.085245e+01 -8.517785e+01  1.790000e+00
     vertex  9.083294e+01 -8.518762e+01 -3.500000e+00
     vertex  9.090523e+01 -8.515054e+01 -3.500000e+00
   endloop
 endfacet
 facet normal  4.564019e-01 -8.897737e-01  3.601647e-04
   outer loop
     vertex  9.083294e+01 -8.518762e+01  2.800000e+00
     vertex  9.085245e+01 -8.517785e+01  2.200000e+00
     vertex  9.090523e+01 -8.515054e+01  2.800000e+00
   endloop
 endfacet
 facet normal  4.321400e-01 -9.018065e-01 -4.674179e-05
   outer loop
     vertex  9.078476e+01 -8.521097e+01  1.790000e+00
     vertex  9.075967e+01 -8.522273e+01 -3.500000e+00
     vertex  9.083294e+01 -8.518762e+01 -3.500000e+00
   endloop
 endfacet
 facet normal  4.395696e-01 -8.982085e-01  3.679827e-05
   outer loop
     vertex  9.078476e+01 -8.521097e+01  1.790000e+00
     vertex  9.083294e+01 -8.518762e+01 -3.500000e+00
     vertex  9.085245e+01 -8.517785e+01  1.790000e+00
   endloop
 endfacet
 facet normal  4.321400e-01 -9.018064e-01  4.121067e-04
   outer loop
     vertex  9.075967e+01 -8.522273e+01  2.800000e+00
     vertex  9.078476e+01 -8.521097e+01  2.200000e+00
     vertex  9.083294e+01 -8.518762e+01  2.800000e+00
   endloop
 endfacet
 facet normal  4.168725e-01 -9.089650e-01  4.159460e-05
   outer loop
     vertex  9.071627e+01 -8.524239e+01  1.790000e+00
     vertex  9.075967e+01 -8.522273e+01 -3.500000e+00
     vertex  9.078476e+01 -8.521097e+01  1.790000e+00
   endloop
 endfacet
 facet normal  4.075612e-01 -9.131779e-01 -5.044310e-05
   outer loop
     vertex  9.071627e+01 -8.524239e+01  1.790000e+00
     vertex  9.068548e+01 -8.525584e+01 -3.500000e+00
     vertex  9.075967e+01 -8.522273e+01 -3.500000e+00
   endloop
 endfacet
 facet normal  4.075611e-01 -9.131778e-01  4.447400e-04
   outer loop
     vertex  9.068548e+01 -8.525584e+01  2.800000e+00
     vertex  9.071627e+01 -8.524239e+01  2.200000e+00
     vertex  9.075967e+01 -8.522273e+01  2.800000e+00
   endloop
 endfacet
 facet normal  3.826834e-01 -9.238795e-01 -5.195438e-05
   outer loop
     vertex  9.064701e+01 -8.527207e+01  1.790000e+00
     vertex  9.061041e+01 -8.528693e+01 -3.500000e+00
     vertex  9.068548e+01 -8.525584e+01 -3.500000e+00
   endloop
 endfacet
 facet normal  3.939125e-01 -9.191480e-01  4.420090e-05
   outer loop
     vertex  9.064701e+01 -8.527207e+01  1.790000e+00
     vertex  9.068548e+01 -8.525584e+01 -3.500000e+00
     vertex  9.071627e+01 -8.524239e+01  1.790000e+00
   endloop
 endfacet
 facet normal  3.826834e-01 -9.238794e-01  4.580644e-04
   outer loop
     vertex  9.061041e+01 -8.528693e+01  2.800000e+00
     vertex  9.064701e+01 -8.527207e+01  2.200000e+00
     vertex  9.068548e+01 -8.525584e+01  2.800000e+00
   endloop
 endfacet
 facet normal  3.575250e-01 -9.339036e-01 -5.127561e-05
   outer loop
     vertex  9.057703e+01 -8.530000e+01  1.790000e+00
     vertex  9.053454e+01 -8.531598e+01 -3.500000e+00
     vertex  9.061041e+01 -8.528693e+01 -3.500000e+00
   endloop
 endfacet
 facet normal  3.707039e-01 -9.287511e-01  4.461716e-05
   outer loop
     vertex  9.057703e+01 -8.530000e+01  1.790000e+00
     vertex  9.061041e+01 -8.528693e+01 -3.500000e+00
     vertex  9.064701e+01 -8.527207e+01  1.790000e+00
   endloop
 endfacet
 facet normal  3.519387e-01 -9.360230e-01  0.000000e+00
   outer loop
     vertex  9.053454e+01 -8.531598e+01  2.800000e+00
     vertex  9.057703e+01 -8.530000e+01  1.790000e+00
     vertex  9.057703e+01 -8.530000e+01  2.200000e+00
   endloop
 endfacet
 facet normal  3.321044e-01 -9.432426e-01  0.000000e+00
   outer loop
     vertex  9.053454e+01 -8.531598e+01  2.800000e+00
     vertex  9.045790e+01 -8.534296e+01 -3.500000e+00
     vertex  9.053454e+01 -8.531598e+01 -3.500000e+00
   endloop
 endfacet
 facet normal  3.519387e-01 -9.360230e-01  0.000000e+00
   outer loop
     vertex  9.053454e+01 -8.531598e+01  2.800000e+00
     vertex  9.053454e+01 -8.531598e+01 -3.500000e+00
     vertex  9.057703e+01 -8.530000e+01  1.790000e+00
   endloop
 endfacet
 facet normal  3.575250e-01 -9.339035e-01  4.520799e-04
   outer loop
     vertex  9.053454e+01 -8.531598e+01  2.800000e+00
     vertex  9.057703e+01 -8.530000e+01  2.200000e+00
     vertex  9.061041e+01 -8.528693e+01  2.800000e+00
   endloop
 endfacet
 facet normal  3.064401e-01 -9.518899e-01  0.000000e+00
   outer loop
     vertex  9.045790e+01 -8.534296e+01  2.800000e+00
     vertex  9.038057e+01 -8.536786e+01 -3.500000e+00
     vertex  9.045790e+01 -8.534296e+01 -3.500000e+00
   endloop
 endfacet
 facet normal  3.321044e-01 -9.432426e-01  0.000000e+00
   outer loop
     vertex  9.045790e+01 -8.534296e+01  2.800000e+00
     vertex  9.045790e+01 -8.534296e+01 -3.500000e+00
     vertex  9.053454e+01 -8.531598e+01  2.800000e+00
   endloop
 endfacet
 facet normal  3.064401e-01 -9.518899e-01  0.000000e+00
   outer loop
     vertex  9.038057e+01 -8.536786e+01  2.800000e+00
     vertex  9.038057e+01 -8.536786e+01 -3.500000e+00
     vertex  9.045790e+01 -8.534296e+01  2.800000e+00
   endloop
 endfacet
 facet normal  2.805512e-01 -9.598391e-01  0.000000e+00
   outer loop
     vertex  9.030259e+01 -8.539065e+01  2.800000e+00
     vertex  9.030259e+01 -8.539065e+01 -3.500000e+00
     vertex  9.038057e+01 -8.536786e+01 -3.500000e+00
   endloop
 endfacet
 facet normal  2.805512e-01 -9.598391e-01  0.000000e+00
   outer loop
     vertex  9.030259e+01 -8.539065e+01  2.800000e+00
     vertex  9.038057e+01 -8.536786e+01 -3.500000e+00
     vertex  9.038057e+01 -8.536786e+01  2.800000e+00
   endloop
 endfacet
 facet normal  2.544564e-01 -9.670842e-01  0.000000e+00
   outer loop
     vertex  9.022401e+01 -8.541132e+01  2.800000e+00
     vertex  9.022401e+01 -8.541132e+01 -3.500000e+00
     vertex  9.030259e+01 -8.539065e+01 -3.500000e+00
   endloop
 endfacet
 facet normal  2.544564e-01 -9.670842e-01  0.000000e+00
   outer loop
     vertex  9.022401e+01 -8.541132e+01  2.800000e+00
     vertex  9.030259e+01 -8.539065e+01 -3.500000e+00
     vertex  9.030259e+01 -8.539065e+01  2.800000e+00
   endloop
 endfacet
 facet normal  2.281751e-01 -9.736201e-01  0.000000e+00
   outer loop
     vertex  9.014491e+01 -8.542986e+01  2.800000e+00
     vertex  9.014491e+01 -8.542986e+01 -3.500000e+00
     vertex  9.022401e+01 -8.541132e+01 -3.500000e+00
   endloop
 endfacet
 facet normal  2.281751e-01 -9.736201e-01  0.000000e+00
   outer loop
     vertex  9.014491e+01 -8.542986e+01  2.800000e+00
     vertex  9.022401e+01 -8.541132e+01 -3.500000e+00
     vertex  9.022401e+01 -8.541132e+01  2.800000e+00
   endloop
 endfacet
 facet normal  2.017264e-01 -9.794419e-01  0.000000e+00
   outer loop
     vertex  9.006534e+01 -8.544625e+01  2.800000e+00
     vertex  9.014491e+01 -8.542986e+01 -3.500000e+00
     vertex  9.014491e+01 -8.542986e+01  2.800000e+00
   endloop
 endfacet
 facet normal  2.017264e-01 -9.794419e-01  0.000000e+00
   outer loop
     vertex  9.006534e+01 -8.544625e+01  2.800000e+00
     vertex  9.006534e+01 -8.544625e+01 -3.500000e+00
     vertex  9.014491e+01 -8.542986e+01 -3.500000e+00
   endloop
 endfacet
 facet normal  1.751297e-01 -9.845454e-01  0.000000e+00
   outer loop
     vertex  8.998535e+01 -8.546048e+01  2.800000e+00
     vertex  9.006534e+01 -8.544625e+01 -3.500000e+00
     vertex  9.006534e+01 -8.544625e+01  2.800000e+00
   endloop
 endfacet
 facet normal  1.751297e-01 -9.845454e-01  0.000000e+00
   outer loop
     vertex  8.998535e+01 -8.546048e+01  2.800000e+00
     vertex  8.998535e+01 -8.546048e+01 -3.500000e+00
     vertex  9.006534e+01 -8.544625e+01 -3.500000e+00
   endloop
 endfacet
 facet normal  1.484046e-01 -9.889267e-01  0.000000e+00
   outer loop
     vertex  8.998535e+01 -8.546048e+01  2.800000e+00
     vertex  8.990500e+01 -8.547254e+01 -3.500000e+00
     vertex  8.998535e+01 -8.546048e+01 -3.500000e+00
   endloop
 endfacet
 facet normal  1.484046e-01 -9.889267e-01  0.000000e+00
   outer loop
     vertex  8.990500e+01 -8.547254e+01  2.800000e+00
     vertex  8.990500e+01 -8.547254e+01 -3.500000e+00
     vertex  8.998535e+01 -8.546048e+01  2.800000e+00
   endloop
 endfacet
 facet normal  1.215707e-01 -9.925828e-01  0.000000e+00
   outer loop
     vertex  8.982436e+01 -8.548241e+01  2.800000e+00
     vertex  8.990500e+01 -8.547254e+01 -3.500000e+00
     vertex  8.990500e+01 -8.547254e+01  2.800000e+00
   endloop
 endfacet
 facet normal  1.215707e-01 -9.925828e-01  0.000000e+00
   outer loop
     vertex  8.982436e+01 -8.548241e+01  2.800000e+00
     vertex  8.982436e+01 -8.548241e+01 -3.500000e+00
     vertex  8.990500e+01 -8.547254e+01 -3.500000e+00
   endloop
 endfacet
 facet normal  9.464755e-02 -9.955108e-01  0.000000e+00
   outer loop
     vertex  8.974348e+01 -8.549010e+01  2.800000e+00
     vertex  8.982436e+01 -8.548241e+01 -3.500000e+00
     vertex  8.982436e+01 -8.548241e+01  2.800000e+00
   endloop
 endfacet
 facet normal  9.464755e-02 -9.955108e-01  0.000000e+00
   outer loop
     vertex  8.974348e+01 -8.549010e+01  2.800000e+00
     vertex  8.974348e+01 -8.549010e+01 -3.500000e+00
     vertex  8.982436e+01 -8.548241e+01 -3.500000e+00
   endloop
 endfacet
 facet normal  6.765502e-02 -9.977088e-01  0.000000e+00
   outer loop
     vertex  8.966242e+01 -8.549560e+01  2.800000e+00
     vertex  8.974348e+01 -8.549010e+01 -3.500000e+00
     vertex  8.974348e+01 -8.549010e+01  2.800000e+00
   endloop
 endfacet
 facet normal  6.765502e-02 -9.977088e-01  0.000000e+00
   outer loop
     vertex  8.966242e+01 -8.549560e+01  2.800000e+00
     vertex  8.966242e+01 -8.549560e+01 -3.500000e+00
     vertex  8.974348e+01 -8.549010e+01 -3.500000e+00
   endloop
 endfacet
 facet normal  4.061287e-02 -9.991750e-01  0.000000e+00
   outer loop
     vertex  8.958124e+01 -8.549890e+01  2.800000e+00
     vertex  8.966242e+01 -8.549560e+01 -3.500000e+00
     vertex  8.966242e+01 -8.549560e+01  2.800000e+00
   endloop
 endfacet
 facet normal  4.061287e-02 -9.991750e-01  0.000000e+00
   outer loop
     vertex  8.958124e+01 -8.549890e+01  2.800000e+00
     vertex  8.958124e+01 -8.549890e+01 -3.500000e+00
     vertex  8.966242e+01 -8.549560e+01 -3.500000e+00
   endloop
 endfacet
 facet normal  1.354093e-02 -9.999083e-01  0.000000e+00
   outer loop
     vertex  8.958124e+01 -8.549890e+01  2.800000e+00
     vertex  8.950000e+01 -8.550000e+01 -3.500000e+00
     vertex  8.958124e+01 -8.549890e+01 -3.500000e+00
   endloop
 endfacet
 facet normal  1.354093e-02 -9.999083e-01  0.000000e+00
   outer loop
     vertex  8.950000e+01 -8.550000e+01  2.800000e+00
     vertex  8.950000e+01 -8.550000e+01 -3.500000e+00
     vertex  8.958124e+01 -8.549890e+01  2.800000e+00
   endloop
 endfacet
 facet normal  3.707039e-01 -9.287510e-01 -3.933746e-04
   outer loop
     vertex  9.064701e+01 -8.527207e+01  2.200000e+00
     vertex  9.061041e+01 -8.528693e+01  2.800000e+00
     vertex  9.057703e+01 -8.530000e+01  2.200000e+00
   endloop
 endfacet
 facet normal  3.939124e-01 -9.191479e-01 -3.897046e-04
   outer loop
     vertex  9.071627e+01 -8.524239e+01  2.200000e+00
     vertex  9.068548e+01 -8.525584e+01  2.800000e+00
     vertex  9.064701e+01 -8.527207e+01  2.200000e+00
   endloop
 endfacet
 facet normal  4.168725e-01 -9.089649e-01 -3.667257e-04
   outer loop
     vertex  9.078476e+01 -8.521097e+01  2.200000e+00
     vertex  9.075967e+01 -8.522273e+01  2.800000e+00
     vertex  9.071627e+01 -8.524239e+01  2.200000e+00
   endloop
 endfacet
 facet normal  4.395696e-01 -8.982085e-01 -3.244381e-04
   outer loop
     vertex  9.085245e+01 -8.517785e+01  2.200000e+00
     vertex  9.083294e+01 -8.518762e+01  2.800000e+00
     vertex  9.078476e+01 -8.521097e+01  2.200000e+00
   endloop
 endfacet
 facet normal  4.619894e-01 -8.868854e-01 -2.628418e-04
   outer loop
     vertex  9.091927e+01 -8.514304e+01  2.200000e+00
     vertex  9.090523e+01 -8.515054e+01  2.800000e+00
     vertex  9.085245e+01 -8.517785e+01  2.200000e+00
   endloop
 endfacet
 facet normal  4.841177e-01 -8.750029e-01 -1.819371e-04
   outer loop
     vertex  9.098520e+01 -8.510656e+01  2.200000e+00
     vertex  9.097648e+01 -8.511151e+01  2.800000e+00
     vertex  9.091927e+01 -8.514304e+01  2.200000e+00
   endloop
 endfacet
 facet normal  5.694403e-01 -8.220327e-01 -1.440299e-04
   outer loop
     vertex  9.123916e+01 -8.494445e+01  2.200000e+00
     vertex  9.118356e+01 -8.498307e+01  2.800000e+00
     vertex  9.117722e+01 -8.498736e+01  2.200000e+00
   endloop
 endfacet
 facet normal  5.899059e-01 -8.074720e-01 -2.326852e-04
   outer loop
     vertex  9.130000e+01 -8.490000e+01  2.200000e+00
     vertex  9.125018e+01 -8.493657e+01  2.800000e+00
     vertex  9.123916e+01 -8.494445e+01  2.200000e+00
   endloop
 endfacet
 facet normal  9.999083e-01  1.354093e-02  0.000000e+00
   outer loop
     vertex  9.249890e+01  4.581238e+00  2.800000e+00
     vertex  9.250000e+01  4.500000e+00 -3.500000e+00
     vertex  9.249890e+01  4.581238e+00 -3.500000e+00
   endloop
 endfacet
 facet normal  9.999083e-01  1.354093e-02  0.000000e+00
   outer loop
     vertex  9.249890e+01  4.581238e+00  2.800000e+00
     vertex  9.250000e+01  4.500000e+00  2.800000e+00
     vertex  9.250000e+01  4.500000e+00 -3.500000e+00
   endloop
 endfacet
 facet normal  9.991750e-01  4.061287e-02  0.000000e+00
   outer loop
     vertex  9.249560e+01  4.662417e+00  2.800000e+00
     vertex  9.249890e+01  4.581238e+00 -3.500000e+00
     vertex  9.249560e+01  4.662417e+00 -3.500000e+00
   endloop
 endfacet
 facet normal  9.991750e-01  4.061287e-02  0.000000e+00
   outer loop
     vertex  9.249560e+01  4.662417e+00  2.800000e+00
     vertex  9.249890e+01  4.581238e+00  2.800000e+00
     vertex  9.249890e+01  4.581238e+00 -3.500000e+00
   endloop
 endfacet
 facet normal  9.977088e-01  6.765502e-02  0.000000e+00
   outer loop
     vertex  9.249010e+01  4.743476e+00  2.800000e+00
     vertex  9.249560e+01  4.662417e+00 -3.500000e+00
     vertex  9.249010e+01  4.743476e+00 -3.500000e+00
   endloop
 endfacet
 facet normal  9.977088e-01  6.765502e-02  0.000000e+00
   outer loop
     vertex  9.249010e+01  4.743476e+00  2.800000e+00
     vertex  9.249560e+01  4.662417e+00  2.800000e+00
     vertex  9.249560e+01  4.662417e+00 -3.500000e+00
   endloop
 endfacet
 facet normal  9.955108e-01  9.464755e-02  0.000000e+00
   outer loop
     vertex  9.248241e+01  4.824357e+00  2.800000e+00
     vertex  9.249010e+01  4.743476e+00 -3.500000e+00
     vertex  9.248241e+01  4.824357e+00 -3.500000e+00
   endloop
 endfacet
 facet normal  9.955108e-01  9.464755e-02  0.000000e+00
   outer loop
     vertex  9.248241e+01  4.824357e+00  2.800000e+00
     vertex  9.249010e+01  4.743476e+00  2.800000e+00
     vertex  9.249010e+01  4.743476e+00 -3.500000e+00
   endloop
 endfacet
 facet normal  9.925828e-01  1.215707e-01  0.000000e+00
   outer loop
     vertex  9.247254e+01  4.905000e+00  2.800000e+00
     vertex  9.248241e+01  4.824357e+00 -3.500000e+00
     vertex  9.247254e+01  4.905000e+00 -3.500000e+00
   endloop
 endfacet
 facet normal  9.889267e-01  1.484046e-01  0.000000e+00
   outer loop
     vertex  9.247254e+01  4.905000e+00  2.800000e+00
     vertex  9.247254e+01  4.905000e+00 -3.500000e+00
     vertex  9.246048e+01  4.985346e+00 -3.500000e+00
   endloop
 endfacet
 facet normal  9.925828e-01  1.215707e-01  0.000000e+00
   outer loop
     vertex  9.247254e+01  4.905000e+00  2.800000e+00
     vertex  9.248241e+01  4.824357e+00  2.800000e+00
     vertex  9.248241e+01  4.824357e+00 -3.500000e+00
   endloop
 endfacet
 facet normal  9.889267e-01  1.484046e-01  0.000000e+00
   outer loop
     vertex  9.246048e+01  4.985346e+00  2.800000e+00
     vertex  9.247254e+01  4.905000e+00  2.800000e+00
     vertex  9.246048e+01  4.985346e+00 -3.500000e+00
   endloop
 endfacet
 facet normal  9.845454e-01  1.751297e-01  0.000000e+00
   outer loop
     vertex  9.244625e+01  5.065336e+00  2.800000e+00
     vertex  9.246048e+01  4.985346e+00 -3.500000e+00
     vertex  9.244625e+01  5.065336e+00 -3.500000e+00
   endloop
 endfacet
 facet normal  9.794419e-01  2.017264e-01  0.000000e+00
   outer loop
     vertex  9.244625e+01  5.065336e+00  2.800000e+00
     vertex  9.244625e+01  5.065336e+00 -3.500000e+00
     vertex  9.242986e+01  5.144911e+00 -3.500000e+00
   endloop
 endfacet
 facet normal  9.845454e-01  1.751297e-01  0.000000e+00
   outer loop
     vertex  9.244625e+01  5.065336e+00  2.800000e+00
     vertex  9.246048e+01  4.985346e+00  2.800000e+00
     vertex  9.246048e+01  4.985346e+00 -3.500000e+00
   endloop
 endfacet
 facet normal  9.794419e-01  2.017264e-01  0.000000e+00
   outer loop
     vertex  9.242986e+01  5.144911e+00  2.800000e+00
     vertex  9.244625e+01  5.065336e+00  2.800000e+00
     vertex  9.242986e+01  5.144911e+00 -3.500000e+00
   endloop
 endfacet
 facet normal  9.736201e-01  2.281751e-01  0.000000e+00
   outer loop
     vertex  9.241132e+01  5.224014e+00  2.800000e+00
     vertex  9.242986e+01  5.144911e+00 -3.500000e+00
     vertex  9.241132e+01  5.224014e+00 -3.500000e+00
   endloop
 endfacet
 facet normal  9.736201e-01  2.281751e-01  0.000000e+00
   outer loop
     vertex  9.241132e+01  5.224014e+00  2.800000e+00
     vertex  9.242986e+01  5.144911e+00  2.800000e+00
     vertex  9.242986e+01  5.144911e+00 -3.500000e+00
   endloop
 endfacet
 facet normal  9.670842e-01  2.544564e-01  0.000000e+00
   outer loop
     vertex  9.239065e+01  5.302585e+00  2.800000e+00
     vertex  9.241132e+01  5.224014e+00 -3.500000e+00
     vertex  9.239065e+01  5.302585e+00 -3.500000e+00
   endloop
 endfacet
 facet normal  9.670842e-01  2.544564e-01  0.000000e+00
   outer loop
     vertex  9.239065e+01  5.302585e+00  2.800000e+00
     vertex  9.241132e+01  5.224014e+00  2.800000e+00
     vertex  9.241132e+01  5.224014e+00 -3.500000e+00
   endloop
 endfacet
 facet normal  9.598391e-01  2.805512e-01  0.000000e+00
   outer loop
     vertex  9.236786e+01  5.380568e+00  2.800000e+00
     vertex  9.239065e+01  5.302585e+00 -3.500000e+00
     vertex  9.236786e+01  5.380568e+00 -3.500000e+00
   endloop
 endfacet
 facet normal  9.598391e-01  2.805512e-01  0.000000e+00
   outer loop
     vertex  9.236786e+01  5.380568e+00  2.800000e+00
     vertex  9.239065e+01  5.302585e+00  2.800000e+00
     vertex  9.239065e+01  5.302585e+00 -3.500000e+00
   endloop
 endfacet
 facet normal  9.518899e-01  3.064401e-01  0.000000e+00
   outer loop
     vertex  9.234296e+01  5.457905e+00  2.800000e+00
     vertex  9.236786e+01  5.380568e+00 -3.500000e+00
     vertex  9.234296e+01  5.457905e+00 -3.500000e+00
   endloop
 endfacet
 facet normal  9.518899e-01  3.064401e-01  0.000000e+00
   outer loop
     vertex  9.234296e+01  5.457905e+00  2.800000e+00
     vertex  9.236786e+01  5.380568e+00  2.800000e+00
     vertex  9.236786e+01  5.380568e+00 -3.500000e+00
   endloop
 endfacet
 facet normal  9.432426e-01  3.321044e-01  0.000000e+00
   outer loop
     vertex  9.231598e+01  5.534539e+00  2.800000e+00
     vertex  9.234296e+01  5.457905e+00 -3.500000e+00
     vertex  9.231598e+01  5.534539e+00 -3.500000e+00
   endloop
 endfacet
 facet normal  9.339036e-01  3.575250e-01  0.000000e+00
   outer loop
     vertex  9.231598e+01  5.534539e+00  2.800000e+00
     vertex  9.231598e+01  5.534539e+00 -3.500000e+00
     vertex  9.228693e+01  5.610414e+00 -3.500000e+00
   endloop
 endfacet
 facet normal  9.432426e-01  3.321044e-01  0.000000e+00
   outer loop
     vertex  9.231598e+01  5.534539e+00  2.800000e+00
     vertex  9.234296e+01  5.457905e+00  2.800000e+00
     vertex  9.234296e+01  5.457905e+00 -3.500000e+00
   endloop
 endfacet
 facet normal  9.339036e-01  3.575250e-01  0.000000e+00
   outer loop
     vertex  9.228693e+01  5.610414e+00  2.800000e+00
     vertex  9.231598e+01  5.534539e+00  2.800000e+00
     vertex  9.228693e+01  5.610414e+00 -3.500000e+00
   endloop
 endfacet
 facet normal  9.238795e-01  3.826834e-01  0.000000e+00
   outer loop
     vertex  9.225584e+01  5.685476e+00  2.800000e+00
     vertex  9.228693e+01  5.610414e+00 -3.500000e+00
     vertex  9.225584e+01  5.685476e+00 -3.500000e+00
   endloop
 endfacet
 facet normal  9.238795e-01  3.826834e-01  0.000000e+00
   outer loop
     vertex  9.225584e+01  5.685476e+00  2.800000e+00
     vertex  9.228693e+01  5.610414e+00  2.800000e+00
     vertex  9.228693e+01  5.610414e+00 -3.500000e+00
   endloop
 endfacet
 facet normal  9.131779e-01  4.075612e-01  0.000000e+00
   outer loop
     vertex  9.222273e+01  5.759667e+00  2.800000e+00
     vertex  9.225584e+01  5.685476e+00 -3.500000e+00
     vertex  9.222273e+01  5.759667e+00 -3.500000e+00
   endloop
 endfacet
 facet normal  9.131779e-01  4.075612e-01  0.000000e+00
   outer loop
     vertex  9.222273e+01  5.759667e+00  2.800000e+00
     vertex  9.225584e+01  5.685476e+00  2.800000e+00
     vertex  9.225584e+01  5.685476e+00 -3.500000e+00
   endloop
 endfacet
 facet normal  9.018065e-01  4.321400e-01  0.000000e+00
   outer loop
     vertex  9.218762e+01  5.832935e+00  2.800000e+00
     vertex  9.222273e+01  5.759667e+00 -3.500000e+00
     vertex  9.218762e+01  5.832935e+00 -3.500000e+00
   endloop
 endfacet
 facet normal  9.018065e-01  4.321400e-01  0.000000e+00
   outer loop
     vertex  9.218762e+01  5.832935e+00  2.800000e+00
     vertex  9.222273e+01  5.759667e+00  2.800000e+00
     vertex  9.222273e+01  5.759667e+00 -3.500000e+00
   endloop
 endfacet
 facet normal  8.897737e-01  4.564019e-01  0.000000e+00
   outer loop
     vertex  9.215054e+01  5.905225e+00  2.800000e+00
     vertex  9.218762e+01  5.832935e+00 -3.500000e+00
     vertex  9.215054e+01  5.905225e+00 -3.500000e+00
   endloop
 endfacet
 facet normal  8.770884e-01  4.803291e-01  0.000000e+00
   outer loop
     vertex  9.215054e+01  5.905225e+00  2.800000e+00
     vertex  9.215054e+01  5.905225e+00 -3.500000e+00
     vertex  9.211151e+01  5.976485e+00 -3.500000e+00
   endloop
 endfacet
 facet normal  8.897737e-01  4.564019e-01  0.000000e+00
   outer loop
     vertex  9.215054e+01  5.905225e+00  2.800000e+00
     vertex  9.218762e+01  5.832935e+00  2.800000e+00
     vertex  9.218762e+01  5.832935e+00 -3.500000e+00
   endloop
 endfacet
 facet normal  8.637597e-01  5.039039e-01  0.000000e+00
   outer loop
     vertex  9.211151e+01  5.976485e+00  2.800000e+00
     vertex  9.211151e+01  5.976485e+00 -3.500000e+00
     vertex  9.207057e+01  6.046662e+00 -3.500000e+00
   endloop
 endfacet
 facet normal  8.770884e-01  4.803291e-01  0.000000e+00
   outer loop
     vertex  9.211151e+01  5.976485e+00  2.800000e+00
     vertex  9.215054e+01  5.905225e+00  2.800000e+00
     vertex  9.211151e+01  5.976485e+00 -3.500000e+00
   endloop
 endfacet
 facet normal  8.637597e-01  5.039039e-01  0.000000e+00
   outer loop
     vertex  9.207057e+01  6.046662e+00  2.800000e+00
     vertex  9.211151e+01  5.976485e+00  2.800000e+00
     vertex  9.207057e+01  6.046662e+00 -3.500000e+00
   endloop
 endfacet
 facet normal  8.497975e-01  5.271092e-01  0.000000e+00
   outer loop
     vertex  9.207057e+01  6.046662e+00  2.800000e+00
     vertex  9.207057e+01  6.046662e+00 -3.500000e+00
     vertex  9.202775e+01  6.115704e+00 -3.500000e+00
   endloop
 endfacet
 facet normal  8.497975e-01  5.271092e-01  0.000000e+00
   outer loop
     vertex  9.202775e+01  6.115704e+00  2.800000e+00
     vertex  9.207057e+01  6.046662e+00  2.800000e+00
     vertex  9.202775e+01  6.115704e+00 -3.500000e+00
   endloop
 endfacet
 facet normal  8.352121e-01  5.499279e-01  0.000000e+00
   outer loop
     vertex  9.202775e+01  6.115704e+00  2.800000e+00
     vertex  9.202775e+01  6.115704e+00 -3.500000e+00
     vertex  9.198307e+01  6.183561e+00 -3.500000e+00
   endloop
 endfacet
 facet normal  8.352121e-01  5.499279e-01  0.000000e+00
   outer loop
     vertex  9.198307e+01  6.183561e+00  2.800000e+00
     vertex  9.202775e+01  6.115704e+00  2.800000e+00
     vertex  9.198307e+01  6.183561e+00 -3.500000e+00
   endloop
 endfacet
 facet normal  8.200141e-01  5.723433e-01  0.000000e+00
   outer loop
     vertex  9.193657e+01  6.250184e+00  2.800000e+00
     vertex  9.198307e+01  6.183561e+00  2.800000e+00
     vertex  9.198307e+01  6.183561e+00 -3.500000e+00
   endloop
 endfacet
 facet normal  8.200141e-01  5.723433e-01  0.000000e+00
   outer loop
     vertex  9.193657e+01  6.250184e+00  2.800000e+00
     vertex  9.198307e+01  6.183561e+00 -3.500000e+00
     vertex  9.193657e+01  6.250184e+00 -3.500000e+00
   endloop
 endfacet
 facet normal  8.042147e-01  5.943389e-01  0.000000e+00
   outer loop
     vertex  9.188828e+01  6.315523e+00  2.800000e+00
     vertex  9.193657e+01  6.250184e+00  2.800000e+00
     vertex  9.193657e+01  6.250184e+00 -3.500000e+00
   endloop
 endfacet
 facet normal  8.042147e-01  5.943389e-01  0.000000e+00
   outer loop
     vertex  9.188828e+01  6.315523e+00  2.800000e+00
     vertex  9.193657e+01  6.250184e+00 -3.500000e+00
     vertex  9.188828e+01  6.315523e+00 -3.500000e+00
   endloop
 endfacet
 facet normal  7.878255e-01  6.158986e-01  0.000000e+00
   outer loop
     vertex  9.188828e+01  6.315523e+00  2.800000e+00
     vertex  9.188828e+01  6.315523e+00 -3.500000e+00
     vertex  9.183824e+01  6.379530e+00 -3.500000e+00
   endloop
 endfacet
 facet normal  7.878255e-01  6.158986e-01  0.000000e+00
   outer loop
     vertex  9.183824e+01  6.379530e+00  2.800000e+00
     vertex  9.188828e+01  6.315523e+00  2.800000e+00
     vertex  9.183824e+01  6.379530e+00 -3.500000e+00
   endloop
 endfacet
 facet normal  7.708584e-01  6.370065e-01  0.000000e+00
   outer loop
     vertex  9.178649e+01  6.442159e+00  2.800000e+00
     vertex  9.183824e+01  6.379530e+00 -3.500000e+00
     vertex  9.178649e+01  6.442159e+00 -3.500000e+00
   endloop
 endfacet
 facet normal  7.708584e-01  6.370065e-01  0.000000e+00
   outer loop
     vertex  9.178649e+01  6.442159e+00  2.800000e+00
     vertex  9.183824e+01  6.379530e+00  2.800000e+00
     vertex  9.183824e+01  6.379530e+00 -3.500000e+00
   endloop
 endfacet
 facet normal  7.533260e-01  6.576473e-01  0.000000e+00
   outer loop
     vertex  9.178649e+01  6.442159e+00  2.800000e+00
     vertex  9.178649e+01  6.442159e+00 -3.500000e+00
     vertex  9.173306e+01  6.503363e+00 -3.500000e+00
   endloop
 endfacet
 facet normal  7.352410e-01  6.778058e-01  0.000000e+00
   outer loop
     vertex  9.173306e+01  6.503363e+00  2.800000e+00
     vertex  9.173306e+01  6.503363e+00 -3.500000e+00
     vertex  9.167799e+01  6.563098e+00 -3.500000e+00
   endloop
 endfacet
 facet normal  7.533260e-01  6.576473e-01  0.000000e+00
   outer loop
     vertex  9.173306e+01  6.503363e+00  2.800000e+00
     vertex  9.178649e+01  6.442159e+00  2.800000e+00
     vertex  9.173306e+01  6.503363e+00 -3.500000e+00
   endloop
 endfacet
 facet normal  7.352410e-01  6.778058e-01  0.000000e+00
   outer loop
     vertex  9.167799e+01  6.563098e+00  2.800000e+00
     vertex  9.173306e+01  6.503363e+00  2.800000e+00
     vertex  9.167799e+01  6.563098e+00 -3.500000e+00
   endloop
 endfacet
 facet normal  7.166168e-01  6.974671e-01  0.000000e+00
   outer loop
     vertex  9.162132e+01  6.621320e+00  2.800000e+00
     vertex  9.167799e+01  6.563098e+00 -3.500000e+00
     vertex  9.162132e+01  6.621320e+00 -3.500000e+00
   endloop
 endfacet
 facet normal  7.166168e-01  6.974671e-01  0.000000e+00
   outer loop
     vertex  9.162132e+01  6.621320e+00  2.800000e+00
     vertex  9.167799e+01  6.563098e+00  2.800000e+00
     vertex  9.167799e+01  6.563098e+00 -3.500000e+00
   endloop
 endfacet
 facet normal  6.974671e-01  7.166168e-01  0.000000e+00
   outer loop
     vertex  9.156310e+01  6.677986e+00  2.800000e+00
     vertex  9.162132e+01  6.621320e+00 -3.500000e+00
     vertex  9.156310e+01  6.677986e+00 -3.500000e+00
   endloop
 endfacet
 facet normal  6.974671e-01  7.166168e-01  0.000000e+00
   outer loop
     vertex  9.156310e+01  6.677986e+00  2.800000e+00
     vertex  9.162132e+01  6.621320e+00  2.800000e+00
     vertex  9.162132e+01  6.621320e+00 -3.500000e+00
   endloop
 endfacet
 facet normal  6.778058e-01  7.352410e-01  0.000000e+00
   outer loop
     vertex  9.150336e+01  6.733055e+00  2.800000e+00
     vertex  9.156310e+01  6.677986e+00 -3.500000e+00
     vertex  9.150336e+01  6.733055e+00 -3.500000e+00
   endloop
 endfacet
 facet normal  6.778058e-01  7.352410e-01  0.000000e+00
   outer loop
     vertex  9.150336e+01  6.733055e+00  2.800000e+00
     vertex  9.156310e+01  6.677986e+00  2.800000e+00
     vertex  9.156310e+01  6.677986e+00 -3.500000e+00
   endloop
 endfacet
 facet normal  6.576473e-01  7.533260e-01  0.000000e+00
   outer loop
     vertex  9.144216e+01  6.786486e+00  2.800000e+00
     vertex  9.150336e+01  6.733055e+00 -3.500000e+00
     vertex  9.144216e+01  6.786486e+00 -3.500000e+00
   endloop
 endfacet
 facet normal  6.576473e-01  7.533260e-01  0.000000e+00
   outer loop
     vertex  9.144216e+01  6.786486e+00  2.800000e+00
     vertex  9.150336e+01  6.733055e+00  2.800000e+00
     vertex  9.150336e+01  6.733055e+00 -3.500000e+00
   endloop
 endfacet
 facet normal  6.370065e-01  7.708584e-01  0.000000e+00
   outer loop
     vertex  9.137953e+01  6.838240e+00  2.800000e+00
     vertex  9.144216e+01  6.786486e+00 -3.500000e+00
     vertex  9.137953e+01  6.838240e+00 -3.500000e+00
   endloop
 endfacet
 facet normal  6.158986e-01  7.878255e-01  0.000000e+00
   outer loop
     vertex  9.137953e+01  6.838240e+00  2.800000e+00
     vertex  9.137953e+01  6.838240e+00 -3.500000e+00
     vertex  9.131552e+01  6.888279e+00 -3.500000e+00
   endloop
 endfacet
 facet normal  6.370065e-01  7.708584e-01  0.000000e+00
   outer loop
     vertex  9.137953e+01  6.838240e+00  2.800000e+00
     vertex  9.144216e+01  6.786486e+00  2.800000e+00
     vertex  9.144216e+01  6.786486e+00 -3.500000e+00
   endloop
 endfacet
 facet normal  6.158986e-01  7.878255e-01  0.000000e+00
   outer loop
     vertex  9.131552e+01  6.888279e+00  2.800000e+00
     vertex  9.137953e+01  6.838240e+00  2.800000e+00
     vertex  9.131552e+01  6.888279e+00 -3.500000e+00
   endloop
 endfacet
 facet normal  5.943389e-01  8.042147e-01  0.000000e+00
   outer loop
     vertex  9.125018e+01  6.936567e+00  2.800000e+00
     vertex  9.131552e+01  6.888279e+00 -3.500000e+00
     vertex  9.125018e+01  6.936567e+00 -3.500000e+00
   endloop
 endfacet
 facet normal  5.943389e-01  8.042147e-01  0.000000e+00
   outer loop
     vertex  9.125018e+01  6.936567e+00  2.800000e+00
     vertex  9.131552e+01  6.888279e+00  2.800000e+00
     vertex  9.131552e+01  6.888279e+00 -3.500000e+00
   endloop
 endfacet
 facet normal  5.723433e-01  8.200141e-01  0.000000e+00
   outer loop
     vertex  9.118356e+01  6.983067e+00  2.800000e+00
     vertex  9.125018e+01  6.936567e+00 -3.500000e+00
     vertex  9.118356e+01  6.983067e+00 -3.500000e+00
   endloop
 endfacet
 facet normal  5.499279e-01  8.352121e-01  0.000000e+00
   outer loop
     vertex  9.118356e+01  6.983067e+00  2.800000e+00
     vertex  9.118356e+01  6.983067e+00 -3.500000e+00
     vertex  9.111570e+01  7.027746e+00 -3.500000e+00
   endloop
 endfacet
 facet normal  5.723433e-01  8.200141e-01  0.000000e+00
   outer loop
     vertex  9.118356e+01  6.983067e+00  2.800000e+00
     vertex  9.125018e+01  6.936567e+00  2.800000e+00
     vertex  9.125018e+01  6.936567e+00 -3.500000e+00
   endloop
 endfacet
 facet normal  5.499279e-01  8.352121e-01  0.000000e+00
   outer loop
     vertex  9.111570e+01  7.027746e+00  2.800000e+00
     vertex  9.118356e+01  6.983067e+00  2.800000e+00
     vertex  9.111570e+01  7.027746e+00 -3.500000e+00
   endloop
 endfacet
 facet normal  5.271092e-01  8.497975e-01  0.000000e+00
   outer loop
     vertex  9.104666e+01  7.070572e+00  2.800000e+00
     vertex  9.111570e+01  7.027746e+00 -3.500000e+00
     vertex  9.104666e+01  7.070572e+00 -3.500000e+00
   endloop
 endfacet
 facet normal  5.271092e-01  8.497975e-01  0.000000e+00
   outer loop
     vertex  9.104666e+01  7.070572e+00  2.800000e+00
     vertex  9.111570e+01  7.027746e+00  2.800000e+00
     vertex  9.111570e+01  7.027746e+00 -3.500000e+00
   endloop
 endfacet
 facet normal  5.039039e-01  8.637597e-01  0.000000e+00
   outer loop
     vertex  9.097648e+01  7.111512e+00  2.800000e+00
     vertex  9.104666e+01  7.070572e+00 -3.500000e+00
     vertex  9.097648e+01  7.111512e+00 -3.500000e+00
   endloop
 endfacet
 facet normal  5.039039e-01  8.637597e-01  0.000000e+00
   outer loop
     vertex  9.097648e+01  7.111512e+00  2.800000e+00
     vertex  9.104666e+01  7.070572e+00  2.800000e+00
     vertex  9.104666e+01  7.070572e+00 -3.500000e+00
   endloop
 endfacet
 facet normal  4.803291e-01  8.770884e-01  0.000000e+00
   outer loop
     vertex  9.090523e+01  7.150536e+00  2.800000e+00
     vertex  9.097648e+01  7.111512e+00 -3.500000e+00
     vertex  9.090523e+01  7.150536e+00 -3.500000e+00
   endloop
 endfacet
 facet normal  4.803291e-01  8.770884e-01  0.000000e+00
   outer loop
     vertex  9.090523e+01  7.150536e+00  2.800000e+00
     vertex  9.097648e+01  7.111512e+00  2.800000e+00
     vertex  9.097648e+01  7.111512e+00 -3.500000e+00
   endloop
 endfacet
 facet normal  4.564019e-01  8.897737e-01  0.000000e+00
   outer loop
     vertex  9.083294e+01  7.187617e+00  2.800000e+00
     vertex  9.090523e+01  7.150536e+00 -3.500000e+00
     vertex  9.083294e+01  7.187617e+00 -3.500000e+00
   endloop
 endfacet
 facet normal  4.564019e-01  8.897737e-01  0.000000e+00
   outer loop
     vertex  9.083294e+01  7.187617e+00  2.800000e+00
     vertex  9.090523e+01  7.150536e+00  2.800000e+00
     vertex  9.090523e+01  7.150536e+00 -3.500000e+00
   endloop
 endfacet
 facet normal  4.321400e-01  9.018065e-01  0.000000e+00
   outer loop
     vertex  9.075967e+01  7.222726e+00  2.800000e+00
     vertex  9.083294e+01  7.187617e+00 -3.500000e+00
     vertex  9.075967e+01  7.222726e+00 -3.500000e+00
   endloop
 endfacet
 facet normal  4.075612e-01  9.131779e-01  0.000000e+00
   outer loop
     vertex  9.075967e+01  7.222726e+00  2.800000e+00
     vertex  9.075967e+01  7.222726e+00 -3.500000e+00
     vertex  9.068548e+01  7.255839e+00 -3.500000e+00
   endloop
 endfacet
 facet normal  4.321400e-01  9.018065e-01  0.000000e+00
   outer loop
     vertex  9.075967e+01  7.222726e+00  2.800000e+00
     vertex  9.083294e+01  7.187617e+00  2.800000e+00
     vertex  9.083294e+01  7.187617e+00 -3.500000e+00
   endloop
 endfacet
 facet normal  3.826834e-01  9.238795e-01  0.000000e+00
   outer loop
     vertex  9.068548e+01  7.255839e+00  2.800000e+00
     vertex  9.068548e+01  7.255839e+00 -3.500000e+00
     vertex  9.061041e+01  7.286930e+00 -3.500000e+00
   endloop
 endfacet
 facet normal  4.075612e-01  9.131779e-01  0.000000e+00
   outer loop
     vertex  9.068548e+01  7.255839e+00  2.800000e+00
     vertex  9.075967e+01  7.222726e+00  2.800000e+00
     vertex  9.068548e+01  7.255839e+00 -3.500000e+00
   endloop
 endfacet
 facet normal  3.575250e-01  9.339036e-01  0.000000e+00
   outer loop
     vertex  9.061041e+01  7.286930e+00  2.800000e+00
     vertex  9.061041e+01  7.286930e+00 -3.500000e+00
     vertex  9.053454e+01  7.315977e+00 -3.500000e+00
   endloop
 endfacet
 facet normal  3.826834e-01  9.238795e-01  0.000000e+00
   outer loop
     vertex  9.061041e+01  7.286930e+00  2.800000e+00
     vertex  9.068548e+01  7.255839e+00  2.800000e+00
     vertex  9.061041e+01  7.286930e+00 -3.500000e+00
   endloop
 endfacet
 facet normal  3.575250e-01  9.339036e-01  0.000000e+00
   outer loop
     vertex  9.053454e+01  7.315977e+00  2.800000e+00
     vertex  9.061041e+01  7.286930e+00  2.800000e+00
     vertex  9.053454e+01  7.315977e+00 -3.500000e+00
   endloop
 endfacet
 facet normal  3.321044e-01  9.432426e-01  0.000000e+00
   outer loop
     vertex  9.045790e+01  7.342960e+00  2.800000e+00
     vertex  9.053454e+01  7.315977e+00  2.800000e+00
     vertex  9.053454e+01  7.315977e+00 -3.500000e+00
   endloop
 endfacet
 facet normal  3.321044e-01  9.432426e-01  0.000000e+00
   outer loop
     vertex  9.045790e+01  7.342960e+00  2.800000e+00
     vertex  9.053454e+01  7.315977e+00 -3.500000e+00
     vertex  9.045790e+01  7.342960e+00 -3.500000e+00
   endloop
 endfacet
 facet normal  3.064401e-01  9.518899e-01  0.000000e+00
   outer loop
     vertex  9.038057e+01  7.367856e+00  2.800000e+00
     vertex  9.045790e+01  7.342960e+00  2.800000e+00
     vertex  9.045790e+01  7.342960e+00 -3.500000e+00
   endloop
 endfacet
 facet normal  3.064401e-01  9.518899e-01  0.000000e+00
   outer loop
     vertex  9.038057e+01  7.367856e+00  2.800000e+00
     vertex  9.045790e+01  7.342960e+00 -3.500000e+00
     vertex  9.038057e+01  7.367856e+00 -3.500000e+00
   endloop
 endfacet
 facet normal  2.805512e-01  9.598391e-01  0.000000e+00
   outer loop
     vertex  9.030259e+01  7.390650e+00  2.800000e+00
     vertex  9.038057e+01  7.367856e+00  2.800000e+00
     vertex  9.038057e+01  7.367856e+00 -3.500000e+00
   endloop
 endfacet
 facet normal  2.805512e-01  9.598391e-01  0.000000e+00
   outer loop
     vertex  9.030259e+01  7.390650e+00  2.800000e+00
     vertex  9.038057e+01  7.367856e+00 -3.500000e+00
     vertex  9.030259e+01  7.390650e+00 -3.500000e+00
   endloop
 endfacet
 facet normal  2.544564e-01  9.670842e-01  0.000000e+00
   outer loop
     vertex  9.022401e+01  7.411323e+00  2.800000e+00
     vertex  9.030259e+01  7.390650e+00  2.800000e+00
     vertex  9.030259e+01  7.390650e+00 -3.500000e+00
   endloop
 endfacet
 facet normal  2.544564e-01  9.670842e-01  0.000000e+00
   outer loop
     vertex  9.022401e+01  7.411323e+00  2.800000e+00
     vertex  9.030259e+01  7.390650e+00 -3.500000e+00
     vertex  9.022401e+01  7.411323e+00 -3.500000e+00
   endloop
 endfacet
 facet normal  2.281751e-01  9.736201e-01  0.000000e+00
   outer loop
     vertex  9.022401e+01  7.411323e+00  2.800000e+00
     vertex  9.022401e+01  7.411323e+00 -3.500000e+00
     vertex  9.014491e+01  7.429862e+00 -3.500000e+00
   endloop
 endfacet
 facet normal  2.281751e-01  9.736201e-01  0.000000e+00
   outer loop
     vertex  9.014491e+01  7.429862e+00  2.800000e+00
     vertex  9.022401e+01  7.411323e+00  2.800000e+00
     vertex  9.014491e+01  7.429862e+00 -3.500000e+00
   endloop
 endfacet
 facet normal  2.017264e-01  9.794419e-01  0.000000e+00
   outer loop
     vertex  9.006534e+01  7.446251e+00  2.800000e+00
     vertex  9.014491e+01  7.429862e+00  2.800000e+00
     vertex  9.014491e+01  7.429862e+00 -3.500000e+00
   endloop
 endfacet
 facet normal  2.017264e-01  9.794419e-01  0.000000e+00
   outer loop
     vertex  9.006534e+01  7.446251e+00  2.800000e+00
     vertex  9.014491e+01  7.429862e+00 -3.500000e+00
     vertex  9.006534e+01  7.446251e+00 -3.500000e+00
   endloop
 endfacet
 facet normal  1.751297e-01  9.845454e-01  0.000000e+00
   outer loop
     vertex  8.998535e+01  7.460480e+00  2.800000e+00
     vertex  9.006534e+01  7.446251e+00  2.800000e+00
     vertex  9.006534e+01  7.446251e+00 -3.500000e+00
   endloop
 endfacet
 facet normal  1.751297e-01  9.845454e-01  0.000000e+00
   outer loop
     vertex  8.998535e+01  7.460480e+00  2.800000e+00
     vertex  9.006534e+01  7.446251e+00 -3.500000e+00
     vertex  8.998535e+01  7.460480e+00 -3.500000e+00
   endloop
 endfacet
 facet normal  1.484046e-01  9.889267e-01  0.000000e+00
   outer loop
     vertex  8.990500e+01  7.472537e+00  2.800000e+00
     vertex  8.998535e+01  7.460480e+00  2.800000e+00
     vertex  8.998535e+01  7.460480e+00 -3.500000e+00
   endloop
 endfacet
 facet normal  1.484046e-01  9.889267e-01  0.000000e+00
   outer loop
     vertex  8.990500e+01  7.472537e+00  2.800000e+00
     vertex  8.998535e+01  7.460480e+00 -3.500000e+00
     vertex  8.990500e+01  7.472537e+00 -3.500000e+00
   endloop
 endfacet
 facet normal  1.215707e-01  9.925828e-01  0.000000e+00
   outer loop
     vertex  8.982436e+01  7.482414e+00  2.800000e+00
     vertex  8.990500e+01  7.472537e+00  2.800000e+00
     vertex  8.990500e+01  7.472537e+00 -3.500000e+00
   endloop
 endfacet
 facet normal  1.215707e-01  9.925828e-01  0.000000e+00
   outer loop
     vertex  8.982436e+01  7.482414e+00  2.800000e+00
     vertex  8.990500e+01  7.472537e+00 -3.500000e+00
     vertex  8.982436e+01  7.482414e+00 -3.500000e+00
   endloop
 endfacet
 facet normal  9.464755e-02  9.955108e-01  0.000000e+00
   outer loop
     vertex  8.974348e+01  7.490104e+00  2.800000e+00
     vertex  8.982436e+01  7.482414e+00  2.800000e+00
     vertex  8.982436e+01  7.482414e+00 -3.500000e+00
   endloop
 endfacet
 facet normal  9.464755e-02  9.955108e-01  0.000000e+00
   outer loop
     vertex  8.974348e+01  7.490104e+00  2.800000e+00
     vertex  8.982436e+01  7.482414e+00 -3.500000e+00
     vertex  8.974348e+01  7.490104e+00 -3.500000e+00
   endloop
 endfacet
 facet normal  6.765502e-02  9.977088e-01  0.000000e+00
   outer loop
     vertex  8.966242e+01  7.495600e+00  2.800000e+00
     vertex  8.974348e+01  7.490104e+00  2.800000e+00
     vertex  8.974348e+01  7.490104e+00 -3.500000e+00
   endloop
 endfacet
 facet normal  6.765502e-02  9.977088e-01  0.000000e+00
   outer loop
     vertex  8.966242e+01  7.495600e+00  2.800000e+00
     vertex  8.974348e+01  7.490104e+00 -3.500000e+00
     vertex  8.966242e+01  7.495600e+00 -3.500000e+00
   endloop
 endfacet
 facet normal  4.061287e-02  9.991750e-01  0.000000e+00
   outer loop
     vertex  8.958124e+01  7.498900e+00  2.800000e+00
     vertex  8.966242e+01  7.495600e+00  2.800000e+00
     vertex  8.966242e+01  7.495600e+00 -3.500000e+00
   endloop
 endfacet
 facet normal  4.061287e-02  9.991750e-01  0.000000e+00
   outer loop
     vertex  8.958124e+01  7.498900e+00  2.800000e+00
     vertex  8.966242e+01  7.495600e+00 -3.500000e+00
     vertex  8.958124e+01  7.498900e+00 -3.500000e+00
   endloop
 endfacet
 facet normal  1.354093e-02  9.999083e-01  0.000000e+00
   outer loop
     vertex  8.950000e+01  7.500000e+00  2.800000e+00
     vertex  8.958124e+01  7.498900e+00  2.800000e+00
     vertex  8.958124e+01  7.498900e+00 -3.500000e+00
   endloop
 endfacet
 facet normal  1.354093e-02  9.999083e-01  0.000000e+00
   outer loop
     vertex  8.950000e+01  7.500000e+00  2.800000e+00
     vertex  8.958124e+01  7.498900e+00 -3.500000e+00
     vertex  8.950000e+01  7.500000e+00 -3.500000e+00
   endloop
 endfacet
 facet normal  1.000000e+00  0.000000e+00  0.000000e+00
   outer loop
     vertex  9.250000e+01 -8.250000e+01  2.800000e+00
     vertex  9.250000e+01 -8.250000e+01 -3.500000e+00
     vertex  9.250000e+01  4.500000e+00 -3.500000e+00
   endloop
 endfacet
 facet normal  1.000000e+00 -0.000000e+00  0.000000e+00
   outer loop
     vertex  9.250000e+01 -8.250000e+01  2.800000e+00
     vertex  9.250000e+01  4.500000e+00 -3.500000e+00
     vertex  9.250000e+01  4.500000e+00  2.800000e+00
   endloop
 endfacet
 facet normal  0.000000e+00  1.000000e+00  0.000000e+00
   outer loop
     vertex  8.820000e+01 -6.840000e+01  2.800000e+00
     vertex  8.820000e+01 -6.840000e+01  1.800000e+00
     vertex  2.800000e+00 -6.840000e+01  1.800000e+00
   endloop
 endfacet
 facet normal  0.000000e+00  1.000000e+00  0.000000e+00
   outer loop
     vertex  8.820000e+01 -6.840000e+01  2.800000e+00
     vertex  2.800000e+00 -6.840000e+01  1.800000e+00
     vertex  2.800000e+00 -6.840000e+01  2.800000e+00
   endloop
 endfacet
 facet normal -1.000000e+00  0.000000e+00  0.000000e+00
   outer loop
     vertex  8.820000e+01 -6.840000e+01  2.800000e+00
     vertex  8.820000e+01 -4.200000e+00  1.800000e+00
     vertex  8.820000e+01 -6.840000e+01  1.800000e+00
   endloop
 endfacet
 facet normal -1.000000e+00  0.000000e+00  0.000000e+00
   outer loop
     vertex  8.820000e+01 -6.840000e+01  2.800000e+00
     vertex  8.820000e+01 -4.200000e+00  2.800000e+00
     vertex  8.820000e+01 -4.200000e+00  1.800000e+00
   endloop
 endfacet
 facet normal  1.000000e+00  0.000000e+00  0.000000e+00
   outer loop
     vertex  2.800000e+00 -6.840000e+01  2.800000e+00
     vertex  2.800000e+00 -6.840000e+01  1.800000e+00
     vertex  2.800000e+00 -4.200000e+00  1.800000e+00
   endloop
 endfacet
 facet normal  1.000000e+00 -0.000000e+00  0.000000e+00
   outer loop
     vertex  2.800000e+00 -6.840000e+01  2.800000e+00
     vertex  2.800000e+00 -4.200000e+00  1.800000e+00
     vertex  2.800000e+00 -4.200000e+00  2.800000e+00
   endloop
 endfacet
 facet normal  0.000000e+00 -1.000000e+00 -0.000000e+00
   outer loop
     vertex  8.820000e+01 -4.200000e+00  2.800000e+00
     vertex  2.800000e+00 -4.200000e+00  1.800000e+00
     vertex  8.820000e+01 -4.200000e+00  1.800000e+00
   endloop
 endfacet
 facet normal -0.000000e+00 -1.000000e+00  0.000000e+00
   outer loop
     vertex  8.820000e+01 -4.200000e+00  2.800000e+00
     vertex  2.800000e+00 -4.200000e+00  2.800000e+00
     vertex  2.800000e+00 -4.200000e+00  1.800000e+00
   endloop
 endfacet
 facet normal  9.999083e-01  1.354093e-02  0.000000e+00
   outer loop
     vertex  3.750047e+01  3.739501e+00  2.800000e+00
     vertex  3.750000e+01  3.774000e+00 -3.500000e+00
     vertex  3.750000e+01  3.774000e+00  2.800000e+00
   endloop
 endfacet
 facet normal  9.999083e-01  1.354093e-02  0.000000e+00
   outer loop
     vertex  3.750047e+01  3.739501e+00  2.800000e+00
     vertex  3.750047e+01  3.739501e+00 -3.500000e+00
     vertex  3.750000e+01  3.774000e+00 -3.500000e+00
   endloop
 endfacet
 facet normal  9.991750e-01  4.061287e-02  0.000000e+00
   outer loop
     vertex  3.750187e+01  3.705027e+00  2.800000e+00
     vertex  3.750187e+01  3.705027e+00 -3.500000e+00
     vertex  3.750047e+01  3.739501e+00 -3.500000e+00
   endloop
 endfacet
 facet normal  9.991750e-01  4.061287e-02  0.000000e+00
   outer loop
     vertex  3.750187e+01  3.705027e+00  2.800000e+00
     vertex  3.750047e+01  3.739501e+00 -3.500000e+00
     vertex  3.750047e+01  3.739501e+00  2.800000e+00
   endloop
 endfacet
 facet normal  9.977088e-01  6.765502e-02  0.000000e+00
   outer loop
     vertex  3.750420e+01  3.670604e+00  2.800000e+00
     vertex  3.750420e+01  3.670604e+00 -3.500000e+00
     vertex  3.750187e+01  3.705027e+00 -3.500000e+00
   endloop
 endfacet
 facet normal  9.977088e-01  6.765502e-02  0.000000e+00
   outer loop
     vertex  3.750420e+01  3.670604e+00  2.800000e+00
     vertex  3.750187e+01  3.705027e+00 -3.500000e+00
     vertex  3.750187e+01  3.705027e+00  2.800000e+00
   endloop
 endfacet
 facet normal  9.955108e-01  9.464755e-02  0.000000e+00
   outer loop
     vertex  3.750747e+01  3.636256e+00  2.800000e+00
     vertex  3.750747e+01  3.636256e+00 -3.500000e+00
     vertex  3.750420e+01  3.670604e+00 -3.500000e+00
   endloop
 endfacet
 facet normal  9.955108e-01  9.464755e-02  0.000000e+00
   outer loop
     vertex  3.750747e+01  3.636256e+00  2.800000e+00
     vertex  3.750420e+01  3.670604e+00 -3.500000e+00
     vertex  3.750420e+01  3.670604e+00  2.800000e+00
   endloop
 endfacet
 facet normal  9.925828e-01  1.215707e-01  0.000000e+00
   outer loop
     vertex  3.751166e+01  3.602010e+00  2.800000e+00
     vertex  3.751166e+01  3.602010e+00 -3.500000e+00
     vertex  3.750747e+01  3.636256e+00 -3.500000e+00
   endloop
 endfacet
 facet normal  9.889267e-01  1.484046e-01  0.000000e+00
   outer loop
     vertex  3.751166e+01  3.602010e+00  2.800000e+00
     vertex  3.751678e+01  3.567890e+00 -3.500000e+00
     vertex  3.751166e+01  3.602010e+00 -3.500000e+00
   endloop
 endfacet
 facet normal  9.925828e-01  1.215707e-01  0.000000e+00
   outer loop
     vertex  3.751166e+01  3.602010e+00  2.800000e+00
     vertex  3.750747e+01  3.636256e+00 -3.500000e+00
     vertex  3.750747e+01  3.636256e+00  2.800000e+00
   endloop
 endfacet
 facet normal  9.889267e-01  1.484046e-01  0.000000e+00
   outer loop
     vertex  3.751678e+01  3.567890e+00  2.800000e+00
     vertex  3.751678e+01  3.567890e+00 -3.500000e+00
     vertex  3.751166e+01  3.602010e+00  2.800000e+00
   endloop
 endfacet
 facet normal  9.845454e-01  1.751297e-01  0.000000e+00
   outer loop
     vertex  3.752283e+01  3.533921e+00  2.800000e+00
     vertex  3.752283e+01  3.533921e+00 -3.500000e+00
     vertex  3.751678e+01  3.567890e+00 -3.500000e+00
   endloop
 endfacet
 facet normal  9.794419e-01  2.017264e-01  0.000000e+00
   outer loop
     vertex  3.752283e+01  3.533921e+00  2.800000e+00
     vertex  3.752979e+01  3.500128e+00 -3.500000e+00
     vertex  3.752283e+01  3.533921e+00 -3.500000e+00
   endloop
 endfacet
 facet normal  9.845454e-01  1.751297e-01  0.000000e+00
   outer loop
     vertex  3.752283e+01  3.533921e+00  2.800000e+00
     vertex  3.751678e+01  3.567890e+00 -3.500000e+00
     vertex  3.751678e+01  3.567890e+00  2.800000e+00
   endloop
 endfacet
 facet normal  9.794419e-01  2.017264e-01  0.000000e+00
   outer loop
     vertex  3.752979e+01  3.500128e+00  2.800000e+00
     vertex  3.752979e+01  3.500128e+00 -3.500000e+00
     vertex  3.752283e+01  3.533921e+00  2.800000e+00
   endloop
 endfacet
 facet normal  9.736201e-01  2.281751e-01  0.000000e+00
   outer loop
     vertex  3.753766e+01  3.466536e+00  2.800000e+00
     vertex  3.753766e+01  3.466536e+00 -3.500000e+00
     vertex  3.752979e+01  3.500128e+00 -3.500000e+00
   endloop
 endfacet
 facet normal  9.736201e-01  2.281751e-01  0.000000e+00
   outer loop
     vertex  3.753766e+01  3.466536e+00  2.800000e+00
     vertex  3.752979e+01  3.500128e+00 -3.500000e+00
     vertex  3.752979e+01  3.500128e+00  2.800000e+00
   endloop
 endfacet
 facet normal  9.670842e-01  2.544564e-01  0.000000e+00
   outer loop
     vertex  3.754644e+01  3.433169e+00  2.800000e+00
     vertex  3.754644e+01  3.433169e+00 -3.500000e+00
     vertex  3.753766e+01  3.466536e+00 -3.500000e+00
   endloop
 endfacet
 facet normal  9.670842e-01  2.544564e-01  0.000000e+00
   outer loop
     vertex  3.754644e+01  3.433169e+00  2.800000e+00
     vertex  3.753766e+01  3.466536e+00 -3.500000e+00
     vertex  3.753766e+01  3.466536e+00  2.800000e+00
   endloop
 endfacet
 facet normal  9.598391e-01  2.805512e-01  0.000000e+00
   outer loop
     vertex  3.755612e+01  3.400052e+00  2.800000e+00
     vertex  3.755612e+01  3.400052e+00 -3.500000e+00
     vertex  3.754644e+01  3.433169e+00 -3.500000e+00
   endloop
 endfacet
 facet normal  9.598391e-01  2.805512e-01  0.000000e+00
   outer loop
     vertex  3.755612e+01  3.400052e+00  2.800000e+00
     vertex  3.754644e+01  3.433169e+00 -3.500000e+00
     vertex  3.754644e+01  3.433169e+00  2.800000e+00
   endloop
 endfacet
 facet normal  9.518899e-01  3.064401e-01  0.000000e+00
   outer loop
     vertex  3.756669e+01  3.367210e+00  2.800000e+00
     vertex  3.756669e+01  3.367210e+00 -3.500000e+00
     vertex  3.755612e+01  3.400052e+00 -3.500000e+00
   endloop
 endfacet
 facet normal  9.518899e-01  3.064401e-01  0.000000e+00
   outer loop
     vertex  3.756669e+01  3.367210e+00  2.800000e+00
     vertex  3.755612e+01  3.400052e+00 -3.500000e+00
     vertex  3.755612e+01  3.400052e+00  2.800000e+00
   endloop
 endfacet
 facet normal  9.432426e-01  3.321044e-01  0.000000e+00
   outer loop
     vertex  3.757815e+01  3.334666e+00  2.800000e+00
     vertex  3.757815e+01  3.334666e+00 -3.500000e+00
     vertex  3.756669e+01  3.367210e+00 -3.500000e+00
   endloop
 endfacet
 facet normal  9.432426e-01  3.321044e-01  0.000000e+00
   outer loop
     vertex  3.757815e+01  3.334666e+00  2.800000e+00
     vertex  3.756669e+01  3.367210e+00 -3.500000e+00
     vertex  3.756669e+01  3.367210e+00  2.800000e+00
   endloop
 endfacet
 facet normal  9.339036e-01  3.575250e-01  0.000000e+00
   outer loop
     vertex  3.759048e+01  3.302444e+00  2.800000e+00
     vertex  3.759048e+01  3.302444e+00 -3.500000e+00
     vertex  3.757815e+01  3.334666e+00 -3.500000e+00
   endloop
 endfacet
 facet normal  9.238795e-01  3.826834e-01  0.000000e+00
   outer loop
     vertex  3.759048e+01  3.302444e+00  2.800000e+00
     vertex  3.760369e+01  3.270568e+00 -3.500000e+00
     vertex  3.759048e+01  3.302444e+00 -3.500000e+00
   endloop
 endfacet
 facet normal  9.339036e-01  3.575250e-01  0.000000e+00
   outer loop
     vertex  3.759048e+01  3.302444e+00  2.800000e+00
     vertex  3.757815e+01  3.334666e+00 -3.500000e+00
     vertex  3.757815e+01  3.334666e+00  2.800000e+00
   endloop
 endfacet
 facet normal  9.238795e-01  3.826834e-01  0.000000e+00
   outer loop
     vertex  3.760369e+01  3.270568e+00  2.800000e+00
     vertex  3.760369e+01  3.270568e+00 -3.500000e+00
     vertex  3.759048e+01  3.302444e+00  2.800000e+00
   endloop
 endfacet
 facet normal  9.131779e-01  4.075612e-01  0.000000e+00
   outer loop
     vertex  3.761775e+01  3.239061e+00  2.800000e+00
     vertex  3.761775e+01  3.239061e+00 -3.500000e+00
     vertex  3.760369e+01  3.270568e+00 -3.500000e+00
   endloop
 endfacet
 facet normal  9.131779e-01  4.075612e-01  0.000000e+00
   outer loop
     vertex  3.761775e+01  3.239061e+00  2.800000e+00
     vertex  3.760369e+01  3.270568e+00 -3.500000e+00
     vertex  3.760369e+01  3.270568e+00  2.800000e+00
   endloop
 endfacet
 facet normal  9.018065e-01  4.321400e-01  0.000000e+00
   outer loop
     vertex  3.763266e+01  3.207947e+00  2.800000e+00
     vertex  3.763266e+01  3.207947e+00 -3.500000e+00
     vertex  3.761775e+01  3.239061e+00 -3.500000e+00
   endloop
 endfacet
 facet normal  9.018065e-01  4.321400e-01  0.000000e+00
   outer loop
     vertex  3.763266e+01  3.207947e+00  2.800000e+00
     vertex  3.761775e+01  3.239061e+00 -3.500000e+00
     vertex  3.761775e+01  3.239061e+00  2.800000e+00
   endloop
 endfacet
 facet normal  8.897737e-01  4.564019e-01  0.000000e+00
   outer loop
     vertex  3.764841e+01  3.177248e+00  2.800000e+00
     vertex  3.764841e+01  3.177248e+00 -3.500000e+00
     vertex  3.763266e+01  3.207947e+00 -3.500000e+00
   endloop
 endfacet
 facet normal  8.897737e-01  4.564019e-01  0.000000e+00
   outer loop
     vertex  3.764841e+01  3.177248e+00  2.800000e+00
     vertex  3.763266e+01  3.207947e+00 -3.500000e+00
     vertex  3.763266e+01  3.207947e+00  2.800000e+00
   endloop
 endfacet
 facet normal  8.770884e-01  4.803291e-01  0.000000e+00
   outer loop
     vertex  3.766498e+01  3.146986e+00  2.800000e+00
     vertex  3.766498e+01  3.146986e+00 -3.500000e+00
     vertex  3.764841e+01  3.177248e+00 -3.500000e+00
   endloop
 endfacet
 facet normal  8.770884e-01  4.803291e-01  0.000000e+00
   outer loop
     vertex  3.766498e+01  3.146986e+00  2.800000e+00
     vertex  3.764841e+01  3.177248e+00 -3.500000e+00
     vertex  3.764841e+01  3.177248e+00  2.800000e+00
   endloop
 endfacet
 facet normal  8.637597e-01  5.039039e-01  0.000000e+00
   outer loop
     vertex  3.768236e+01  3.117184e+00  2.800000e+00
     vertex  3.768236e+01  3.117184e+00 -3.500000e+00
     vertex  3.766498e+01  3.146986e+00 -3.500000e+00
   endloop
 endfacet
 facet normal  8.637597e-01  5.039039e-01  0.000000e+00
   outer loop
     vertex  3.768236e+01  3.117184e+00  2.800000e+00
     vertex  3.766498e+01  3.146986e+00 -3.500000e+00
     vertex  3.766498e+01  3.146986e+00  2.800000e+00
   endloop
 endfacet
 facet normal  8.497975e-01  5.271092e-01  0.000000e+00
   outer loop
     vertex  3.770055e+01  3.087864e+00  2.800000e+00
     vertex  3.768236e+01  3.117184e+00 -3.500000e+00
     vertex  3.768236e+01  3.117184e+00  2.800000e+00
   endloop
 endfacet
 facet normal  8.497975e-01  5.271092e-01  0.000000e+00
   outer loop
     vertex  3.770055e+01  3.087864e+00  2.800000e+00
     vertex  3.770055e+01  3.087864e+00 -3.500000e+00
     vertex  3.768236e+01  3.117184e+00 -3.500000e+00
   endloop
 endfacet
 facet normal  8.352121e-01  5.499279e-01  0.000000e+00
   outer loop
     vertex  3.771952e+01  3.059048e+00  2.800000e+00
     vertex  3.770055e+01  3.087864e+00 -3.500000e+00
     vertex  3.770055e+01  3.087864e+00  2.800000e+00
   endloop
 endfacet
 facet normal  8.352121e-01  5.499279e-01  0.000000e+00
   outer loop
     vertex  3.771952e+01  3.059048e+00  2.800000e+00
     vertex  3.771952e+01  3.059048e+00 -3.500000e+00
     vertex  3.770055e+01  3.087864e+00 -3.500000e+00
   endloop
 endfacet
 facet normal  8.200141e-01  5.723433e-01  0.000000e+00
   outer loop
     vertex  3.773927e+01  3.030755e+00  2.800000e+00
     vertex  3.771952e+01  3.059048e+00 -3.500000e+00
     vertex  3.771952e+01  3.059048e+00  2.800000e+00
   endloop
 endfacet
 facet normal  8.200141e-01  5.723433e-01  0.000000e+00
   outer loop
     vertex  3.773927e+01  3.030755e+00  2.800000e+00
     vertex  3.773927e+01  3.030755e+00 -3.500000e+00
     vertex  3.771952e+01  3.059048e+00 -3.500000e+00
   endloop
 endfacet
 facet normal  8.042147e-01  5.943389e-01  0.000000e+00
   outer loop
     vertex  3.773927e+01  3.030755e+00  2.800000e+00
     vertex  3.775978e+01  3.003008e+00 -3.500000e+00
     vertex  3.773927e+01  3.030755e+00 -3.500000e+00
   endloop
 endfacet
 facet normal  8.042147e-01  5.943389e-01  0.000000e+00
   outer loop
     vertex  3.775978e+01  3.003008e+00  2.800000e+00
     vertex  3.775978e+01  3.003008e+00 -3.500000e+00
     vertex  3.773927e+01  3.030755e+00  2.800000e+00
   endloop
 endfacet
 facet normal  7.878255e-01  6.158986e-01  0.000000e+00
   outer loop
     vertex  3.775978e+01  3.003008e+00  2.800000e+00
     vertex  3.778103e+01  2.975826e+00 -3.500000e+00
     vertex  3.775978e+01  3.003008e+00 -3.500000e+00
   endloop
 endfacet
 facet normal  7.878255e-01  6.158986e-01  0.000000e+00
   outer loop
     vertex  3.778103e+01  2.975826e+00  2.800000e+00
     vertex  3.778103e+01  2.975826e+00 -3.500000e+00
     vertex  3.775978e+01  3.003008e+00  2.800000e+00
   endloop
 endfacet
 facet normal  7.708584e-01  6.370065e-01  0.000000e+00
   outer loop
     vertex  3.780301e+01  2.949230e+00  2.800000e+00
     vertex  3.780301e+01  2.949230e+00 -3.500000e+00
     vertex  3.778103e+01  2.975826e+00 -3.500000e+00
   endloop
 endfacet
 facet normal  7.708584e-01  6.370065e-01  0.000000e+00
   outer loop
     vertex  3.780301e+01  2.949230e+00  2.800000e+00
     vertex  3.778103e+01  2.975826e+00 -3.500000e+00
     vertex  3.778103e+01  2.975826e+00  2.800000e+00
   endloop
 endfacet
 facet normal  7.533260e-01  6.576473e-01  0.000000e+00
   outer loop
     vertex  3.780301e+01  2.949230e+00  2.800000e+00
     vertex  3.782570e+01  2.923238e+00 -3.500000e+00
     vertex  3.780301e+01  2.949230e+00 -3.500000e+00
   endloop
 endfacet
 facet normal  7.533260e-01  6.576473e-01  0.000000e+00
   outer loop
     vertex  3.782570e+01  2.923238e+00  2.800000e+00
     vertex  3.782570e+01  2.923238e+00 -3.500000e+00
     vertex  3.780301e+01  2.949230e+00  2.800000e+00
   endloop
 endfacet
 facet normal  7.352410e-01  6.778058e-01  0.000000e+00
   outer loop
     vertex  3.784908e+01  2.897871e+00  2.800000e+00
     vertex  3.782570e+01  2.923238e+00 -3.500000e+00
     vertex  3.782570e+01  2.923238e+00  2.800000e+00
   endloop
 endfacet
 facet normal  7.352410e-01  6.778058e-01  0.000000e+00
   outer loop
     vertex  3.784908e+01  2.897871e+00  2.800000e+00
     vertex  3.784908e+01  2.897871e+00 -3.500000e+00
     vertex  3.782570e+01  2.923238e+00 -3.500000e+00
   endloop
 endfacet
 facet normal  7.166168e-01  6.974671e-01  0.000000e+00
   outer loop
     vertex  3.784908e+01  2.897871e+00  2.800000e+00
     vertex  3.787315e+01  2.873146e+00 -3.500000e+00
     vertex  3.784908e+01  2.897871e+00 -3.500000e+00
   endloop
 endfacet
 facet normal  7.166168e-01  6.974671e-01  0.000000e+00
   outer loop
     vertex  3.787315e+01  2.873146e+00  2.800000e+00
     vertex  3.787315e+01  2.873146e+00 -3.500000e+00
     vertex  3.784908e+01  2.897871e+00  2.800000e+00
   endloop
 endfacet
 facet normal  6.974671e-01  7.166168e-01  0.000000e+00
   outer loop
     vertex  3.789787e+01  2.849082e+00  2.800000e+00
     vertex  3.789787e+01  2.849082e+00 -3.500000e+00
     vertex  3.787315e+01  2.873146e+00 -3.500000e+00
   endloop
 endfacet
 facet normal  6.974671e-01  7.166168e-01  0.000000e+00
   outer loop
     vertex  3.789787e+01  2.849082e+00  2.800000e+00
     vertex  3.787315e+01  2.873146e+00 -3.500000e+00
     vertex  3.787315e+01  2.873146e+00  2.800000e+00
   endloop
 endfacet
 facet normal  6.778058e-01  7.352410e-01  0.000000e+00
   outer loop
     vertex  3.792324e+01  2.825696e+00  2.800000e+00
     vertex  3.792324e+01  2.825696e+00 -3.500000e+00
     vertex  3.789787e+01  2.849082e+00 -3.500000e+00
   endloop
 endfacet
 facet normal  6.778058e-01  7.352410e-01  0.000000e+00
   outer loop
     vertex  3.792324e+01  2.825696e+00  2.800000e+00
     vertex  3.789787e+01  2.849082e+00 -3.500000e+00
     vertex  3.789787e+01  2.849082e+00  2.800000e+00
   endloop
 endfacet
 facet normal  6.576473e-01  7.533260e-01  0.000000e+00
   outer loop
     vertex  3.794923e+01  2.803006e+00  2.800000e+00
     vertex  3.794923e+01  2.803006e+00 -3.500000e+00
     vertex  3.792324e+01  2.825696e+00 -3.500000e+00
   endloop
 endfacet
 facet normal  6.576473e-01  7.533260e-01  0.000000e+00
   outer loop
     vertex  3.794923e+01  2.803006e+00  2.800000e+00
     vertex  3.792324e+01  2.825696e+00 -3.500000e+00
     vertex  3.792324e+01  2.825696e+00  2.800000e+00
   endloop
 endfacet
 facet normal  6.370065e-01  7.708584e-01  0.000000e+00
   outer loop
     vertex  3.797583e+01  2.781027e+00  2.800000e+00
     vertex  3.797583e+01  2.781027e+00 -3.500000e+00
     vertex  3.794923e+01  2.803006e+00 -3.500000e+00
   endloop
 endfacet
 facet normal  6.370065e-01  7.708584e-01  0.000000e+00
   outer loop
     vertex  3.797583e+01  2.781027e+00  2.800000e+00
     vertex  3.794923e+01  2.803006e+00 -3.500000e+00
     vertex  3.794923e+01  2.803006e+00  2.800000e+00
   endloop
 endfacet
 facet normal  6.158986e-01  7.878255e-01  0.000000e+00
   outer loop
     vertex  3.800301e+01  2.759777e+00  2.800000e+00
     vertex  3.800301e+01  2.759777e+00 -3.500000e+00
     vertex  3.797583e+01  2.781027e+00 -3.500000e+00
   endloop
 endfacet
 facet normal  5.943389e-01  8.042147e-01  0.000000e+00
   outer loop
     vertex  3.800301e+01  2.759777e+00  2.800000e+00
     vertex  3.803076e+01  2.739271e+00 -3.500000e+00
     vertex  3.800301e+01  2.759777e+00 -3.500000e+00
   endloop
 endfacet
 facet normal  6.158986e-01  7.878255e-01  0.000000e+00
   outer loop
     vertex  3.800301e+01  2.759777e+00  2.800000e+00
     vertex  3.797583e+01  2.781027e+00 -3.500000e+00
     vertex  3.797583e+01  2.781027e+00  2.800000e+00
   endloop
 endfacet
 facet normal  5.943389e-01  8.042147e-01  0.000000e+00
   outer loop
     vertex  3.803076e+01  2.739271e+00  2.800000e+00
     vertex  3.803076e+01  2.739271e+00 -3.500000e+00
     vertex  3.800301e+01  2.759777e+00  2.800000e+00
   endloop
 endfacet
 facet normal  5.723433e-01  8.200141e-01  0.000000e+00
   outer loop
     vertex  3.805905e+01  2.719524e+00  2.800000e+00
     vertex  3.805905e+01  2.719524e+00 -3.500000e+00
     vertex  3.803076e+01  2.739271e+00 -3.500000e+00
   endloop
 endfacet
 facet normal  5.499279e-01  8.352121e-01  0.000000e+00
   outer loop
     vertex  3.805905e+01  2.719524e+00  2.800000e+00
     vertex  3.808786e+01  2.700550e+00 -3.500000e+00
     vertex  3.805905e+01  2.719524e+00 -3.500000e+00
   endloop
 endfacet
 facet normal  5.723433e-01  8.200141e-01  0.000000e+00
   outer loop
     vertex  3.805905e+01  2.719524e+00  2.800000e+00
     vertex  3.803076e+01  2.739271e+00 -3.500000e+00
     vertex  3.803076e+01  2.739271e+00  2.800000e+00
   endloop
 endfacet
 facet normal  5.499279e-01  8.352121e-01  0.000000e+00
   outer loop
     vertex  3.808786e+01  2.700550e+00  2.800000e+00
     vertex  3.808786e+01  2.700550e+00 -3.500000e+00
     vertex  3.805905e+01  2.719524e+00  2.800000e+00
   endloop
 endfacet
 facet normal  5.271092e-01  8.497975e-01  0.000000e+00
   outer loop
     vertex  3.811718e+01  2.682364e+00  2.800000e+00
     vertex  3.811718e+01  2.682364e+00 -3.500000e+00
     vertex  3.808786e+01  2.700550e+00 -3.500000e+00
   endloop
 endfacet
 facet normal  5.271092e-01  8.497975e-01  0.000000e+00
   outer loop
     vertex  3.811718e+01  2.682364e+00  2.800000e+00
     vertex  3.808786e+01  2.700550e+00 -3.500000e+00
     vertex  3.808786e+01  2.700550e+00  2.800000e+00
   endloop
 endfacet
 facet normal  5.039039e-01  8.637597e-01  0.000000e+00
   outer loop
     vertex  3.814699e+01  2.664978e+00  2.800000e+00
     vertex  3.814699e+01  2.664978e+00 -3.500000e+00
     vertex  3.811718e+01  2.682364e+00 -3.500000e+00
   endloop
 endfacet
 facet normal  5.039039e-01  8.637597e-01  0.000000e+00
   outer loop
     vertex  3.814699e+01  2.664978e+00  2.800000e+00
     vertex  3.811718e+01  2.682364e+00 -3.500000e+00
     vertex  3.811718e+01  2.682364e+00  2.800000e+00
   endloop
 endfacet
 facet normal  4.803291e-01  8.770884e-01  0.000000e+00
   outer loop
     vertex  3.817725e+01  2.648406e+00  2.800000e+00
     vertex  3.817725e+01  2.648406e+00 -3.500000e+00
     vertex  3.814699e+01  2.664978e+00 -3.500000e+00
   endloop
 endfacet
 facet normal  4.803291e-01  8.770884e-01  0.000000e+00
   outer loop
     vertex  3.817725e+01  2.648406e+00  2.800000e+00
     vertex  3.814699e+01  2.664978e+00 -3.500000e+00
     vertex  3.814699e+01  2.664978e+00  2.800000e+00
   endloop
 endfacet
 facet normal  4.564019e-01  8.897737e-01  0.000000e+00
   outer loop
     vertex  3.820795e+01  2.632659e+00  2.800000e+00
     vertex  3.820795e+01  2.632659e+00 -3.500000e+00
     vertex  3.817725e+01  2.648406e+00 -3.500000e+00
   endloop
 endfacet
 facet normal  4.564019e-01  8.897737e-01  0.000000e+00
   outer loop
     vertex  3.820795e+01  2.632659e+00  2.800000e+00
     vertex  3.817725e+01  2.648406e+00 -3.500000e+00
     vertex  3.817725e+01  2.648406e+00  2.800000e+00
   endloop
 endfacet
 facet normal  4.321400e-01  9.018065e-01  0.000000e+00
   outer loop
     vertex  3.823906e+01  2.617749e+00  2.800000e+00
     vertex  3.823906e+01  2.617749e+00 -3.500000e+00
     vertex  3.820795e+01  2.632659e+00 -3.500000e+00
   endloop
 endfacet
 facet normal  4.321400e-01  9.018065e-01  0.000000e+00
   outer loop
     vertex  3.823906e+01  2.617749e+00  2.800000e+00
     vertex  3.820795e+01  2.632659e+00 -3.500000e+00
     vertex  3.820795e+01  2.632659e+00  2.800000e+00
   endloop
 endfacet
 facet normal  4.075612e-01  9.131779e-01  0.000000e+00
   outer loop
     vertex  3.827057e+01  2.603687e+00  2.800000e+00
     vertex  3.827057e+01  2.603687e+00 -3.500000e+00
     vertex  3.823906e+01  2.617749e+00 -3.500000e+00
   endloop
 endfacet
 facet normal  3.826834e-01  9.238795e-01  0.000000e+00
   outer loop
     vertex  3.827057e+01  2.603687e+00  2.800000e+00
     vertex  3.830244e+01  2.590484e+00 -3.500000e+00
     vertex  3.827057e+01  2.603687e+00 -3.500000e+00
   endloop
 endfacet
 facet normal  4.075612e-01  9.131779e-01  0.000000e+00
   outer loop
     vertex  3.827057e+01  2.603687e+00  2.800000e+00
     vertex  3.823906e+01  2.617749e+00 -3.500000e+00
     vertex  3.823906e+01  2.617749e+00  2.800000e+00
   endloop
 endfacet
 facet normal  3.826834e-01  9.238795e-01  0.000000e+00
   outer loop
     vertex  3.830244e+01  2.590484e+00  2.800000e+00
     vertex  3.830244e+01  2.590484e+00 -3.500000e+00
     vertex  3.827057e+01  2.603687e+00  2.800000e+00
   endloop
 endfacet
 facet normal  3.575250e-01  9.339036e-01  0.000000e+00
   outer loop
     vertex  3.833467e+01  2.578148e+00  2.800000e+00
     vertex  3.833467e+01  2.578148e+00 -3.500000e+00
     vertex  3.830244e+01  2.590484e+00 -3.500000e+00
   endloop
 endfacet
 facet normal  3.321044e-01  9.432426e-01  0.000000e+00
   outer loop
     vertex  3.833467e+01  2.578148e+00  2.800000e+00
     vertex  3.836721e+01  2.566690e+00 -3.500000e+00
     vertex  3.833467e+01  2.578148e+00 -3.500000e+00
   endloop
 endfacet
 facet normal  3.575250e-01  9.339036e-01  0.000000e+00
   outer loop
     vertex  3.833467e+01  2.578148e+00  2.800000e+00
     vertex  3.830244e+01  2.590484e+00 -3.500000e+00
     vertex  3.830244e+01  2.590484e+00  2.800000e+00
   endloop
 endfacet
 facet normal  3.321044e-01  9.432426e-01  0.000000e+00
   outer loop
     vertex  3.836721e+01  2.566690e+00  2.800000e+00
     vertex  3.836721e+01  2.566690e+00 -3.500000e+00
     vertex  3.833467e+01  2.578148e+00  2.800000e+00
   endloop
 endfacet
 facet normal  3.064401e-01  9.518899e-01  0.000000e+00
   outer loop
     vertex  3.840005e+01  2.556117e+00  2.800000e+00
     vertex  3.836721e+01  2.566690e+00 -3.500000e+00
     vertex  3.836721e+01  2.566690e+00  2.800000e+00
   endloop
 endfacet
 facet normal  3.064401e-01  9.518899e-01  0.000000e+00
   outer loop
     vertex  3.840005e+01  2.556117e+00  2.800000e+00
     vertex  3.840005e+01  2.556117e+00 -3.500000e+00
     vertex  3.836721e+01  2.566690e+00 -3.500000e+00
   endloop
 endfacet
 facet normal  2.805512e-01  9.598391e-01  0.000000e+00
   outer loop
     vertex  3.843317e+01  2.546437e+00  2.800000e+00
     vertex  3.840005e+01  2.556117e+00 -3.500000e+00
     vertex  3.840005e+01  2.556117e+00  2.800000e+00
   endloop
 endfacet
 facet normal  2.805512e-01  9.598391e-01  0.000000e+00
   outer loop
     vertex  3.843317e+01  2.546437e+00  2.800000e+00
     vertex  3.843317e+01  2.546437e+00 -3.500000e+00
     vertex  3.840005e+01  2.556117e+00 -3.500000e+00
   endloop
 endfacet
 facet normal  2.544564e-01  9.670842e-01  0.000000e+00
   outer loop
     vertex  3.846654e+01  2.537658e+00  2.800000e+00
     vertex  3.843317e+01  2.546437e+00 -3.500000e+00
     vertex  3.843317e+01  2.546437e+00  2.800000e+00
   endloop
 endfacet
 facet normal  2.544564e-01  9.670842e-01  0.000000e+00
   outer loop
     vertex  3.846654e+01  2.537658e+00  2.800000e+00
     vertex  3.846654e+01  2.537658e+00 -3.500000e+00
     vertex  3.843317e+01  2.546437e+00 -3.500000e+00
   endloop
 endfacet
 facet normal  2.281751e-01  9.736201e-01  0.000000e+00
   outer loop
     vertex  3.846654e+01  2.537658e+00  2.800000e+00
     vertex  3.850013e+01  2.529785e+00 -3.500000e+00
     vertex  3.846654e+01  2.537658e+00 -3.500000e+00
   endloop
 endfacet
 facet normal  2.281751e-01  9.736201e-01  0.000000e+00
   outer loop
     vertex  3.850013e+01  2.529785e+00  2.800000e+00
     vertex  3.850013e+01  2.529785e+00 -3.500000e+00
     vertex  3.846654e+01  2.537658e+00  2.800000e+00
   endloop
 endfacet
 facet normal  2.017264e-01  9.794419e-01  0.000000e+00
   outer loop
     vertex  3.853392e+01  2.522825e+00  2.800000e+00
     vertex  3.850013e+01  2.529785e+00 -3.500000e+00
     vertex  3.850013e+01  2.529785e+00  2.800000e+00
   endloop
 endfacet
 facet normal  2.017264e-01  9.794419e-01  0.000000e+00
   outer loop
     vertex  3.853392e+01  2.522825e+00  2.800000e+00
     vertex  3.853392e+01  2.522825e+00 -3.500000e+00
     vertex  3.850013e+01  2.529785e+00 -3.500000e+00
   endloop
 endfacet
 facet normal  1.751297e-01  9.845454e-01  0.000000e+00
   outer loop
     vertex  3.856789e+01  2.516783e+00  2.800000e+00
     vertex  3.853392e+01  2.522825e+00 -3.500000e+00
     vertex  3.853392e+01  2.522825e+00  2.800000e+00
   endloop
 endfacet
 facet normal  1.751297e-01  9.845454e-01  0.000000e+00
   outer loop
     vertex  3.856789e+01  2.516783e+00  2.800000e+00
     vertex  3.856789e+01  2.516783e+00 -3.500000e+00
     vertex  3.853392e+01  2.522825e+00 -3.500000e+00
   endloop
 endfacet
 facet normal  1.484046e-01  9.889267e-01  0.000000e+00
   outer loop
     vertex  3.860201e+01  2.511663e+00  2.800000e+00
     vertex  3.856789e+01  2.516783e+00 -3.500000e+00
     vertex  3.856789e+01  2.516783e+00  2.800000e+00
   endloop
 endfacet
 facet normal  1.484046e-01  9.889267e-01  0.000000e+00
   outer loop
     vertex  3.860201e+01  2.511663e+00  2.800000e+00
     vertex  3.860201e+01  2.511663e+00 -3.500000e+00
     vertex  3.856789e+01  2.516783e+00 -3.500000e+00
   endloop
 endfacet
 facet normal  1.215707e-01  9.925828e-01  0.000000e+00
   outer loop
     vertex  3.860201e+01  2.511663e+00  2.800000e+00
     vertex  3.863626e+01  2.507468e+00 -3.500000e+00
     vertex  3.860201e+01  2.511663e+00 -3.500000e+00
   endloop
 endfacet
 facet normal  1.215707e-01  9.925828e-01  0.000000e+00
   outer loop
     vertex  3.863626e+01  2.507468e+00  2.800000e+00
     vertex  3.863626e+01  2.507468e+00 -3.500000e+00
     vertex  3.860201e+01  2.511663e+00  2.800000e+00
   endloop
 endfacet
 facet normal  9.464755e-02  9.955108e-01  0.000000e+00
   outer loop
     vertex  3.863626e+01  2.507468e+00  2.800000e+00
     vertex  3.867060e+01  2.504203e+00 -3.500000e+00
     vertex  3.863626e+01  2.507468e+00 -3.500000e+00
   endloop
 endfacet
 facet normal  9.464755e-02  9.955108e-01  0.000000e+00
   outer loop
     vertex  3.867060e+01  2.504203e+00  2.800000e+00
     vertex  3.867060e+01  2.504203e+00 -3.500000e+00
     vertex  3.863626e+01  2.507468e+00  2.800000e+00
   endloop
 endfacet
 facet normal  6.765502e-02  9.977088e-01  0.000000e+00
   outer loop
     vertex  3.870503e+01  2.501868e+00  2.800000e+00
     vertex  3.867060e+01  2.504203e+00 -3.500000e+00
     vertex  3.867060e+01  2.504203e+00  2.800000e+00
   endloop
 endfacet
 facet normal  6.765502e-02  9.977088e-01  0.000000e+00
   outer loop
     vertex  3.870503e+01  2.501868e+00  2.800000e+00
     vertex  3.870503e+01  2.501868e+00 -3.500000e+00
     vertex  3.867060e+01  2.504203e+00 -3.500000e+00
   endloop
 endfacet
 facet normal  4.061287e-02  9.991750e-01  0.000000e+00
   outer loop
     vertex  3.873950e+01  2.500467e+00  2.800000e+00
     vertex  3.870503e+01  2.501868e+00 -3.500000e+00
     vertex  3.870503e+01  2.501868e+00  2.800000e+00
   endloop
 endfacet
 facet normal  4.061287e-02  9.991750e-01  0.000000e+00
   outer loop
     vertex  3.873950e+01  2.500467e+00  2.800000e+00
     vertex  3.873950e+01  2.500467e+00 -3.500000e+00
     vertex  3.870503e+01  2.501868e+00 -3.500000e+00
   endloop
 endfacet
 facet normal  1.354093e-02  9.999083e-01  0.000000e+00
   outer loop
     vertex  3.873950e+01  2.500467e+00  2.800000e+00
     vertex  3.877400e+01  2.500000e+00 -3.500000e+00
     vertex  3.873950e+01  2.500467e+00 -3.500000e+00
   endloop
 endfacet
 facet normal  1.354093e-02  9.999083e-01  0.000000e+00
   outer loop
     vertex  3.877400e+01  2.500000e+00  2.800000e+00
     vertex  3.877400e+01  2.500000e+00 -3.500000e+00
     vertex  3.873950e+01  2.500467e+00  2.800000e+00
   endloop
 endfacet
 facet normal  0.000000e+00  1.000000e+00  0.000000e+00
   outer loop
     vertex  5.222600e+01  2.500000e+00  2.800000e+00
     vertex  5.222600e+01  2.500000e+00 -3.500000e+00
     vertex  3.877400e+01  2.500000e+00 -3.500000e+00
   endloop
 endfacet
 facet normal  0.000000e+00  1.000000e+00  0.000000e+00
   outer loop
     vertex  5.222600e+01  2.500000e+00  2.800000e+00
     vertex  3.877400e+01  2.500000e+00 -3.500000e+00
     vertex  3.877400e+01  2.500000e+00  2.800000e+00
   endloop
 endfacet
 facet normal -9.999083e-01  1.354093e-02  0.000000e+00
   outer loop
     vertex  5.349953e+01  3.739501e+00  2.800000e+00
     vertex  5.350000e+01  3.774000e+00  2.800000e+00
     vertex  5.350000e+01  3.774000e+00 -3.500000e+00
   endloop
 endfacet
 facet normal -9.999083e-01  1.354093e-02  0.000000e+00
   outer loop
     vertex  5.349953e+01  3.739501e+00  2.800000e+00
     vertex  5.350000e+01  3.774000e+00 -3.500000e+00
     vertex  5.349953e+01  3.739501e+00 -3.500000e+00
   endloop
 endfacet
 facet normal -9.991750e-01  4.061287e-02  0.000000e+00
   outer loop
     vertex  5.349813e+01  3.705027e+00  2.800000e+00
     vertex  5.349953e+01  3.739501e+00  2.800000e+00
     vertex  5.349953e+01  3.739501e+00 -3.500000e+00
   endloop
 endfacet
 facet normal -9.991750e-01  4.061287e-02  0.000000e+00
   outer loop
     vertex  5.349813e+01  3.705027e+00  2.800000e+00
     vertex  5.349953e+01  3.739501e+00 -3.500000e+00
     vertex  5.349813e+01  3.705027e+00 -3.500000e+00
   endloop
 endfacet
 facet normal -9.977088e-01  6.765502e-02  0.000000e+00
   outer loop
     vertex  5.349580e+01  3.670604e+00  2.800000e+00
     vertex  5.349813e+01  3.705027e+00  2.800000e+00
     vertex  5.349813e+01  3.705027e+00 -3.500000e+00
   endloop
 endfacet
 facet normal -9.955108e-01  9.464755e-02  0.000000e+00
   outer loop
     vertex  5.349580e+01  3.670604e+00  2.800000e+00
     vertex  5.349580e+01  3.670604e+00 -3.500000e+00
     vertex  5.349253e+01  3.636256e+00 -3.500000e+00
   endloop
 endfacet
 facet normal -9.977088e-01  6.765502e-02  0.000000e+00
   outer loop
     vertex  5.349580e+01  3.670604e+00  2.800000e+00
     vertex  5.349813e+01  3.705027e+00 -3.500000e+00
     vertex  5.349580e+01  3.670604e+00 -3.500000e+00
   endloop
 endfacet
 facet normal -9.955108e-01  9.464755e-02  0.000000e+00
   outer loop
     vertex  5.349253e+01  3.636256e+00  2.800000e+00
     vertex  5.349580e+01  3.670604e+00  2.800000e+00
     vertex  5.349253e+01  3.636256e+00 -3.500000e+00
   endloop
 endfacet
 facet normal -9.925828e-01  1.215707e-01  0.000000e+00
   outer loop
     vertex  5.348834e+01  3.602010e+00  2.800000e+00
     vertex  5.349253e+01  3.636256e+00  2.800000e+00
     vertex  5.349253e+01  3.636256e+00 -3.500000e+00
   endloop
 endfacet
 facet normal -9.889267e-01  1.484046e-01  0.000000e+00
   outer loop
     vertex  5.348834e+01  3.602010e+00  2.800000e+00
     vertex  5.348834e+01  3.602010e+00 -3.500000e+00
     vertex  5.348322e+01  3.567890e+00 -3.500000e+00
   endloop
 endfacet
 facet normal -9.925828e-01  1.215707e-01  0.000000e+00
   outer loop
     vertex  5.348834e+01  3.602010e+00  2.800000e+00
     vertex  5.349253e+01  3.636256e+00 -3.500000e+00
     vertex  5.348834e+01  3.602010e+00 -3.500000e+00
   endloop
 endfacet
 facet normal -9.889267e-01  1.484046e-01  0.000000e+00
   outer loop
     vertex  5.348322e+01  3.567890e+00  2.800000e+00
     vertex  5.348834e+01  3.602010e+00  2.800000e+00
     vertex  5.348322e+01  3.567890e+00 -3.500000e+00
   endloop
 endfacet
 facet normal -9.845454e-01  1.751297e-01  0.000000e+00
   outer loop
     vertex  5.348322e+01  3.567890e+00  2.800000e+00
     vertex  5.348322e+01  3.567890e+00 -3.500000e+00
     vertex  5.347717e+01  3.533921e+00 -3.500000e+00
   endloop
 endfacet
 facet normal -9.845454e-01  1.751297e-01  0.000000e+00
   outer loop
     vertex  5.347717e+01  3.533921e+00  2.800000e+00
     vertex  5.348322e+01  3.567890e+00  2.800000e+00
     vertex  5.347717e+01  3.533921e+00 -3.500000e+00
   endloop
 endfacet
 facet normal -9.794419e-01  2.017264e-01  0.000000e+00
   outer loop
     vertex  5.347021e+01  3.500128e+00  2.800000e+00
     vertex  5.347717e+01  3.533921e+00 -3.500000e+00
     vertex  5.347021e+01  3.500128e+00 -3.500000e+00
   endloop
 endfacet
 facet normal -9.794419e-01  2.017264e-01  0.000000e+00
   outer loop
     vertex  5.347021e+01  3.500128e+00  2.800000e+00
     vertex  5.347717e+01  3.533921e+00  2.800000e+00
     vertex  5.347717e+01  3.533921e+00 -3.500000e+00
   endloop
 endfacet
 facet normal -9.670842e-01  2.544564e-01  0.000000e+00
   outer loop
     vertex  5.346234e+01  3.466536e+00  2.800000e+00
     vertex  5.346234e+01  3.466536e+00 -3.500000e+00
     vertex  5.345356e+01  3.433169e+00 -3.500000e+00
   endloop
 endfacet
 facet normal -9.736201e-01  2.281751e-01  0.000000e+00
   outer loop
     vertex  5.346234e+01  3.466536e+00  2.800000e+00
     vertex  5.347021e+01  3.500128e+00 -3.500000e+00
     vertex  5.346234e+01  3.466536e+00 -3.500000e+00
   endloop
 endfacet
 facet normal -9.736201e-01  2.281751e-01  0.000000e+00
   outer loop
     vertex  5.346234e+01  3.466536e+00  2.800000e+00
     vertex  5.347021e+01  3.500128e+00  2.800000e+00
     vertex  5.347021e+01  3.500128e+00 -3.500000e+00
   endloop
 endfacet
 facet normal -9.670842e-01  2.544564e-01  0.000000e+00
   outer loop
     vertex  5.345356e+01  3.433169e+00  2.800000e+00
     vertex  5.346234e+01  3.466536e+00  2.800000e+00
     vertex  5.345356e+01  3.433169e+00 -3.500000e+00
   endloop
 endfacet
 facet normal -9.598391e-01  2.805512e-01  0.000000e+00
   outer loop
     vertex  5.344388e+01  3.400052e+00  2.800000e+00
     vertex  5.345356e+01  3.433169e+00 -3.500000e+00
     vertex  5.344388e+01  3.400052e+00 -3.500000e+00
   endloop
 endfacet
 facet normal -9.598391e-01  2.805512e-01  0.000000e+00
   outer loop
     vertex  5.344388e+01  3.400052e+00  2.800000e+00
     vertex  5.345356e+01  3.433169e+00  2.800000e+00
     vertex  5.345356e+01  3.433169e+00 -3.500000e+00
   endloop
 endfacet
 facet normal -9.432426e-01  3.321044e-01  0.000000e+00
   outer loop
     vertex  5.343331e+01  3.367210e+00  2.800000e+00
     vertex  5.343331e+01  3.367210e+00 -3.500000e+00
     vertex  5.342185e+01  3.334666e+00 -3.500000e+00
   endloop
 endfacet
 facet normal -9.518899e-01  3.064401e-01  0.000000e+00
   outer loop
     vertex  5.343331e+01  3.367210e+00  2.800000e+00
     vertex  5.344388e+01  3.400052e+00 -3.500000e+00
     vertex  5.343331e+01  3.367210e+00 -3.500000e+00
   endloop
 endfacet
 facet normal -9.518899e-01  3.064401e-01  0.000000e+00
   outer loop
     vertex  5.343331e+01  3.367210e+00  2.800000e+00
     vertex  5.344388e+01  3.400052e+00  2.800000e+00
     vertex  5.344388e+01  3.400052e+00 -3.500000e+00
   endloop
 endfacet
 facet normal -9.432426e-01  3.321044e-01  0.000000e+00
   outer loop
     vertex  5.342185e+01  3.334666e+00  2.800000e+00
     vertex  5.343331e+01  3.367210e+00  2.800000e+00
     vertex  5.342185e+01  3.334666e+00 -3.500000e+00
   endloop
 endfacet
 facet normal -9.339036e-01  3.575250e-01  0.000000e+00
   outer loop
     vertex  5.340952e+01  3.302444e+00  2.800000e+00
     vertex  5.342185e+01  3.334666e+00 -3.500000e+00
     vertex  5.340952e+01  3.302444e+00 -3.500000e+00
   endloop
 endfacet
 facet normal -9.339036e-01  3.575250e-01  0.000000e+00
   outer loop
     vertex  5.340952e+01  3.302444e+00  2.800000e+00
     vertex  5.342185e+01  3.334666e+00  2.800000e+00
     vertex  5.342185e+01  3.334666e+00 -3.500000e+00
   endloop
 endfacet
 facet normal -9.238795e-01  3.826834e-01  0.000000e+00
   outer loop
     vertex  5.339631e+01  3.270568e+00  2.800000e+00
     vertex  5.340952e+01  3.302444e+00 -3.500000e+00
     vertex  5.339631e+01  3.270568e+00 -3.500000e+00
   endloop
 endfacet
 facet normal -9.238795e-01  3.826834e-01  0.000000e+00
   outer loop
     vertex  5.339631e+01  3.270568e+00  2.800000e+00
     vertex  5.340952e+01  3.302444e+00  2.800000e+00
     vertex  5.340952e+01  3.302444e+00 -3.500000e+00
   endloop
 endfacet
 facet normal -9.131779e-01  4.075612e-01  0.000000e+00
   outer loop
     vertex  5.338225e+01  3.239061e+00  2.800000e+00
     vertex  5.339631e+01  3.270568e+00 -3.500000e+00
     vertex  5.338225e+01  3.239061e+00 -3.500000e+00
   endloop
 endfacet
 facet normal -9.131779e-01  4.075612e-01  0.000000e+00
   outer loop
     vertex  5.338225e+01  3.239061e+00  2.800000e+00
     vertex  5.339631e+01  3.270568e+00  2.800000e+00
     vertex  5.339631e+01  3.270568e+00 -3.500000e+00
   endloop
 endfacet
 facet normal -9.018065e-01  4.321400e-01  0.000000e+00
   outer loop
     vertex  5.336734e+01  3.207947e+00  2.800000e+00
     vertex  5.338225e+01  3.239061e+00 -3.500000e+00
     vertex  5.336734e+01  3.207947e+00 -3.500000e+00
   endloop
 endfacet
 facet normal -9.018065e-01  4.321400e-01  0.000000e+00
   outer loop
     vertex  5.336734e+01  3.207947e+00  2.800000e+00
     vertex  5.338225e+01  3.239061e+00  2.800000e+00
     vertex  5.338225e+01  3.239061e+00 -3.500000e+00
   endloop
 endfacet
 facet normal -8.897737e-01  4.564019e-01  0.000000e+00
   outer loop
     vertex  5.335159e+01  3.177248e+00  2.800000e+00
     vertex  5.336734e+01  3.207947e+00 -3.500000e+00
     vertex  5.335159e+01  3.177248e+00 -3.500000e+00
   endloop
 endfacet
 facet normal -8.897737e-01  4.564019e-01  0.000000e+00
   outer loop
     vertex  5.335159e+01  3.177248e+00  2.800000e+00
     vertex  5.336734e+01  3.207947e+00  2.800000e+00
     vertex  5.336734e+01  3.207947e+00 -3.500000e+00
   endloop
 endfacet
 facet normal -8.770884e-01  4.803291e-01  0.000000e+00
   outer loop
     vertex  5.333502e+01  3.146986e+00  2.800000e+00
     vertex  5.335159e+01  3.177248e+00 -3.500000e+00
     vertex  5.333502e+01  3.146986e+00 -3.500000e+00
   endloop
 endfacet
 facet normal -8.770884e-01  4.803291e-01  0.000000e+00
   outer loop
     vertex  5.333502e+01  3.146986e+00  2.800000e+00
     vertex  5.335159e+01  3.177248e+00  2.800000e+00
     vertex  5.335159e+01  3.177248e+00 -3.500000e+00
   endloop
 endfacet
 facet normal -8.637597e-01  5.039039e-01  0.000000e+00
   outer loop
     vertex  5.331764e+01  3.117184e+00  2.800000e+00
     vertex  5.333502e+01  3.146986e+00  2.800000e+00
     vertex  5.333502e+01  3.146986e+00 -3.500000e+00
   endloop
 endfacet
 facet normal -8.637597e-01  5.039039e-01  0.000000e+00
   outer loop
     vertex  5.331764e+01  3.117184e+00  2.800000e+00
     vertex  5.333502e+01  3.146986e+00 -3.500000e+00
     vertex  5.331764e+01  3.117184e+00 -3.500000e+00
   endloop
 endfacet
 facet normal -8.497975e-01  5.271092e-01  0.000000e+00
   outer loop
     vertex  5.329945e+01  3.087864e+00  2.800000e+00
     vertex  5.331764e+01  3.117184e+00  2.800000e+00
     vertex  5.331764e+01  3.117184e+00 -3.500000e+00
   endloop
 endfacet
 facet normal -8.352121e-01  5.499279e-01  0.000000e+00
   outer loop
     vertex  5.329945e+01  3.087864e+00  2.800000e+00
     vertex  5.329945e+01  3.087864e+00 -3.500000e+00
     vertex  5.328048e+01  3.059048e+00 -3.500000e+00
   endloop
 endfacet
 facet normal -8.497975e-01  5.271092e-01  0.000000e+00
   outer loop
     vertex  5.329945e+01  3.087864e+00  2.800000e+00
     vertex  5.331764e+01  3.117184e+00 -3.500000e+00
     vertex  5.329945e+01  3.087864e+00 -3.500000e+00
   endloop
 endfacet
 facet normal -8.352121e-01  5.499279e-01  0.000000e+00
   outer loop
     vertex  5.328048e+01  3.059048e+00  2.800000e+00
     vertex  5.329945e+01  3.087864e+00  2.800000e+00
     vertex  5.328048e+01  3.059048e+00 -3.500000e+00
   endloop
 endfacet
 facet normal -8.200141e-01  5.723433e-01  0.000000e+00
   outer loop
     vertex  5.326073e+01  3.030755e+00  2.800000e+00
     vertex  5.328048e+01  3.059048e+00  2.800000e+00
     vertex  5.328048e+01  3.059048e+00 -3.500000e+00
   endloop
 endfacet
 facet normal -8.042147e-01  5.943389e-01  0.000000e+00
   outer loop
     vertex  5.326073e+01  3.030755e+00  2.800000e+00
     vertex  5.326073e+01  3.030755e+00 -3.500000e+00
     vertex  5.324022e+01  3.003008e+00 -3.500000e+00
   endloop
 endfacet
 facet normal -8.200141e-01  5.723433e-01  0.000000e+00
   outer loop
     vertex  5.326073e+01  3.030755e+00  2.800000e+00
     vertex  5.328048e+01  3.059048e+00 -3.500000e+00
     vertex  5.326073e+01  3.030755e+00 -3.500000e+00
   endloop
 endfacet
 facet normal -8.042147e-01  5.943389e-01  0.000000e+00
   outer loop
     vertex  5.324022e+01  3.003008e+00  2.800000e+00
     vertex  5.326073e+01  3.030755e+00  2.800000e+00
     vertex  5.324022e+01  3.003008e+00 -3.500000e+00
   endloop
 endfacet
 facet normal -7.878255e-01  6.158986e-01  0.000000e+00
   outer loop
     vertex  5.321897e+01  2.975826e+00  2.800000e+00
     vertex  5.324022e+01  3.003008e+00  2.800000e+00
     vertex  5.324022e+01  3.003008e+00 -3.500000e+00
   endloop
 endfacet
 facet normal -7.878255e-01  6.158986e-01  0.000000e+00
   outer loop
     vertex  5.321897e+01  2.975826e+00  2.800000e+00
     vertex  5.324022e+01  3.003008e+00 -3.500000e+00
     vertex  5.321897e+01  2.975826e+00 -3.500000e+00
   endloop
 endfacet
 facet normal -7.708584e-01  6.370065e-01  0.000000e+00
   outer loop
     vertex  5.319699e+01  2.949230e+00  2.800000e+00
     vertex  5.321897e+01  2.975826e+00  2.800000e+00
     vertex  5.321897e+01  2.975826e+00 -3.500000e+00
   endloop
 endfacet
 facet normal -7.533260e-01  6.576473e-01  0.000000e+00
   outer loop
     vertex  5.319699e+01  2.949230e+00  2.800000e+00
     vertex  5.319699e+01  2.949230e+00 -3.500000e+00
     vertex  5.317430e+01  2.923238e+00 -3.500000e+00
   endloop
 endfacet
 facet normal -7.708584e-01  6.370065e-01  0.000000e+00
   outer loop
     vertex  5.319699e+01  2.949230e+00  2.800000e+00
     vertex  5.321897e+01  2.975826e+00 -3.500000e+00
     vertex  5.319699e+01  2.949230e+00 -3.500000e+00
   endloop
 endfacet
 facet normal -7.533260e-01  6.576473e-01  0.000000e+00
   outer loop
     vertex  5.317430e+01  2.923238e+00  2.800000e+00
     vertex  5.319699e+01  2.949230e+00  2.800000e+00
     vertex  5.317430e+01  2.923238e+00 -3.500000e+00
   endloop
 endfacet
 facet normal -7.352410e-01  6.778058e-01  0.000000e+00
   outer loop
     vertex  5.315092e+01  2.897871e+00  2.800000e+00
     vertex  5.317430e+01  2.923238e+00  2.800000e+00
     vertex  5.317430e+01  2.923238e+00 -3.500000e+00
   endloop
 endfacet
 facet normal -7.166168e-01  6.974671e-01  0.000000e+00
   outer loop
     vertex  5.315092e+01  2.897871e+00  2.800000e+00
     vertex  5.315092e+01  2.897871e+00 -3.500000e+00
     vertex  5.312685e+01  2.873146e+00 -3.500000e+00
   endloop
 endfacet
 facet normal -7.352410e-01  6.778058e-01  0.000000e+00
   outer loop
     vertex  5.315092e+01  2.897871e+00  2.800000e+00
     vertex  5.317430e+01  2.923238e+00 -3.500000e+00
     vertex  5.315092e+01  2.897871e+00 -3.500000e+00
   endloop
 endfacet
 facet normal -7.166168e-01  6.974671e-01  0.000000e+00
   outer loop
     vertex  5.312685e+01  2.873146e+00  2.800000e+00
     vertex  5.315092e+01  2.897871e+00  2.800000e+00
     vertex  5.312685e+01  2.873146e+00 -3.500000e+00
   endloop
 endfacet
 facet normal -6.778058e-01  7.352410e-01  0.000000e+00
   outer loop
     vertex  5.310213e+01  2.849082e+00  2.800000e+00
     vertex  5.310213e+01  2.849082e+00 -3.500000e+00
     vertex  5.307676e+01  2.825696e+00 -3.500000e+00
   endloop
 endfacet
 facet normal -6.974671e-01  7.166168e-01  0.000000e+00
   outer loop
     vertex  5.310213e+01  2.849082e+00  2.800000e+00
     vertex  5.312685e+01  2.873146e+00 -3.500000e+00
     vertex  5.310213e+01  2.849082e+00 -3.500000e+00
   endloop
 endfacet
 facet normal -6.974671e-01  7.166168e-01  0.000000e+00
   outer loop
     vertex  5.310213e+01  2.849082e+00  2.800000e+00
     vertex  5.312685e+01  2.873146e+00  2.800000e+00
     vertex  5.312685e+01  2.873146e+00 -3.500000e+00
   endloop
 endfacet
 facet normal -6.576473e-01  7.533260e-01  0.000000e+00
   outer loop
     vertex  5.307676e+01  2.825696e+00  2.800000e+00
     vertex  5.307676e+01  2.825696e+00 -3.500000e+00
     vertex  5.305077e+01  2.803006e+00 -3.500000e+00
   endloop
 endfacet
 facet normal -6.778058e-01  7.352410e-01  0.000000e+00
   outer loop
     vertex  5.307676e+01  2.825696e+00  2.800000e+00
     vertex  5.310213e+01  2.849082e+00  2.800000e+00
     vertex  5.307676e+01  2.825696e+00 -3.500000e+00
   endloop
 endfacet
 facet normal -6.576473e-01  7.533260e-01  0.000000e+00
   outer loop
     vertex  5.305077e+01  2.803006e+00  2.800000e+00
     vertex  5.307676e+01  2.825696e+00  2.800000e+00
     vertex  5.305077e+01  2.803006e+00 -3.500000e+00
   endloop
 endfacet
 facet normal -6.370065e-01  7.708584e-01  0.000000e+00
   outer loop
     vertex  5.302417e+01  2.781027e+00  2.800000e+00
     vertex  5.305077e+01  2.803006e+00 -3.500000e+00
     vertex  5.302417e+01  2.781027e+00 -3.500000e+00
   endloop
 endfacet
 facet normal -6.370065e-01  7.708584e-01  0.000000e+00
   outer loop
     vertex  5.302417e+01  2.781027e+00  2.800000e+00
     vertex  5.305077e+01  2.803006e+00  2.800000e+00
     vertex  5.305077e+01  2.803006e+00 -3.500000e+00
   endloop
 endfacet
 facet normal -6.158986e-01  7.878255e-01  0.000000e+00
   outer loop
     vertex  5.299699e+01  2.759777e+00  2.800000e+00
     vertex  5.302417e+01  2.781027e+00 -3.500000e+00
     vertex  5.299699e+01  2.759777e+00 -3.500000e+00
   endloop
 endfacet
 facet normal -6.158986e-01  7.878255e-01  0.000000e+00
   outer loop
     vertex  5.299699e+01  2.759777e+00  2.800000e+00
     vertex  5.302417e+01  2.781027e+00  2.800000e+00
     vertex  5.302417e+01  2.781027e+00 -3.500000e+00
   endloop
 endfacet
 facet normal -5.943389e-01  8.042147e-01  0.000000e+00
   outer loop
     vertex  5.296924e+01  2.739271e+00  2.800000e+00
     vertex  5.299699e+01  2.759777e+00 -3.500000e+00
     vertex  5.296924e+01  2.739271e+00 -3.500000e+00
   endloop
 endfacet
 facet normal -5.943389e-01  8.042147e-01  0.000000e+00
   outer loop
     vertex  5.296924e+01  2.739271e+00  2.800000e+00
     vertex  5.299699e+01  2.759777e+00  2.800000e+00
     vertex  5.299699e+01  2.759777e+00 -3.500000e+00
   endloop
 endfacet
 facet normal -5.723433e-01  8.200141e-01  0.000000e+00
   outer loop
     vertex  5.294095e+01  2.719524e+00  2.800000e+00
     vertex  5.296924e+01  2.739271e+00 -3.500000e+00
     vertex  5.294095e+01  2.719524e+00 -3.500000e+00
   endloop
 endfacet
 facet normal -5.723433e-01  8.200141e-01  0.000000e+00
   outer loop
     vertex  5.294095e+01  2.719524e+00  2.800000e+00
     vertex  5.296924e+01  2.739271e+00  2.800000e+00
     vertex  5.296924e+01  2.739271e+00 -3.500000e+00
   endloop
 endfacet
 facet normal -5.499279e-01  8.352121e-01  0.000000e+00
   outer loop
     vertex  5.291214e+01  2.700550e+00  2.800000e+00
     vertex  5.294095e+01  2.719524e+00 -3.500000e+00
     vertex  5.291214e+01  2.700550e+00 -3.500000e+00
   endloop
 endfacet
 facet normal -5.499279e-01  8.352121e-01  0.000000e+00
   outer loop
     vertex  5.291214e+01  2.700550e+00  2.800000e+00
     vertex  5.294095e+01  2.719524e+00  2.800000e+00
     vertex  5.294095e+01  2.719524e+00 -3.500000e+00
   endloop
 endfacet
 facet normal -5.039039e-01  8.637597e-01  0.000000e+00
   outer loop
     vertex  5.288282e+01  2.682364e+00  2.800000e+00
     vertex  5.288282e+01  2.682364e+00 -3.500000e+00
     vertex  5.285301e+01  2.664978e+00 -3.500000e+00
   endloop
 endfacet
 facet normal -5.271092e-01  8.497975e-01  0.000000e+00
   outer loop
     vertex  5.288282e+01  2.682364e+00  2.800000e+00
     vertex  5.291214e+01  2.700550e+00 -3.500000e+00
     vertex  5.288282e+01  2.682364e+00 -3.500000e+00
   endloop
 endfacet
 facet normal -5.271092e-01  8.497975e-01  0.000000e+00
   outer loop
     vertex  5.288282e+01  2.682364e+00  2.800000e+00
     vertex  5.291214e+01  2.700550e+00  2.800000e+00
     vertex  5.291214e+01  2.700550e+00 -3.500000e+00
   endloop
 endfacet
 facet normal -5.039039e-01  8.637597e-01  0.000000e+00
   outer loop
     vertex  5.285301e+01  2.664978e+00  2.800000e+00
     vertex  5.288282e+01  2.682364e+00  2.800000e+00
     vertex  5.285301e+01  2.664978e+00 -3.500000e+00
   endloop
 endfacet
 facet normal -4.803291e-01  8.770884e-01  0.000000e+00
   outer loop
     vertex  5.282275e+01  2.648406e+00  2.800000e+00
     vertex  5.285301e+01  2.664978e+00 -3.500000e+00
     vertex  5.282275e+01  2.648406e+00 -3.500000e+00
   endloop
 endfacet
 facet normal -4.803291e-01  8.770884e-01  0.000000e+00
   outer loop
     vertex  5.282275e+01  2.648406e+00  2.800000e+00
     vertex  5.285301e+01  2.664978e+00  2.800000e+00
     vertex  5.285301e+01  2.664978e+00 -3.500000e+00
   endloop
 endfacet
 facet normal -4.564019e-01  8.897737e-01  0.000000e+00
   outer loop
     vertex  5.279205e+01  2.632659e+00  2.800000e+00
     vertex  5.282275e+01  2.648406e+00 -3.500000e+00
     vertex  5.279205e+01  2.632659e+00 -3.500000e+00
   endloop
 endfacet
 facet normal -4.564019e-01  8.897737e-01  0.000000e+00
   outer loop
     vertex  5.279205e+01  2.632659e+00  2.800000e+00
     vertex  5.282275e+01  2.648406e+00  2.800000e+00
     vertex  5.282275e+01  2.648406e+00 -3.500000e+00
   endloop
 endfacet
 facet normal -4.075612e-01  9.131779e-01  0.000000e+00
   outer loop
     vertex  5.276094e+01  2.617749e+00  2.800000e+00
     vertex  5.276094e+01  2.617749e+00 -3.500000e+00
     vertex  5.272943e+01  2.603687e+00 -3.500000e+00
   endloop
 endfacet
 facet normal -4.321400e-01  9.018065e-01  0.000000e+00
   outer loop
     vertex  5.276094e+01  2.617749e+00  2.800000e+00
     vertex  5.279205e+01  2.632659e+00 -3.500000e+00
     vertex  5.276094e+01  2.617749e+00 -3.500000e+00
   endloop
 endfacet
 facet normal -4.321400e-01  9.018065e-01  0.000000e+00
   outer loop
     vertex  5.276094e+01  2.617749e+00  2.800000e+00
     vertex  5.279205e+01  2.632659e+00  2.800000e+00
     vertex  5.279205e+01  2.632659e+00 -3.500000e+00
   endloop
 endfacet
 facet normal -3.826834e-01  9.238795e-01  0.000000e+00
   outer loop
     vertex  5.272943e+01  2.603687e+00  2.800000e+00
     vertex  5.272943e+01  2.603687e+00 -3.500000e+00
     vertex  5.269756e+01  2.590484e+00 -3.500000e+00
   endloop
 endfacet
 facet normal -4.075612e-01  9.131779e-01  0.000000e+00
   outer loop
     vertex  5.272943e+01  2.603687e+00  2.800000e+00
     vertex  5.276094e+01  2.617749e+00  2.800000e+00
     vertex  5.272943e+01  2.603687e+00 -3.500000e+00
   endloop
 endfacet
 facet normal -3.826834e-01  9.238795e-01  0.000000e+00
   outer loop
     vertex  5.269756e+01  2.590484e+00  2.800000e+00
     vertex  5.272943e+01  2.603687e+00  2.800000e+00
     vertex  5.269756e+01  2.590484e+00 -3.500000e+00
   endloop
 endfacet
 facet normal -3.321044e-01  9.432426e-01  0.000000e+00
   outer loop
     vertex  5.266533e+01  2.578148e+00  2.800000e+00
     vertex  5.266533e+01  2.578148e+00 -3.500000e+00
     vertex  5.263279e+01  2.566690e+00 -3.500000e+00
   endloop
 endfacet
 facet normal -3.575250e-01  9.339036e-01  0.000000e+00
   outer loop
     vertex  5.266533e+01  2.578148e+00  2.800000e+00
     vertex  5.269756e+01  2.590484e+00 -3.500000e+00
     vertex  5.266533e+01  2.578148e+00 -3.500000e+00
   endloop
 endfacet
 facet normal -3.575250e-01  9.339036e-01  0.000000e+00
   outer loop
     vertex  5.266533e+01  2.578148e+00  2.800000e+00
     vertex  5.269756e+01  2.590484e+00  2.800000e+00
     vertex  5.269756e+01  2.590484e+00 -3.500000e+00
   endloop
 endfacet
 facet normal -3.321044e-01  9.432426e-01  0.000000e+00
   outer loop
     vertex  5.263279e+01  2.566690e+00  2.800000e+00
     vertex  5.266533e+01  2.578148e+00  2.800000e+00
     vertex  5.263279e+01  2.566690e+00 -3.500000e+00
   endloop
 endfacet
 facet normal -3.064401e-01  9.518899e-01  0.000000e+00
   outer loop
     vertex  5.259995e+01  2.556117e+00  2.800000e+00
     vertex  5.263279e+01  2.566690e+00  2.800000e+00
     vertex  5.263279e+01  2.566690e+00 -3.500000e+00
   endloop
 endfacet
 facet normal -3.064401e-01  9.518899e-01  0.000000e+00
   outer loop
     vertex  5.259995e+01  2.556117e+00  2.800000e+00
     vertex  5.263279e+01  2.566690e+00 -3.500000e+00
     vertex  5.259995e+01  2.556117e+00 -3.500000e+00
   endloop
 endfacet
 facet normal -2.805512e-01  9.598391e-01  0.000000e+00
   outer loop
     vertex  5.256683e+01  2.546437e+00  2.800000e+00
     vertex  5.259995e+01  2.556117e+00 -3.500000e+00
     vertex  5.256683e+01  2.546437e+00 -3.500000e+00
   endloop
 endfacet
 facet normal -2.805512e-01  9.598391e-01  0.000000e+00
   outer loop
     vertex  5.256683e+01  2.546437e+00  2.800000e+00
     vertex  5.259995e+01  2.556117e+00  2.800000e+00
     vertex  5.259995e+01  2.556117e+00 -3.500000e+00
   endloop
 endfacet
 facet normal -2.544564e-01  9.670842e-01  0.000000e+00
   outer loop
     vertex  5.253346e+01  2.537658e+00  2.800000e+00
     vertex  5.256683e+01  2.546437e+00  2.800000e+00
     vertex  5.256683e+01  2.546437e+00 -3.500000e+00
   endloop
 endfacet
 facet normal -2.281751e-01  9.736201e-01  0.000000e+00
   outer loop
     vertex  5.253346e+01  2.537658e+00  2.800000e+00
     vertex  5.253346e+01  2.537658e+00 -3.500000e+00
     vertex  5.249987e+01  2.529785e+00 -3.500000e+00
   endloop
 endfacet
 facet normal -2.544564e-01  9.670842e-01  0.000000e+00
   outer loop
     vertex  5.253346e+01  2.537658e+00  2.800000e+00
     vertex  5.256683e+01  2.546437e+00 -3.500000e+00
     vertex  5.253346e+01  2.537658e+00 -3.500000e+00
   endloop
 endfacet
 facet normal -2.281751e-01  9.736201e-01  0.000000e+00
   outer loop
     vertex  5.249987e+01  2.529785e+00  2.800000e+00
     vertex  5.253346e+01  2.537658e+00  2.800000e+00
     vertex  5.249987e+01  2.529785e+00 -3.500000e+00
   endloop
 endfacet
 facet normal -2.017264e-01  9.794419e-01  0.000000e+00
   outer loop
     vertex  5.246608e+01  2.522825e+00  2.800000e+00
     vertex  5.249987e+01  2.529785e+00 -3.500000e+00
     vertex  5.246608e+01  2.522825e+00 -3.500000e+00
   endloop
 endfacet
 facet normal -2.017264e-01  9.794419e-01  0.000000e+00
   outer loop
     vertex  5.246608e+01  2.522825e+00  2.800000e+00
     vertex  5.249987e+01  2.529785e+00  2.800000e+00
     vertex  5.249987e+01  2.529785e+00 -3.500000e+00
   endloop
 endfacet
 facet normal -1.484046e-01  9.889267e-01  0.000000e+00
   outer loop
     vertex  5.243211e+01  2.516783e+00  2.800000e+00
     vertex  5.243211e+01  2.516783e+00 -3.500000e+00
     vertex  5.239799e+01  2.511663e+00 -3.500000e+00
   endloop
 endfacet
 facet normal -1.751297e-01  9.845454e-01  0.000000e+00
   outer loop
     vertex  5.243211e+01  2.516783e+00  2.800000e+00
     vertex  5.246608e+01  2.522825e+00 -3.500000e+00
     vertex  5.243211e+01  2.516783e+00 -3.500000e+00
   endloop
 endfacet
 facet normal -1.751297e-01  9.845454e-01  0.000000e+00
   outer loop
     vertex  5.243211e+01  2.516783e+00  2.800000e+00
     vertex  5.246608e+01  2.522825e+00  2.800000e+00
     vertex  5.246608e+01  2.522825e+00 -3.500000e+00
   endloop
 endfacet
 facet normal -1.484046e-01  9.889267e-01  0.000000e+00
   outer loop
     vertex  5.239799e+01  2.511663e+00  2.800000e+00
     vertex  5.243211e+01  2.516783e+00  2.800000e+00
     vertex  5.239799e+01  2.511663e+00 -3.500000e+00
   endloop
 endfacet
 facet normal -1.215707e-01  9.925828e-01  0.000000e+00
   outer loop
     vertex  5.236374e+01  2.507468e+00  2.800000e+00
     vertex  5.239799e+01  2.511663e+00 -3.500000e+00
     vertex  5.236374e+01  2.507468e+00 -3.500000e+00
   endloop
 endfacet
 facet normal -1.215707e-01  9.925828e-01  0.000000e+00
   outer loop
     vertex  5.236374e+01  2.507468e+00  2.800000e+00
     vertex  5.239799e+01  2.511663e+00  2.800000e+00
     vertex  5.239799e+01  2.511663e+00 -3.500000e+00
   endloop
 endfacet
 facet normal -9.464755e-02  9.955108e-01  0.000000e+00
   outer loop
     vertex  5.232940e+01  2.504203e+00  2.800000e+00
     vertex  5.236374e+01  2.507468e+00 -3.500000e+00
     vertex  5.232940e+01  2.504203e+00 -3.500000e+00
   endloop
 endfacet
 facet normal -9.464755e-02  9.955108e-01  0.000000e+00
   outer loop
     vertex  5.232940e+01  2.504203e+00  2.800000e+00
     vertex  5.236374e+01  2.507468e+00  2.800000e+00
     vertex  5.236374e+01  2.507468e+00 -3.500000e+00
   endloop
 endfacet
 facet normal -6.765502e-02  9.977088e-01  0.000000e+00
   outer loop
     vertex  5.229497e+01  2.501868e+00  2.800000e+00
     vertex  5.232940e+01  2.504203e+00 -3.500000e+00
     vertex  5.229497e+01  2.501868e+00 -3.500000e+00
   endloop
 endfacet
 facet normal -6.765502e-02  9.977088e-01  0.000000e+00
   outer loop
     vertex  5.229497e+01  2.501868e+00  2.800000e+00
     vertex  5.232940e+01  2.504203e+00  2.800000e+00
     vertex  5.232940e+01  2.504203e+00 -3.500000e+00
   endloop
 endfacet
 facet normal -4.061287e-02  9.991750e-01  0.000000e+00
   outer loop
     vertex  5.226050e+01  2.500467e+00  2.800000e+00
     vertex  5.229497e+01  2.501868e+00 -3.500000e+00
     vertex  5.226050e+01  2.500467e+00 -3.500000e+00
   endloop
 endfacet
 facet normal -4.061287e-02  9.991750e-01  0.000000e+00
   outer loop
     vertex  5.226050e+01  2.500467e+00  2.800000e+00
     vertex  5.229497e+01  2.501868e+00  2.800000e+00
     vertex  5.229497e+01  2.501868e+00 -3.500000e+00
   endloop
 endfacet
 facet normal -1.354093e-02  9.999083e-01  0.000000e+00
   outer loop
     vertex  5.222600e+01  2.500000e+00  2.800000e+00
     vertex  5.226050e+01  2.500467e+00 -3.500000e+00
     vertex  5.222600e+01  2.500000e+00 -3.500000e+00
   endloop
 endfacet
 facet normal -1.354093e-02  9.999083e-01  0.000000e+00
   outer loop
     vertex  5.222600e+01  2.500000e+00  2.800000e+00
     vertex  5.226050e+01  2.500467e+00  2.800000e+00
     vertex  5.226050e+01  2.500467e+00 -3.500000e+00
   endloop
 endfacet
 facet normal -1.000000e+00  0.000000e+00  0.000000e+00
   outer loop
     vertex  5.350000e+01  3.774000e+00  2.800000e+00
     vertex  5.350000e+01  3.826000e+00 -3.500000e+00
     vertex  5.350000e+01  3.774000e+00 -3.500000e+00
   endloop
 endfacet
 facet normal -1.000000e+00  0.000000e+00  0.000000e+00
   outer loop
     vertex  5.350000e+01  3.774000e+00  2.800000e+00
     vertex  5.350000e+01  3.826000e+00  2.800000e+00
     vertex  5.350000e+01  3.826000e+00 -3.500000e+00
   endloop
 endfacet
 facet normal -9.999083e-01 -1.354093e-02  0.000000e+00
   outer loop
     vertex  5.349953e+01  3.860499e+00  2.800000e+00
     vertex  5.350000e+01  3.826000e+00 -3.500000e+00
     vertex  5.350000e+01  3.826000e+00  2.800000e+00
   endloop
 endfacet
 facet normal -9.999083e-01 -1.354093e-02 -0.000000e+00
   outer loop
     vertex  5.349953e+01  3.860499e+00  2.800000e+00
     vertex  5.349953e+01  3.860499e+00 -3.500000e+00
     vertex  5.350000e+01  3.826000e+00 -3.500000e+00
   endloop
 endfacet
 facet normal -9.991750e-01 -4.061287e-02 -0.000000e+00
   outer loop
     vertex  5.349813e+01  3.894973e+00  2.800000e+00
     vertex  5.349813e+01  3.894973e+00 -3.500000e+00
     vertex  5.349953e+01  3.860499e+00 -3.500000e+00
   endloop
 endfacet
 facet normal -9.991750e-01 -4.061287e-02  0.000000e+00
   outer loop
     vertex  5.349813e+01  3.894973e+00  2.800000e+00
     vertex  5.349953e+01  3.860499e+00 -3.500000e+00
     vertex  5.349953e+01  3.860499e+00  2.800000e+00
   endloop
 endfacet
 facet normal -9.977088e-01 -6.765502e-02 -0.000000e+00
   outer loop
     vertex  5.349580e+01  3.929396e+00  2.800000e+00
     vertex  5.349580e+01  3.929396e+00 -3.500000e+00
     vertex  5.349813e+01  3.894973e+00 -3.500000e+00
   endloop
 endfacet
 facet normal -9.977088e-01 -6.765502e-02  0.000000e+00
   outer loop
     vertex  5.349580e+01  3.929396e+00  2.800000e+00
     vertex  5.349813e+01  3.894973e+00 -3.500000e+00
     vertex  5.349813e+01  3.894973e+00  2.800000e+00
   endloop
 endfacet
 facet normal -9.955108e-01 -9.464755e-02 -0.000000e+00
   outer loop
     vertex  5.349253e+01  3.963744e+00  2.800000e+00
     vertex  5.349253e+01  3.963744e+00 -3.500000e+00
     vertex  5.349580e+01  3.929396e+00 -3.500000e+00
   endloop
 endfacet
 facet normal -9.955108e-01 -9.464755e-02  0.000000e+00
   outer loop
     vertex  5.349253e+01  3.963744e+00  2.800000e+00
     vertex  5.349580e+01  3.929396e+00 -3.500000e+00
     vertex  5.349580e+01  3.929396e+00  2.800000e+00
   endloop
 endfacet
 facet normal -9.925828e-01 -1.215707e-01 -0.000000e+00
   outer loop
     vertex  5.348834e+01  3.997990e+00  2.800000e+00
     vertex  5.348834e+01  3.997990e+00 -3.500000e+00
     vertex  5.349253e+01  3.963744e+00 -3.500000e+00
   endloop
 endfacet
 facet normal -9.889267e-01 -1.484046e-01 -0.000000e+00
   outer loop
     vertex  5.348834e+01  3.997990e+00  2.800000e+00
     vertex  5.348322e+01  4.032110e+00 -3.500000e+00
     vertex  5.348834e+01  3.997990e+00 -3.500000e+00
   endloop
 endfacet
 facet normal -9.925828e-01 -1.215707e-01  0.000000e+00
   outer loop
     vertex  5.348834e+01  3.997990e+00  2.800000e+00
     vertex  5.349253e+01  3.963744e+00 -3.500000e+00
     vertex  5.349253e+01  3.963744e+00  2.800000e+00
   endloop
 endfacet
 facet normal -9.889267e-01 -1.484046e-01 -0.000000e+00
   outer loop
     vertex  5.348322e+01  4.032110e+00  2.800000e+00
     vertex  5.348322e+01  4.032110e+00 -3.500000e+00
     vertex  5.348834e+01  3.997990e+00  2.800000e+00
   endloop
 endfacet
 facet normal -9.845454e-01 -1.751297e-01 -0.000000e+00
   outer loop
     vertex  5.347717e+01  4.066079e+00  2.800000e+00
     vertex  5.347717e+01  4.066079e+00 -3.500000e+00
     vertex  5.348322e+01  4.032110e+00 -3.500000e+00
   endloop
 endfacet
 facet normal -9.794419e-01 -2.017264e-01 -0.000000e+00
   outer loop
     vertex  5.347717e+01  4.066079e+00  2.800000e+00
     vertex  5.347021e+01  4.099872e+00 -3.500000e+00
     vertex  5.347717e+01  4.066079e+00 -3.500000e+00
   endloop
 endfacet
 facet normal -9.845454e-01 -1.751297e-01  0.000000e+00
   outer loop
     vertex  5.347717e+01  4.066079e+00  2.800000e+00
     vertex  5.348322e+01  4.032110e+00 -3.500000e+00
     vertex  5.348322e+01  4.032110e+00  2.800000e+00
   endloop
 endfacet
 facet normal -9.794419e-01 -2.017264e-01 -0.000000e+00
   outer loop
     vertex  5.347021e+01  4.099872e+00  2.800000e+00
     vertex  5.347021e+01  4.099872e+00 -3.500000e+00
     vertex  5.347717e+01  4.066079e+00  2.800000e+00
   endloop
 endfacet
 facet normal -9.736201e-01 -2.281751e-01 -0.000000e+00
   outer loop
     vertex  5.346234e+01  4.133464e+00  2.800000e+00
     vertex  5.346234e+01  4.133464e+00 -3.500000e+00
     vertex  5.347021e+01  4.099872e+00 -3.500000e+00
   endloop
 endfacet
 facet normal -9.736201e-01 -2.281751e-01  0.000000e+00
   outer loop
     vertex  5.346234e+01  4.133464e+00  2.800000e+00
     vertex  5.347021e+01  4.099872e+00 -3.500000e+00
     vertex  5.347021e+01  4.099872e+00  2.800000e+00
   endloop
 endfacet
 facet normal -9.670842e-01 -2.544564e-01 -0.000000e+00
   outer loop
     vertex  5.345356e+01  4.166831e+00  2.800000e+00
     vertex  5.345356e+01  4.166831e+00 -3.500000e+00
     vertex  5.346234e+01  4.133464e+00 -3.500000e+00
   endloop
 endfacet
 facet normal -9.670842e-01 -2.544564e-01  0.000000e+00
   outer loop
     vertex  5.345356e+01  4.166831e+00  2.800000e+00
     vertex  5.346234e+01  4.133464e+00 -3.500000e+00
     vertex  5.346234e+01  4.133464e+00  2.800000e+00
   endloop
 endfacet
 facet normal -9.598391e-01 -2.805512e-01 -0.000000e+00
   outer loop
     vertex  5.344388e+01  4.199948e+00  2.800000e+00
     vertex  5.344388e+01  4.199948e+00 -3.500000e+00
     vertex  5.345356e+01  4.166831e+00 -3.500000e+00
   endloop
 endfacet
 facet normal -9.598391e-01 -2.805512e-01  0.000000e+00
   outer loop
     vertex  5.344388e+01  4.199948e+00  2.800000e+00
     vertex  5.345356e+01  4.166831e+00 -3.500000e+00
     vertex  5.345356e+01  4.166831e+00  2.800000e+00
   endloop
 endfacet
 facet normal -9.518899e-01 -3.064401e-01 -0.000000e+00
   outer loop
     vertex  5.343331e+01  4.232790e+00  2.800000e+00
     vertex  5.343331e+01  4.232790e+00 -3.500000e+00
     vertex  5.344388e+01  4.199948e+00 -3.500000e+00
   endloop
 endfacet
 facet normal -9.518899e-01 -3.064401e-01  0.000000e+00
   outer loop
     vertex  5.343331e+01  4.232790e+00  2.800000e+00
     vertex  5.344388e+01  4.199948e+00 -3.500000e+00
     vertex  5.344388e+01  4.199948e+00  2.800000e+00
   endloop
 endfacet
 facet normal -9.432426e-01 -3.321044e-01 -0.000000e+00
   outer loop
     vertex  5.342185e+01  4.265334e+00  2.800000e+00
     vertex  5.342185e+01  4.265334e+00 -3.500000e+00
     vertex  5.343331e+01  4.232790e+00 -3.500000e+00
   endloop
 endfacet
 facet normal -9.432426e-01 -3.321044e-01  0.000000e+00
   outer loop
     vertex  5.342185e+01  4.265334e+00  2.800000e+00
     vertex  5.343331e+01  4.232790e+00 -3.500000e+00
     vertex  5.343331e+01  4.232790e+00  2.800000e+00
   endloop
 endfacet
 facet normal -9.339036e-01 -3.575250e-01 -0.000000e+00
   outer loop
     vertex  5.340952e+01  4.297556e+00  2.800000e+00
     vertex  5.340952e+01  4.297556e+00 -3.500000e+00
     vertex  5.342185e+01  4.265334e+00 -3.500000e+00
   endloop
 endfacet
 facet normal -9.238795e-01 -3.826834e-01 -0.000000e+00
   outer loop
     vertex  5.340952e+01  4.297556e+00  2.800000e+00
     vertex  5.339631e+01  4.329432e+00 -3.500000e+00
     vertex  5.340952e+01  4.297556e+00 -3.500000e+00
   endloop
 endfacet
 facet normal -9.339036e-01 -3.575250e-01  0.000000e+00
   outer loop
     vertex  5.340952e+01  4.297556e+00  2.800000e+00
     vertex  5.342185e+01  4.265334e+00 -3.500000e+00
     vertex  5.342185e+01  4.265334e+00  2.800000e+00
   endloop
 endfacet
 facet normal -9.238795e-01 -3.826834e-01 -0.000000e+00
   outer loop
     vertex  5.339631e+01  4.329432e+00  2.800000e+00
     vertex  5.339631e+01  4.329432e+00 -3.500000e+00
     vertex  5.340952e+01  4.297556e+00  2.800000e+00
   endloop
 endfacet
 facet normal -9.131779e-01 -4.075612e-01 -0.000000e+00
   outer loop
     vertex  5.338225e+01  4.360939e+00  2.800000e+00
     vertex  5.338225e+01  4.360939e+00 -3.500000e+00
     vertex  5.339631e+01  4.329432e+00 -3.500000e+00
   endloop
 endfacet
 facet normal -9.131779e-01 -4.075612e-01  0.000000e+00
   outer loop
     vertex  5.338225e+01  4.360939e+00  2.800000e+00
     vertex  5.339631e+01  4.329432e+00 -3.500000e+00
     vertex  5.339631e+01  4.329432e+00  2.800000e+00
   endloop
 endfacet
 facet normal -9.018065e-01 -4.321400e-01 -0.000000e+00
   outer loop
     vertex  5.336734e+01  4.392053e+00  2.800000e+00
     vertex  5.336734e+01  4.392053e+00 -3.500000e+00
     vertex  5.338225e+01  4.360939e+00 -3.500000e+00
   endloop
 endfacet
 facet normal -9.018065e-01 -4.321400e-01  0.000000e+00
   outer loop
     vertex  5.336734e+01  4.392053e+00  2.800000e+00
     vertex  5.338225e+01  4.360939e+00 -3.500000e+00
     vertex  5.338225e+01  4.360939e+00  2.800000e+00
   endloop
 endfacet
 facet normal -8.897737e-01 -4.564019e-01 -0.000000e+00
   outer loop
     vertex  5.335159e+01  4.422752e+00  2.800000e+00
     vertex  5.335159e+01  4.422752e+00 -3.500000e+00
     vertex  5.336734e+01  4.392053e+00 -3.500000e+00
   endloop
 endfacet
 facet normal -8.897737e-01 -4.564019e-01  0.000000e+00
   outer loop
     vertex  5.335159e+01  4.422752e+00  2.800000e+00
     vertex  5.336734e+01  4.392053e+00 -3.500000e+00
     vertex  5.336734e+01  4.392053e+00  2.800000e+00
   endloop
 endfacet
 facet normal -8.770884e-01 -4.803291e-01 -0.000000e+00
   outer loop
     vertex  5.333502e+01  4.453014e+00  2.800000e+00
     vertex  5.333502e+01  4.453014e+00 -3.500000e+00
     vertex  5.335159e+01  4.422752e+00 -3.500000e+00
   endloop
 endfacet
 facet normal -8.770884e-01 -4.803291e-01  0.000000e+00
   outer loop
     vertex  5.333502e+01  4.453014e+00  2.800000e+00
     vertex  5.335159e+01  4.422752e+00 -3.500000e+00
     vertex  5.335159e+01  4.422752e+00  2.800000e+00
   endloop
 endfacet
 facet normal -8.637597e-01 -5.039039e-01 -0.000000e+00
   outer loop
     vertex  5.331764e+01  4.482816e+00  2.800000e+00
     vertex  5.331764e+01  4.482816e+00 -3.500000e+00
     vertex  5.333502e+01  4.453014e+00 -3.500000e+00
   endloop
 endfacet
 facet normal -8.637597e-01 -5.039039e-01  0.000000e+00
   outer loop
     vertex  5.331764e+01  4.482816e+00  2.800000e+00
     vertex  5.333502e+01  4.453014e+00 -3.500000e+00
     vertex  5.333502e+01  4.453014e+00  2.800000e+00
   endloop
 endfacet
 facet normal -8.497975e-01 -5.271092e-01  0.000000e+00
   outer loop
     vertex  5.329945e+01  4.512136e+00  2.800000e+00
     vertex  5.331764e+01  4.482816e+00 -3.500000e+00
     vertex  5.331764e+01  4.482816e+00  2.800000e+00
   endloop
 endfacet
 facet normal -8.497975e-01 -5.271092e-01 -0.000000e+00
   outer loop
     vertex  5.329945e+01  4.512136e+00  2.800000e+00
     vertex  5.329945e+01  4.512136e+00 -3.500000e+00
     vertex  5.331764e+01  4.482816e+00 -3.500000e+00
   endloop
 endfacet
 facet normal -8.352121e-01 -5.499279e-01  0.000000e+00
   outer loop
     vertex  5.328048e+01  4.540952e+00  2.800000e+00
     vertex  5.329945e+01  4.512136e+00 -3.500000e+00
     vertex  5.329945e+01  4.512136e+00  2.800000e+00
   endloop
 endfacet
 facet normal -8.352121e-01 -5.499279e-01 -0.000000e+00
   outer loop
     vertex  5.328048e+01  4.540952e+00  2.800000e+00
     vertex  5.328048e+01  4.540952e+00 -3.500000e+00
     vertex  5.329945e+01  4.512136e+00 -3.500000e+00
   endloop
 endfacet
 facet normal -8.200141e-01 -5.723433e-01  0.000000e+00
   outer loop
     vertex  5.326073e+01  4.569245e+00  2.800000e+00
     vertex  5.328048e+01  4.540952e+00 -3.500000e+00
     vertex  5.328048e+01  4.540952e+00  2.800000e+00
   endloop
 endfacet
 facet normal -8.200141e-01 -5.723433e-01 -0.000000e+00
   outer loop
     vertex  5.326073e+01  4.569245e+00  2.800000e+00
     vertex  5.326073e+01  4.569245e+00 -3.500000e+00
     vertex  5.328048e+01  4.540952e+00 -3.500000e+00
   endloop
 endfacet
 facet normal -8.042147e-01 -5.943389e-01 -0.000000e+00
   outer loop
     vertex  5.326073e+01  4.569245e+00  2.800000e+00
     vertex  5.324022e+01  4.596992e+00 -3.500000e+00
     vertex  5.326073e+01  4.569245e+00 -3.500000e+00
   endloop
 endfacet
 facet normal -8.042147e-01 -5.943389e-01 -0.000000e+00
   outer loop
     vertex  5.324022e+01  4.596992e+00  2.800000e+00
     vertex  5.324022e+01  4.596992e+00 -3.500000e+00
     vertex  5.326073e+01  4.569245e+00  2.800000e+00
   endloop
 endfacet
 facet normal -7.878255e-01 -6.158986e-01 -0.000000e+00
   outer loop
     vertex  5.324022e+01  4.596992e+00  2.800000e+00
     vertex  5.321897e+01  4.624174e+00 -3.500000e+00
     vertex  5.324022e+01  4.596992e+00 -3.500000e+00
   endloop
 endfacet
 facet normal -7.878255e-01 -6.158986e-01 -0.000000e+00
   outer loop
     vertex  5.321897e+01  4.624174e+00  2.800000e+00
     vertex  5.321897e+01  4.624174e+00 -3.500000e+00
     vertex  5.324022e+01  4.596992e+00  2.800000e+00
   endloop
 endfacet
 facet normal -7.708584e-01 -6.370065e-01 -0.000000e+00
   outer loop
     vertex  5.319699e+01  4.650770e+00  2.800000e+00
     vertex  5.319699e+01  4.650770e+00 -3.500000e+00
     vertex  5.321897e+01  4.624174e+00 -3.500000e+00
   endloop
 endfacet
 facet normal -7.708584e-01 -6.370065e-01  0.000000e+00
   outer loop
     vertex  5.319699e+01  4.650770e+00  2.800000e+00
     vertex  5.321897e+01  4.624174e+00 -3.500000e+00
     vertex  5.321897e+01  4.624174e+00  2.800000e+00
   endloop
 endfacet
 facet normal -7.533260e-01 -6.576473e-01 -0.000000e+00
   outer loop
     vertex  5.319699e+01  4.650770e+00  2.800000e+00
     vertex  5.317430e+01  4.676762e+00 -3.500000e+00
     vertex  5.319699e+01  4.650770e+00 -3.500000e+00
   endloop
 endfacet
 facet normal -7.533260e-01 -6.576473e-01 -0.000000e+00
   outer loop
     vertex  5.317430e+01  4.676762e+00  2.800000e+00
     vertex  5.317430e+01  4.676762e+00 -3.500000e+00
     vertex  5.319699e+01  4.650770e+00  2.800000e+00
   endloop
 endfacet
 facet normal -7.352410e-01 -6.778058e-01  0.000000e+00
   outer loop
     vertex  5.315092e+01  4.702129e+00  2.800000e+00
     vertex  5.317430e+01  4.676762e+00 -3.500000e+00
     vertex  5.317430e+01  4.676762e+00  2.800000e+00
   endloop
 endfacet
 facet normal -7.352410e-01 -6.778058e-01 -0.000000e+00
   outer loop
     vertex  5.315092e+01  4.702129e+00  2.800000e+00
     vertex  5.315092e+01  4.702129e+00 -3.500000e+00
     vertex  5.317430e+01  4.676762e+00 -3.500000e+00
   endloop
 endfacet
 facet normal -7.166168e-01 -6.974671e-01 -0.000000e+00
   outer loop
     vertex  5.315092e+01  4.702129e+00  2.800000e+00
     vertex  5.312685e+01  4.726854e+00 -3.500000e+00
     vertex  5.315092e+01  4.702129e+00 -3.500000e+00
   endloop
 endfacet
 facet normal -7.166168e-01 -6.974671e-01 -0.000000e+00
   outer loop
     vertex  5.312685e+01  4.726854e+00  2.800000e+00
     vertex  5.312685e+01  4.726854e+00 -3.500000e+00
     vertex  5.315092e+01  4.702129e+00  2.800000e+00
   endloop
 endfacet
 facet normal -6.974671e-01 -7.166168e-01 -0.000000e+00
   outer loop
     vertex  5.310213e+01  4.750918e+00  2.800000e+00
     vertex  5.310213e+01  4.750918e+00 -3.500000e+00
     vertex  5.312685e+01  4.726854e+00 -3.500000e+00
   endloop
 endfacet
 facet normal -6.974671e-01 -7.166168e-01  0.000000e+00
   outer loop
     vertex  5.310213e+01  4.750918e+00  2.800000e+00
     vertex  5.312685e+01  4.726854e+00 -3.500000e+00
     vertex  5.312685e+01  4.726854e+00  2.800000e+00
   endloop
 endfacet
 facet normal -6.778058e-01 -7.352410e-01 -0.000000e+00
   outer loop
     vertex  5.307676e+01  4.774304e+00  2.800000e+00
     vertex  5.307676e+01  4.774304e+00 -3.500000e+00
     vertex  5.310213e+01  4.750918e+00 -3.500000e+00
   endloop
 endfacet
 facet normal -6.778058e-01 -7.352410e-01  0.000000e+00
   outer loop
     vertex  5.307676e+01  4.774304e+00  2.800000e+00
     vertex  5.310213e+01  4.750918e+00 -3.500000e+00
     vertex  5.310213e+01  4.750918e+00  2.800000e+00
   endloop
 endfacet
 facet normal -6.576473e-01 -7.533260e-01 -0.000000e+00
   outer loop
     vertex  5.305077e+01  4.796994e+00  2.800000e+00
     vertex  5.305077e+01  4.796994e+00 -3.500000e+00
     vertex  5.307676e+01  4.774304e+00 -3.500000e+00
   endloop
 endfacet
 facet normal -6.576473e-01 -7.533260e-01  0.000000e+00
   outer loop
     vertex  5.305077e+01  4.796994e+00  2.800000e+00
     vertex  5.307676e+01  4.774304e+00 -3.500000e+00
     vertex  5.307676e+01  4.774304e+00  2.800000e+00
   endloop
 endfacet
 facet normal -6.370065e-01 -7.708584e-01 -0.000000e+00
   outer loop
     vertex  5.302417e+01  4.818973e+00  2.800000e+00
     vertex  5.302417e+01  4.818973e+00 -3.500000e+00
     vertex  5.305077e+01  4.796994e+00 -3.500000e+00
   endloop
 endfacet
 facet normal -6.370065e-01 -7.708584e-01  0.000000e+00
   outer loop
     vertex  5.302417e+01  4.818973e+00  2.800000e+00
     vertex  5.305077e+01  4.796994e+00 -3.500000e+00
     vertex  5.305077e+01  4.796994e+00  2.800000e+00
   endloop
 endfacet
 facet normal -6.158986e-01 -7.878255e-01 -0.000000e+00
   outer loop
     vertex  5.299699e+01  4.840223e+00  2.800000e+00
     vertex  5.299699e+01  4.840223e+00 -3.500000e+00
     vertex  5.302417e+01  4.818973e+00 -3.500000e+00
   endloop
 endfacet
 facet normal -5.943389e-01 -8.042147e-01 -0.000000e+00
   outer loop
     vertex  5.299699e+01  4.840223e+00  2.800000e+00
     vertex  5.296924e+01  4.860729e+00 -3.500000e+00
     vertex  5.299699e+01  4.840223e+00 -3.500000e+00
   endloop
 endfacet
 facet normal -6.158986e-01 -7.878255e-01  0.000000e+00
   outer loop
     vertex  5.299699e+01  4.840223e+00  2.800000e+00
     vertex  5.302417e+01  4.818973e+00 -3.500000e+00
     vertex  5.302417e+01  4.818973e+00  2.800000e+00
   endloop
 endfacet
 facet normal -5.943389e-01 -8.042147e-01 -0.000000e+00
   outer loop
     vertex  5.296924e+01  4.860729e+00  2.800000e+00
     vertex  5.296924e+01  4.860729e+00 -3.500000e+00
     vertex  5.299699e+01  4.840223e+00  2.800000e+00
   endloop
 endfacet
 facet normal -5.723433e-01 -8.200141e-01 -0.000000e+00
   outer loop
     vertex  5.294095e+01  4.880476e+00  2.800000e+00
     vertex  5.294095e+01  4.880476e+00 -3.500000e+00
     vertex  5.296924e+01  4.860729e+00 -3.500000e+00
   endloop
 endfacet
 facet normal -5.499279e-01 -8.352121e-01 -0.000000e+00
   outer loop
     vertex  5.294095e+01  4.880476e+00  2.800000e+00
     vertex  5.291214e+01  4.899450e+00 -3.500000e+00
     vertex  5.294095e+01  4.880476e+00 -3.500000e+00
   endloop
 endfacet
 facet normal -5.723433e-01 -8.200141e-01  0.000000e+00
   outer loop
     vertex  5.294095e+01  4.880476e+00  2.800000e+00
     vertex  5.296924e+01  4.860729e+00 -3.500000e+00
     vertex  5.296924e+01  4.860729e+00  2.800000e+00
   endloop
 endfacet
 facet normal -5.499279e-01 -8.352121e-01 -0.000000e+00
   outer loop
     vertex  5.291214e+01  4.899450e+00  2.800000e+00
     vertex  5.291214e+01  4.899450e+00 -3.500000e+00
     vertex  5.294095e+01  4.880476e+00  2.800000e+00
   endloop
 endfacet
 facet normal -5.271092e-01 -8.497975e-01 -0.000000e+00
   outer loop
     vertex  5.288282e+01  4.917636e+00  2.800000e+00
     vertex  5.288282e+01  4.917636e+00 -3.500000e+00
     vertex  5.291214e+01  4.899450e+00 -3.500000e+00
   endloop
 endfacet
 facet normal -5.271092e-01 -8.497975e-01  0.000000e+00
   outer loop
     vertex  5.288282e+01  4.917636e+00  2.800000e+00
     vertex  5.291214e+01  4.899450e+00 -3.500000e+00
     vertex  5.291214e+01  4.899450e+00  2.800000e+00
   endloop
 endfacet
 facet normal -5.039039e-01 -8.637597e-01 -0.000000e+00
   outer loop
     vertex  5.285301e+01  4.935022e+00  2.800000e+00
     vertex  5.285301e+01  4.935022e+00 -3.500000e+00
     vertex  5.288282e+01  4.917636e+00 -3.500000e+00
   endloop
 endfacet
 facet normal -5.039039e-01 -8.637597e-01  0.000000e+00
   outer loop
     vertex  5.285301e+01  4.935022e+00  2.800000e+00
     vertex  5.288282e+01  4.917636e+00 -3.500000e+00
     vertex  5.288282e+01  4.917636e+00  2.800000e+00
   endloop
 endfacet
 facet normal -4.803291e-01 -8.770884e-01 -0.000000e+00
   outer loop
     vertex  5.282275e+01  4.951594e+00  2.800000e+00
     vertex  5.282275e+01  4.951594e+00 -3.500000e+00
     vertex  5.285301e+01  4.935022e+00 -3.500000e+00
   endloop
 endfacet
 facet normal -4.803291e-01 -8.770884e-01  0.000000e+00
   outer loop
     vertex  5.282275e+01  4.951594e+00  2.800000e+00
     vertex  5.285301e+01  4.935022e+00 -3.500000e+00
     vertex  5.285301e+01  4.935022e+00  2.800000e+00
   endloop
 endfacet
 facet normal -4.564019e-01 -8.897737e-01 -0.000000e+00
   outer loop
     vertex  5.279205e+01  4.967341e+00  2.800000e+00
     vertex  5.279205e+01  4.967341e+00 -3.500000e+00
     vertex  5.282275e+01  4.951594e+00 -3.500000e+00
   endloop
 endfacet
 facet normal -4.564019e-01 -8.897737e-01  0.000000e+00
   outer loop
     vertex  5.279205e+01  4.967341e+00  2.800000e+00
     vertex  5.282275e+01  4.951594e+00 -3.500000e+00
     vertex  5.282275e+01  4.951594e+00  2.800000e+00
   endloop
 endfacet
 facet normal -4.321400e-01 -9.018065e-01 -0.000000e+00
   outer loop
     vertex  5.276094e+01  4.982251e+00  2.800000e+00
     vertex  5.276094e+01  4.982251e+00 -3.500000e+00
     vertex  5.279205e+01  4.967341e+00 -3.500000e+00
   endloop
 endfacet
 facet normal -4.321400e-01 -9.018065e-01  0.000000e+00
   outer loop
     vertex  5.276094e+01  4.982251e+00  2.800000e+00
     vertex  5.279205e+01  4.967341e+00 -3.500000e+00
     vertex  5.279205e+01  4.967341e+00  2.800000e+00
   endloop
 endfacet
 facet normal -4.075612e-01 -9.131779e-01 -0.000000e+00
   outer loop
     vertex  5.272943e+01  4.996313e+00  2.800000e+00
     vertex  5.272943e+01  4.996313e+00 -3.500000e+00
     vertex  5.276094e+01  4.982251e+00 -3.500000e+00
   endloop
 endfacet
 facet normal -3.826834e-01 -9.238795e-01 -0.000000e+00
   outer loop
     vertex  5.272943e+01  4.996313e+00  2.800000e+00
     vertex  5.269756e+01  5.009516e+00 -3.500000e+00
     vertex  5.272943e+01  4.996313e+00 -3.500000e+00
   endloop
 endfacet
 facet normal -4.075612e-01 -9.131779e-01  0.000000e+00
   outer loop
     vertex  5.272943e+01  4.996313e+00  2.800000e+00
     vertex  5.276094e+01  4.982251e+00 -3.500000e+00
     vertex  5.276094e+01  4.982251e+00  2.800000e+00
   endloop
 endfacet
 facet normal -3.826834e-01 -9.238795e-01 -0.000000e+00
   outer loop
     vertex  5.269756e+01  5.009516e+00  2.800000e+00
     vertex  5.269756e+01  5.009516e+00 -3.500000e+00
     vertex  5.272943e+01  4.996313e+00  2.800000e+00
   endloop
 endfacet
 facet normal -3.575250e-01 -9.339036e-01 -0.000000e+00
   outer loop
     vertex  5.266533e+01  5.021852e+00  2.800000e+00
     vertex  5.266533e+01  5.021852e+00 -3.500000e+00
     vertex  5.269756e+01  5.009516e+00 -3.500000e+00
   endloop
 endfacet
 facet normal -3.321044e-01 -9.432426e-01 -0.000000e+00
   outer loop
     vertex  5.266533e+01  5.021852e+00  2.800000e+00
     vertex  5.263279e+01  5.033310e+00 -3.500000e+00
     vertex  5.266533e+01  5.021852e+00 -3.500000e+00
   endloop
 endfacet
 facet normal -3.575250e-01 -9.339036e-01  0.000000e+00
   outer loop
     vertex  5.266533e+01  5.021852e+00  2.800000e+00
     vertex  5.269756e+01  5.009516e+00 -3.500000e+00
     vertex  5.269756e+01  5.009516e+00  2.800000e+00
   endloop
 endfacet
 facet normal -3.321044e-01 -9.432426e-01 -0.000000e+00
   outer loop
     vertex  5.263279e+01  5.033310e+00  2.800000e+00
     vertex  5.263279e+01  5.033310e+00 -3.500000e+00
     vertex  5.266533e+01  5.021852e+00  2.800000e+00
   endloop
 endfacet
 facet normal -3.064401e-01 -9.518899e-01  0.000000e+00
   outer loop
     vertex  5.259995e+01  5.043883e+00  2.800000e+00
     vertex  5.263279e+01  5.033310e+00 -3.500000e+00
     vertex  5.263279e+01  5.033310e+00  2.800000e+00
   endloop
 endfacet
 facet normal -3.064401e-01 -9.518899e-01 -0.000000e+00
   outer loop
     vertex  5.259995e+01  5.043883e+00  2.800000e+00
     vertex  5.259995e+01  5.043883e+00 -3.500000e+00
     vertex  5.263279e+01  5.033310e+00 -3.500000e+00
   endloop
 endfacet
 facet normal -2.805512e-01 -9.598391e-01  0.000000e+00
   outer loop
     vertex  5.256683e+01  5.053563e+00  2.800000e+00
     vertex  5.259995e+01  5.043883e+00 -3.500000e+00
     vertex  5.259995e+01  5.043883e+00  2.800000e+00
   endloop
 endfacet
 facet normal -2.805512e-01 -9.598391e-01 -0.000000e+00
   outer loop
     vertex  5.256683e+01  5.053563e+00  2.800000e+00
     vertex  5.256683e+01  5.053563e+00 -3.500000e+00
     vertex  5.259995e+01  5.043883e+00 -3.500000e+00
   endloop
 endfacet
 facet normal -2.544564e-01 -9.670842e-01  0.000000e+00
   outer loop
     vertex  5.253346e+01  5.062342e+00  2.800000e+00
     vertex  5.256683e+01  5.053563e+00 -3.500000e+00
     vertex  5.256683e+01  5.053563e+00  2.800000e+00
   endloop
 endfacet
 facet normal -2.544564e-01 -9.670842e-01 -0.000000e+00
   outer loop
     vertex  5.253346e+01  5.062342e+00  2.800000e+00
     vertex  5.253346e+01  5.062342e+00 -3.500000e+00
     vertex  5.256683e+01  5.053563e+00 -3.500000e+00
   endloop
 endfacet
 facet normal -2.281751e-01 -9.736201e-01 -0.000000e+00
   outer loop
     vertex  5.253346e+01  5.062342e+00  2.800000e+00
     vertex  5.249987e+01  5.070215e+00 -3.500000e+00
     vertex  5.253346e+01  5.062342e+00 -3.500000e+00
   endloop
 endfacet
 facet normal -2.281751e-01 -9.736201e-01 -0.000000e+00
   outer loop
     vertex  5.249987e+01  5.070215e+00  2.800000e+00
     vertex  5.249987e+01  5.070215e+00 -3.500000e+00
     vertex  5.253346e+01  5.062342e+00  2.800000e+00
   endloop
 endfacet
 facet normal -2.017264e-01 -9.794419e-01  0.000000e+00
   outer loop
     vertex  5.246608e+01  5.077175e+00  2.800000e+00
     vertex  5.249987e+01  5.070215e+00 -3.500000e+00
     vertex  5.249987e+01  5.070215e+00  2.800000e+00
   endloop
 endfacet
 facet normal -2.017264e-01 -9.794419e-01 -0.000000e+00
   outer loop
     vertex  5.246608e+01  5.077175e+00  2.800000e+00
     vertex  5.246608e+01  5.077175e+00 -3.500000e+00
     vertex  5.249987e+01  5.070215e+00 -3.500000e+00
   endloop
 endfacet
 facet normal -1.751297e-01 -9.845454e-01  0.000000e+00
   outer loop
     vertex  5.243211e+01  5.083217e+00  2.800000e+00
     vertex  5.246608e+01  5.077175e+00 -3.500000e+00
     vertex  5.246608e+01  5.077175e+00  2.800000e+00
   endloop
 endfacet
 facet normal -1.751297e-01 -9.845454e-01 -0.000000e+00
   outer loop
     vertex  5.243211e+01  5.083217e+00  2.800000e+00
     vertex  5.243211e+01  5.083217e+00 -3.500000e+00
     vertex  5.246608e+01  5.077175e+00 -3.500000e+00
   endloop
 endfacet
 facet normal -1.484046e-01 -9.889267e-01  0.000000e+00
   outer loop
     vertex  5.239799e+01  5.088337e+00  2.800000e+00
     vertex  5.243211e+01  5.083217e+00 -3.500000e+00
     vertex  5.243211e+01  5.083217e+00  2.800000e+00
   endloop
 endfacet
 facet normal -1.484046e-01 -9.889267e-01 -0.000000e+00
   outer loop
     vertex  5.239799e+01  5.088337e+00  2.800000e+00
     vertex  5.239799e+01  5.088337e+00 -3.500000e+00
     vertex  5.243211e+01  5.083217e+00 -3.500000e+00
   endloop
 endfacet
 facet normal -1.215707e-01 -9.925828e-01 -0.000000e+00
   outer loop
     vertex  5.239799e+01  5.088337e+00  2.800000e+00
     vertex  5.236374e+01  5.092532e+00 -3.500000e+00
     vertex  5.239799e+01  5.088337e+00 -3.500000e+00
   endloop
 endfacet
 facet normal -1.215707e-01 -9.925828e-01 -0.000000e+00
   outer loop
     vertex  5.236374e+01  5.092532e+00  2.800000e+00
     vertex  5.236374e+01  5.092532e+00 -3.500000e+00
     vertex  5.239799e+01  5.088337e+00  2.800000e+00
   endloop
 endfacet
 facet normal -9.464755e-02 -9.955108e-01 -0.000000e+00
   outer loop
     vertex  5.236374e+01  5.092532e+00  2.800000e+00
     vertex  5.232940e+01  5.095797e+00 -3.500000e+00
     vertex  5.236374e+01  5.092532e+00 -3.500000e+00
   endloop
 endfacet
 facet normal -9.464755e-02 -9.955108e-01 -0.000000e+00
   outer loop
     vertex  5.232940e+01  5.095797e+00  2.800000e+00
     vertex  5.232940e+01  5.095797e+00 -3.500000e+00
     vertex  5.236374e+01  5.092532e+00  2.800000e+00
   endloop
 endfacet
 facet normal -6.765502e-02 -9.977088e-01  0.000000e+00
   outer loop
     vertex  5.229497e+01  5.098132e+00  2.800000e+00
     vertex  5.232940e+01  5.095797e+00 -3.500000e+00
     vertex  5.232940e+01  5.095797e+00  2.800000e+00
   endloop
 endfacet
 facet normal -6.765502e-02 -9.977088e-01 -0.000000e+00
   outer loop
     vertex  5.229497e+01  5.098132e+00  2.800000e+00
     vertex  5.229497e+01  5.098132e+00 -3.500000e+00
     vertex  5.232940e+01  5.095797e+00 -3.500000e+00
   endloop
 endfacet
 facet normal -4.061287e-02 -9.991750e-01  0.000000e+00
   outer loop
     vertex  5.226050e+01  5.099533e+00  2.800000e+00
     vertex  5.229497e+01  5.098132e+00 -3.500000e+00
     vertex  5.229497e+01  5.098132e+00  2.800000e+00
   endloop
 endfacet
 facet normal -4.061287e-02 -9.991750e-01 -0.000000e+00
   outer loop
     vertex  5.226050e+01  5.099533e+00  2.800000e+00
     vertex  5.226050e+01  5.099533e+00 -3.500000e+00
     vertex  5.229497e+01  5.098132e+00 -3.500000e+00
   endloop
 endfacet
 facet normal -1.354093e-02 -9.999083e-01 -0.000000e+00
   outer loop
     vertex  5.226050e+01  5.099533e+00  2.800000e+00
     vertex  5.222600e+01  5.100000e+00 -3.500000e+00
     vertex  5.226050e+01  5.099533e+00 -3.500000e+00
   endloop
 endfacet
 facet normal -1.354093e-02 -9.999083e-01 -0.000000e+00
   outer loop
     vertex  5.222600e+01  5.100000e+00  2.800000e+00
     vertex  5.222600e+01  5.100000e+00 -3.500000e+00
     vertex  5.226050e+01  5.099533e+00  2.800000e+00
   endloop
 endfacet
 facet normal  0.000000e+00 -1.000000e+00 -0.000000e+00
   outer loop
     vertex  5.222600e+01  5.100000e+00  2.800000e+00
     vertex  3.877400e+01  5.100000e+00 -3.500000e+00
     vertex  5.222600e+01  5.100000e+00 -3.500000e+00
   endloop
 endfacet
 facet normal -0.000000e+00 -1.000000e+00  0.000000e+00
   outer loop
     vertex  5.222600e+01  5.100000e+00  2.800000e+00
     vertex  3.877400e+01  5.100000e+00  2.800000e+00
     vertex  3.877400e+01  5.100000e+00 -3.500000e+00
   endloop
 endfacet
 facet normal  9.999083e-01 -1.354093e-02  0.000000e+00
   outer loop
     vertex  3.750047e+01  3.860499e+00  2.800000e+00
     vertex  3.750000e+01  3.826000e+00  2.800000e+00
     vertex  3.750000e+01  3.826000e+00 -3.500000e+00
   endloop
 endfacet
 facet normal  9.999083e-01 -1.354093e-02  0.000000e+00
   outer loop
     vertex  3.750047e+01  3.860499e+00  2.800000e+00
     vertex  3.750000e+01  3.826000e+00 -3.500000e+00
     vertex  3.750047e+01  3.860499e+00 -3.500000e+00
   endloop
 endfacet
 facet normal  9.991750e-01 -4.061287e-02  0.000000e+00
   outer loop
     vertex  3.750187e+01  3.894973e+00  2.800000e+00
     vertex  3.750047e+01  3.860499e+00  2.800000e+00
     vertex  3.750047e+01  3.860499e+00 -3.500000e+00
   endloop
 endfacet
 facet normal  9.991750e-01 -4.061287e-02  0.000000e+00
   outer loop
     vertex  3.750187e+01  3.894973e+00  2.800000e+00
     vertex  3.750047e+01  3.860499e+00 -3.500000e+00
     vertex  3.750187e+01  3.894973e+00 -3.500000e+00
   endloop
 endfacet
 facet normal  9.977088e-01 -6.765502e-02  0.000000e+00
   outer loop
     vertex  3.750420e+01  3.929396e+00  2.800000e+00
     vertex  3.750187e+01  3.894973e+00  2.800000e+00
     vertex  3.750187e+01  3.894973e+00 -3.500000e+00
   endloop
 endfacet
 facet normal  9.955108e-01 -9.464755e-02  0.000000e+00
   outer loop
     vertex  3.750420e+01  3.929396e+00  2.800000e+00
     vertex  3.750420e+01  3.929396e+00 -3.500000e+00
     vertex  3.750747e+01  3.963744e+00 -3.500000e+00
   endloop
 endfacet
 facet normal  9.977088e-01 -6.765502e-02  0.000000e+00
   outer loop
     vertex  3.750420e+01  3.929396e+00  2.800000e+00
     vertex  3.750187e+01  3.894973e+00 -3.500000e+00
     vertex  3.750420e+01  3.929396e+00 -3.500000e+00
   endloop
 endfacet
 facet normal  9.955108e-01 -9.464755e-02  0.000000e+00
   outer loop
     vertex  3.750747e+01  3.963744e+00  2.800000e+00
     vertex  3.750420e+01  3.929396e+00  2.800000e+00
     vertex  3.750747e+01  3.963744e+00 -3.500000e+00
   endloop
 endfacet
 facet normal  9.925828e-01 -1.215707e-01  0.000000e+00
   outer loop
     vertex  3.751166e+01  3.997990e+00  2.800000e+00
     vertex  3.750747e+01  3.963744e+00  2.800000e+00
     vertex  3.750747e+01  3.963744e+00 -3.500000e+00
   endloop
 endfacet
 facet normal  9.889267e-01 -1.484046e-01  0.000000e+00
   outer loop
     vertex  3.751166e+01  3.997990e+00  2.800000e+00
     vertex  3.751166e+01  3.997990e+00 -3.500000e+00
     vertex  3.751678e+01  4.032110e+00 -3.500000e+00
   endloop
 endfacet
 facet normal  9.925828e-01 -1.215707e-01  0.000000e+00
   outer loop
     vertex  3.751166e+01  3.997990e+00  2.800000e+00
     vertex  3.750747e+01  3.963744e+00 -3.500000e+00
     vertex  3.751166e+01  3.997990e+00 -3.500000e+00
   endloop
 endfacet
 facet normal  9.889267e-01 -1.484046e-01  0.000000e+00
   outer loop
     vertex  3.751678e+01  4.032110e+00  2.800000e+00
     vertex  3.751166e+01  3.997990e+00  2.800000e+00
     vertex  3.751678e+01  4.032110e+00 -3.500000e+00
   endloop
 endfacet
 facet normal  9.845454e-01 -1.751297e-01  0.000000e+00
   outer loop
     vertex  3.751678e+01  4.032110e+00  2.800000e+00
     vertex  3.751678e+01  4.032110e+00 -3.500000e+00
     vertex  3.752283e+01  4.066079e+00 -3.500000e+00
   endloop
 endfacet
 facet normal  9.845454e-01 -1.751297e-01  0.000000e+00
   outer loop
     vertex  3.752283e+01  4.066079e+00  2.800000e+00
     vertex  3.751678e+01  4.032110e+00  2.800000e+00
     vertex  3.752283e+01  4.066079e+00 -3.500000e+00
   endloop
 endfacet
 facet normal  9.794419e-01 -2.017264e-01  0.000000e+00
   outer loop
     vertex  3.752979e+01  4.099872e+00  2.800000e+00
     vertex  3.752283e+01  4.066079e+00 -3.500000e+00
     vertex  3.752979e+01  4.099872e+00 -3.500000e+00
   endloop
 endfacet
 facet normal  9.794419e-01 -2.017264e-01  0.000000e+00
   outer loop
     vertex  3.752979e+01  4.099872e+00  2.800000e+00
     vertex  3.752283e+01  4.066079e+00  2.800000e+00
     vertex  3.752283e+01  4.066079e+00 -3.500000e+00
   endloop
 endfacet
 facet normal  9.670842e-01 -2.544564e-01  0.000000e+00
   outer loop
     vertex  3.753766e+01  4.133464e+00  2.800000e+00
     vertex  3.753766e+01  4.133464e+00 -3.500000e+00
     vertex  3.754644e+01  4.166831e+00 -3.500000e+00
   endloop
 endfacet
 facet normal  9.736201e-01 -2.281751e-01  0.000000e+00
   outer loop
     vertex  3.753766e+01  4.133464e+00  2.800000e+00
     vertex  3.752979e+01  4.099872e+00 -3.500000e+00
     vertex  3.753766e+01  4.133464e+00 -3.500000e+00
   endloop
 endfacet
 facet normal  9.736201e-01 -2.281751e-01  0.000000e+00
   outer loop
     vertex  3.753766e+01  4.133464e+00  2.800000e+00
     vertex  3.752979e+01  4.099872e+00  2.800000e+00
     vertex  3.752979e+01  4.099872e+00 -3.500000e+00
   endloop
 endfacet
 facet normal  9.670842e-01 -2.544564e-01  0.000000e+00
   outer loop
     vertex  3.754644e+01  4.166831e+00  2.800000e+00
     vertex  3.753766e+01  4.133464e+00  2.800000e+00
     vertex  3.754644e+01  4.166831e+00 -3.500000e+00
   endloop
 endfacet
 facet normal  9.598391e-01 -2.805512e-01  0.000000e+00
   outer loop
     vertex  3.755612e+01  4.199948e+00  2.800000e+00
     vertex  3.754644e+01  4.166831e+00 -3.500000e+00
     vertex  3.755612e+01  4.199948e+00 -3.500000e+00
   endloop
 endfacet
 facet normal  9.598391e-01 -2.805512e-01  0.000000e+00
   outer loop
     vertex  3.755612e+01  4.199948e+00  2.800000e+00
     vertex  3.754644e+01  4.166831e+00  2.800000e+00
     vertex  3.754644e+01  4.166831e+00 -3.500000e+00
   endloop
 endfacet
 facet normal  9.432426e-01 -3.321044e-01  0.000000e+00
   outer loop
     vertex  3.756669e+01  4.232790e+00  2.800000e+00
     vertex  3.756669e+01  4.232790e+00 -3.500000e+00
     vertex  3.757815e+01  4.265334e+00 -3.500000e+00
   endloop
 endfacet
 facet normal  9.518899e-01 -3.064401e-01  0.000000e+00
   outer loop
     vertex  3.756669e+01  4.232790e+00  2.800000e+00
     vertex  3.755612e+01  4.199948e+00 -3.500000e+00
     vertex  3.756669e+01  4.232790e+00 -3.500000e+00
   endloop
 endfacet
 facet normal  9.518899e-01 -3.064401e-01  0.000000e+00
   outer loop
     vertex  3.756669e+01  4.232790e+00  2.800000e+00
     vertex  3.755612e+01  4.199948e+00  2.800000e+00
     vertex  3.755612e+01  4.199948e+00 -3.500000e+00
   endloop
 endfacet
 facet normal  9.432426e-01 -3.321044e-01  0.000000e+00
   outer loop
     vertex  3.757815e+01  4.265334e+00  2.800000e+00
     vertex  3.756669e+01  4.232790e+00  2.800000e+00
     vertex  3.757815e+01  4.265334e+00 -3.500000e+00
   endloop
 endfacet
 facet normal  9.339036e-01 -3.575250e-01  0.000000e+00
   outer loop
     vertex  3.759048e+01  4.297556e+00  2.800000e+00
     vertex  3.757815e+01  4.265334e+00 -3.500000e+00
     vertex  3.759048e+01  4.297556e+00 -3.500000e+00
   endloop
 endfacet
 facet normal  9.339036e-01 -3.575250e-01  0.000000e+00
   outer loop
     vertex  3.759048e+01  4.297556e+00  2.800000e+00
     vertex  3.757815e+01  4.265334e+00  2.800000e+00
     vertex  3.757815e+01  4.265334e+00 -3.500000e+00
   endloop
 endfacet
 facet normal  9.238795e-01 -3.826834e-01  0.000000e+00
   outer loop
     vertex  3.760369e+01  4.329432e+00  2.800000e+00
     vertex  3.759048e+01  4.297556e+00 -3.500000e+00
     vertex  3.760369e+01  4.329432e+00 -3.500000e+00
   endloop
 endfacet
 facet normal  9.238795e-01 -3.826834e-01  0.000000e+00
   outer loop
     vertex  3.760369e+01  4.329432e+00  2.800000e+00
     vertex  3.759048e+01  4.297556e+00  2.800000e+00
     vertex  3.759048e+01  4.297556e+00 -3.500000e+00
   endloop
 endfacet
 facet normal  9.131779e-01 -4.075612e-01  0.000000e+00
   outer loop
     vertex  3.761775e+01  4.360939e+00  2.800000e+00
     vertex  3.760369e+01  4.329432e+00 -3.500000e+00
     vertex  3.761775e+01  4.360939e+00 -3.500000e+00
   endloop
 endfacet
 facet normal  9.131779e-01 -4.075612e-01  0.000000e+00
   outer loop
     vertex  3.761775e+01  4.360939e+00  2.800000e+00
     vertex  3.760369e+01  4.329432e+00  2.800000e+00
     vertex  3.760369e+01  4.329432e+00 -3.500000e+00
   endloop
 endfacet
 facet normal  9.018065e-01 -4.321400e-01  0.000000e+00
   outer loop
     vertex  3.763266e+01  4.392053e+00  2.800000e+00
     vertex  3.761775e+01  4.360939e+00 -3.500000e+00
     vertex  3.763266e+01  4.392053e+00 -3.500000e+00
   endloop
 endfacet
 facet normal  9.018065e-01 -4.321400e-01  0.000000e+00
   outer loop
     vertex  3.763266e+01  4.392053e+00  2.800000e+00
     vertex  3.761775e+01  4.360939e+00  2.800000e+00
     vertex  3.761775e+01  4.360939e+00 -3.500000e+00
   endloop
 endfacet
 facet normal  8.897737e-01 -4.564019e-01  0.000000e+00
   outer loop
     vertex  3.764841e+01  4.422752e+00  2.800000e+00
     vertex  3.763266e+01  4.392053e+00 -3.500000e+00
     vertex  3.764841e+01  4.422752e+00 -3.500000e+00
   endloop
 endfacet
 facet normal  8.897737e-01 -4.564019e-01  0.000000e+00
   outer loop
     vertex  3.764841e+01  4.422752e+00  2.800000e+00
     vertex  3.763266e+01  4.392053e+00  2.800000e+00
     vertex  3.763266e+01  4.392053e+00 -3.500000e+00
   endloop
 endfacet
 facet normal  8.770884e-01 -4.803291e-01  0.000000e+00
   outer loop
     vertex  3.766498e+01  4.453014e+00  2.800000e+00
     vertex  3.764841e+01  4.422752e+00 -3.500000e+00
     vertex  3.766498e+01  4.453014e+00 -3.500000e+00
   endloop
 endfacet
 facet normal  8.770884e-01 -4.803291e-01  0.000000e+00
   outer loop
     vertex  3.766498e+01  4.453014e+00  2.800000e+00
     vertex  3.764841e+01  4.422752e+00  2.800000e+00
     vertex  3.764841e+01  4.422752e+00 -3.500000e+00
   endloop
 endfacet
 facet normal  8.637597e-01 -5.039039e-01  0.000000e+00
   outer loop
     vertex  3.768236e+01  4.482816e+00  2.800000e+00
     vertex  3.766498e+01  4.453014e+00  2.800000e+00
     vertex  3.766498e+01  4.453014e+00 -3.500000e+00
   endloop
 endfacet
 facet normal  8.637597e-01 -5.039039e-01  0.000000e+00
   outer loop
     vertex  3.768236e+01  4.482816e+00  2.800000e+00
     vertex  3.766498e+01  4.453014e+00 -3.500000e+00
     vertex  3.768236e+01  4.482816e+00 -3.500000e+00
   endloop
 endfacet
 facet normal  8.497975e-01 -5.271092e-01  0.000000e+00
   outer loop
     vertex  3.770055e+01  4.512136e+00  2.800000e+00
     vertex  3.768236e+01  4.482816e+00  2.800000e+00
     vertex  3.768236e+01  4.482816e+00 -3.500000e+00
   endloop
 endfacet
 facet normal  8.352121e-01 -5.499279e-01  0.000000e+00
   outer loop
     vertex  3.770055e+01  4.512136e+00  2.800000e+00
     vertex  3.770055e+01  4.512136e+00 -3.500000e+00
     vertex  3.771952e+01  4.540952e+00 -3.500000e+00
   endloop
 endfacet
 facet normal  8.497975e-01 -5.271092e-01  0.000000e+00
   outer loop
     vertex  3.770055e+01  4.512136e+00  2.800000e+00
     vertex  3.768236e+01  4.482816e+00 -3.500000e+00
     vertex  3.770055e+01  4.512136e+00 -3.500000e+00
   endloop
 endfacet
 facet normal  8.352121e-01 -5.499279e-01  0.000000e+00
   outer loop
     vertex  3.771952e+01  4.540952e+00  2.800000e+00
     vertex  3.770055e+01  4.512136e+00  2.800000e+00
     vertex  3.771952e+01  4.540952e+00 -3.500000e+00
   endloop
 endfacet
 facet normal  8.200141e-01 -5.723433e-01  0.000000e+00
   outer loop
     vertex  3.773927e+01  4.569245e+00  2.800000e+00
     vertex  3.771952e+01  4.540952e+00  2.800000e+00
     vertex  3.771952e+01  4.540952e+00 -3.500000e+00
   endloop
 endfacet
 facet normal  8.042147e-01 -5.943389e-01  0.000000e+00
   outer loop
     vertex  3.773927e+01  4.569245e+00  2.800000e+00
     vertex  3.773927e+01  4.569245e+00 -3.500000e+00
     vertex  3.775978e+01  4.596992e+00 -3.500000e+00
   endloop
 endfacet
 facet normal  8.200141e-01 -5.723433e-01  0.000000e+00
   outer loop
     vertex  3.773927e+01  4.569245e+00  2.800000e+00
     vertex  3.771952e+01  4.540952e+00 -3.500000e+00
     vertex  3.773927e+01  4.569245e+00 -3.500000e+00
   endloop
 endfacet
 facet normal  8.042147e-01 -5.943389e-01  0.000000e+00
   outer loop
     vertex  3.775978e+01  4.596992e+00  2.800000e+00
     vertex  3.773927e+01  4.569245e+00  2.800000e+00
     vertex  3.775978e+01  4.596992e+00 -3.500000e+00
   endloop
 endfacet
 facet normal  7.878255e-01 -6.158986e-01  0.000000e+00
   outer loop
     vertex  3.778103e+01  4.624174e+00  2.800000e+00
     vertex  3.775978e+01  4.596992e+00  2.800000e+00
     vertex  3.775978e+01  4.596992e+00 -3.500000e+00
   endloop
 endfacet
 facet normal  7.878255e-01 -6.158986e-01  0.000000e+00
   outer loop
     vertex  3.778103e+01  4.624174e+00  2.800000e+00
     vertex  3.775978e+01  4.596992e+00 -3.500000e+00
     vertex  3.778103e+01  4.624174e+00 -3.500000e+00
   endloop
 endfacet
 facet normal  7.708584e-01 -6.370065e-01  0.000000e+00
   outer loop
     vertex  3.780301e+01  4.650770e+00  2.800000e+00
     vertex  3.778103e+01  4.624174e+00  2.800000e+00
     vertex  3.778103e+01  4.624174e+00 -3.500000e+00
   endloop
 endfacet
 facet normal  7.533260e-01 -6.576473e-01  0.000000e+00
   outer loop
     vertex  3.780301e+01  4.650770e+00  2.800000e+00
     vertex  3.780301e+01  4.650770e+00 -3.500000e+00
     vertex  3.782570e+01  4.676762e+00 -3.500000e+00
   endloop
 endfacet
 facet normal  7.708584e-01 -6.370065e-01  0.000000e+00
   outer loop
     vertex  3.780301e+01  4.650770e+00  2.800000e+00
     vertex  3.778103e+01  4.624174e+00 -3.500000e+00
     vertex  3.780301e+01  4.650770e+00 -3.500000e+00
   endloop
 endfacet
 facet normal  7.533260e-01 -6.576473e-01  0.000000e+00
   outer loop
     vertex  3.782570e+01  4.676762e+00  2.800000e+00
     vertex  3.780301e+01  4.650770e+00  2.800000e+00
     vertex  3.782570e+01  4.676762e+00 -3.500000e+00
   endloop
 endfacet
 facet normal  7.352410e-01 -6.778058e-01  0.000000e+00
   outer loop
     vertex  3.784908e+01  4.702129e+00  2.800000e+00
     vertex  3.782570e+01  4.676762e+00  2.800000e+00
     vertex  3.782570e+01  4.676762e+00 -3.500000e+00
   endloop
 endfacet
 facet normal  7.166168e-01 -6.974671e-01  0.000000e+00
   outer loop
     vertex  3.784908e+01  4.702129e+00  2.800000e+00
     vertex  3.784908e+01  4.702129e+00 -3.500000e+00
     vertex  3.787315e+01  4.726854e+00 -3.500000e+00
   endloop
 endfacet
 facet normal  7.352410e-01 -6.778058e-01  0.000000e+00
   outer loop
     vertex  3.784908e+01  4.702129e+00  2.800000e+00
     vertex  3.782570e+01  4.676762e+00 -3.500000e+00
     vertex  3.784908e+01  4.702129e+00 -3.500000e+00
   endloop
 endfacet
 facet normal  7.166168e-01 -6.974671e-01  0.000000e+00
   outer loop
     vertex  3.787315e+01  4.726854e+00  2.800000e+00
     vertex  3.784908e+01  4.702129e+00  2.800000e+00
     vertex  3.787315e+01  4.726854e+00 -3.500000e+00
   endloop
 endfacet
 facet normal  6.778058e-01 -7.352410e-01  0.000000e+00
   outer loop
     vertex  3.789787e+01  4.750918e+00  2.800000e+00
     vertex  3.789787e+01  4.750918e+00 -3.500000e+00
     vertex  3.792324e+01  4.774304e+00 -3.500000e+00
   endloop
 endfacet
 facet normal  6.974671e-01 -7.166168e-01  0.000000e+00
   outer loop
     vertex  3.789787e+01  4.750918e+00  2.800000e+00
     vertex  3.787315e+01  4.726854e+00 -3.500000e+00
     vertex  3.789787e+01  4.750918e+00 -3.500000e+00
   endloop
 endfacet
 facet normal  6.974671e-01 -7.166168e-01  0.000000e+00
   outer loop
     vertex  3.789787e+01  4.750918e+00  2.800000e+00
     vertex  3.787315e+01  4.726854e+00  2.800000e+00
     vertex  3.787315e+01  4.726854e+00 -3.500000e+00
   endloop
 endfacet
 facet normal  6.576473e-01 -7.533260e-01  0.000000e+00
   outer loop
     vertex  3.792324e+01  4.774304e+00  2.800000e+00
     vertex  3.792324e+01  4.774304e+00 -3.500000e+00
     vertex  3.794923e+01  4.796994e+00 -3.500000e+00
   endloop
 endfacet
 facet normal  6.778058e-01 -7.352410e-01  0.000000e+00
   outer loop
     vertex  3.792324e+01  4.774304e+00  2.800000e+00
     vertex  3.789787e+01  4.750918e+00  2.800000e+00
     vertex  3.792324e+01  4.774304e+00 -3.500000e+00
   endloop
 endfacet
 facet normal  6.576473e-01 -7.533260e-01  0.000000e+00
   outer loop
     vertex  3.794923e+01  4.796994e+00  2.800000e+00
     vertex  3.792324e+01  4.774304e+00  2.800000e+00
     vertex  3.794923e+01  4.796994e+00 -3.500000e+00
   endloop
 endfacet
 facet normal  6.370065e-01 -7.708584e-01  0.000000e+00
   outer loop
     vertex  3.797583e+01  4.818973e+00  2.800000e+00
     vertex  3.794923e+01  4.796994e+00 -3.500000e+00
     vertex  3.797583e+01  4.818973e+00 -3.500000e+00
   endloop
 endfacet
 facet normal  6.370065e-01 -7.708584e-01  0.000000e+00
   outer loop
     vertex  3.797583e+01  4.818973e+00  2.800000e+00
     vertex  3.794923e+01  4.796994e+00  2.800000e+00
     vertex  3.794923e+01  4.796994e+00 -3.500000e+00
   endloop
 endfacet
 facet normal  6.158986e-01 -7.878255e-01  0.000000e+00
   outer loop
     vertex  3.800301e+01  4.840223e+00  2.800000e+00
     vertex  3.797583e+01  4.818973e+00 -3.500000e+00
     vertex  3.800301e+01  4.840223e+00 -3.500000e+00
   endloop
 endfacet
 facet normal  6.158986e-01 -7.878255e-01  0.000000e+00
   outer loop
     vertex  3.800301e+01  4.840223e+00  2.800000e+00
     vertex  3.797583e+01  4.818973e+00  2.800000e+00
     vertex  3.797583e+01  4.818973e+00 -3.500000e+00
   endloop
 endfacet
 facet normal  5.943389e-01 -8.042147e-01  0.000000e+00
   outer loop
     vertex  3.803076e+01  4.860729e+00  2.800000e+00
     vertex  3.800301e+01  4.840223e+00 -3.500000e+00
     vertex  3.803076e+01  4.860729e+00 -3.500000e+00
   endloop
 endfacet
 facet normal  5.943389e-01 -8.042147e-01  0.000000e+00
   outer loop
     vertex  3.803076e+01  4.860729e+00  2.800000e+00
     vertex  3.800301e+01  4.840223e+00  2.800000e+00
     vertex  3.800301e+01  4.840223e+00 -3.500000e+00
   endloop
 endfacet
 facet normal  5.723433e-01 -8.200141e-01  0.000000e+00
   outer loop
     vertex  3.805905e+01  4.880476e+00  2.800000e+00
     vertex  3.803076e+01  4.860729e+00 -3.500000e+00
     vertex  3.805905e+01  4.880476e+00 -3.500000e+00
   endloop
 endfacet
 facet normal  5.723433e-01 -8.200141e-01  0.000000e+00
   outer loop
     vertex  3.805905e+01  4.880476e+00  2.800000e+00
     vertex  3.803076e+01  4.860729e+00  2.800000e+00
     vertex  3.803076e+01  4.860729e+00 -3.500000e+00
   endloop
 endfacet
 facet normal  5.499279e-01 -8.352121e-01  0.000000e+00
   outer loop
     vertex  3.808786e+01  4.899450e+00  2.800000e+00
     vertex  3.805905e+01  4.880476e+00 -3.500000e+00
     vertex  3.808786e+01  4.899450e+00 -3.500000e+00
   endloop
 endfacet
 facet normal  5.499279e-01 -8.352121e-01  0.000000e+00
   outer loop
     vertex  3.808786e+01  4.899450e+00  2.800000e+00
     vertex  3.805905e+01  4.880476e+00  2.800000e+00
     vertex  3.805905e+01  4.880476e+00 -3.500000e+00
   endloop
 endfacet
 facet normal  5.039039e-01 -8.637597e-01  0.000000e+00
   outer loop
     vertex  3.811718e+01  4.917636e+00  2.800000e+00
     vertex  3.811718e+01  4.917636e+00 -3.500000e+00
     vertex  3.814699e+01  4.935022e+00 -3.500000e+00
   endloop
 endfacet
 facet normal  5.271092e-01 -8.497975e-01  0.000000e+00
   outer loop
     vertex  3.811718e+01  4.917636e+00  2.800000e+00
     vertex  3.808786e+01  4.899450e+00 -3.500000e+00
     vertex  3.811718e+01  4.917636e+00 -3.500000e+00
   endloop
 endfacet
 facet normal  5.271092e-01 -8.497975e-01  0.000000e+00
   outer loop
     vertex  3.811718e+01  4.917636e+00  2.800000e+00
     vertex  3.808786e+01  4.899450e+00  2.800000e+00
     vertex  3.808786e+01  4.899450e+00 -3.500000e+00
   endloop
 endfacet
 facet normal  5.039039e-01 -8.637597e-01  0.000000e+00
   outer loop
     vertex  3.814699e+01  4.935022e+00  2.800000e+00
     vertex  3.811718e+01  4.917636e+00  2.800000e+00
     vertex  3.814699e+01  4.935022e+00 -3.500000e+00
   endloop
 endfacet
 facet normal  4.803291e-01 -8.770884e-01  0.000000e+00
   outer loop
     vertex  3.817725e+01  4.951594e+00  2.800000e+00
     vertex  3.814699e+01  4.935022e+00 -3.500000e+00
     vertex  3.817725e+01  4.951594e+00 -3.500000e+00
   endloop
 endfacet
 facet normal  4.803291e-01 -8.770884e-01  0.000000e+00
   outer loop
     vertex  3.817725e+01  4.951594e+00  2.800000e+00
     vertex  3.814699e+01  4.935022e+00  2.800000e+00
     vertex  3.814699e+01  4.935022e+00 -3.500000e+00
   endloop
 endfacet
 facet normal  4.564019e-01 -8.897737e-01  0.000000e+00
   outer loop
     vertex  3.820795e+01  4.967341e+00  2.800000e+00
     vertex  3.817725e+01  4.951594e+00 -3.500000e+00
     vertex  3.820795e+01  4.967341e+00 -3.500000e+00
   endloop
 endfacet
 facet normal  4.564019e-01 -8.897737e-01  0.000000e+00
   outer loop
     vertex  3.820795e+01  4.967341e+00  2.800000e+00
     vertex  3.817725e+01  4.951594e+00  2.800000e+00
     vertex  3.817725e+01  4.951594e+00 -3.500000e+00
   endloop
 endfacet
 facet normal  4.075612e-01 -9.131779e-01  0.000000e+00
   outer loop
     vertex  3.823906e+01  4.982251e+00  2.800000e+00
     vertex  3.823906e+01  4.982251e+00 -3.500000e+00
     vertex  3.827057e+01  4.996313e+00 -3.500000e+00
   endloop
 endfacet
 facet normal  4.321400e-01 -9.018065e-01  0.000000e+00
   outer loop
     vertex  3.823906e+01  4.982251e+00  2.800000e+00
     vertex  3.820795e+01  4.967341e+00 -3.500000e+00
     vertex  3.823906e+01  4.982251e+00 -3.500000e+00
   endloop
 endfacet
 facet normal  4.321400e-01 -9.018065e-01  0.000000e+00
   outer loop
     vertex  3.823906e+01  4.982251e+00  2.800000e+00
     vertex  3.820795e+01  4.967341e+00  2.800000e+00
     vertex  3.820795e+01  4.967341e+00 -3.500000e+00
   endloop
 endfacet
 facet normal  3.826834e-01 -9.238795e-01  0.000000e+00
   outer loop
     vertex  3.827057e+01  4.996313e+00  2.800000e+00
     vertex  3.827057e+01  4.996313e+00 -3.500000e+00
     vertex  3.830244e+01  5.009516e+00 -3.500000e+00
   endloop
 endfacet
 facet normal  4.075612e-01 -9.131779e-01  0.000000e+00
   outer loop
     vertex  3.827057e+01  4.996313e+00  2.800000e+00
     vertex  3.823906e+01  4.982251e+00  2.800000e+00
     vertex  3.827057e+01  4.996313e+00 -3.500000e+00
   endloop
 endfacet
 facet normal  3.826834e-01 -9.238795e-01  0.000000e+00
   outer loop
     vertex  3.830244e+01  5.009516e+00  2.800000e+00
     vertex  3.827057e+01  4.996313e+00  2.800000e+00
     vertex  3.830244e+01  5.009516e+00 -3.500000e+00
   endloop
 endfacet
 facet normal  3.321044e-01 -9.432426e-01  0.000000e+00
   outer loop
     vertex  3.833467e+01  5.021852e+00  2.800000e+00
     vertex  3.833467e+01  5.021852e+00 -3.500000e+00
     vertex  3.836721e+01  5.033310e+00 -3.500000e+00
   endloop
 endfacet
 facet normal  3.575250e-01 -9.339036e-01  0.000000e+00
   outer loop
     vertex  3.833467e+01  5.021852e+00  2.800000e+00
     vertex  3.830244e+01  5.009516e+00 -3.500000e+00
     vertex  3.833467e+01  5.021852e+00 -3.500000e+00
   endloop
 endfacet
 facet normal  3.575250e-01 -9.339036e-01  0.000000e+00
   outer loop
     vertex  3.833467e+01  5.021852e+00  2.800000e+00
     vertex  3.830244e+01  5.009516e+00  2.800000e+00
     vertex  3.830244e+01  5.009516e+00 -3.500000e+00
   endloop
 endfacet
 facet normal  3.321044e-01 -9.432426e-01  0.000000e+00
   outer loop
     vertex  3.836721e+01  5.033310e+00  2.800000e+00
     vertex  3.833467e+01  5.021852e+00  2.800000e+00
     vertex  3.836721e+01  5.033310e+00 -3.500000e+00
   endloop
 endfacet
 facet normal  3.064401e-01 -9.518899e-01  0.000000e+00
   outer loop
     vertex  3.840005e+01  5.043883e+00  2.800000e+00
     vertex  3.836721e+01  5.033310e+00  2.800000e+00
     vertex  3.836721e+01  5.033310e+00 -3.500000e+00
   endloop
 endfacet
 facet normal  3.064401e-01 -9.518899e-01  0.000000e+00
   outer loop
     vertex  3.840005e+01  5.043883e+00  2.800000e+00
     vertex  3.836721e+01  5.033310e+00 -3.500000e+00
     vertex  3.840005e+01  5.043883e+00 -3.500000e+00
   endloop
 endfacet
 facet normal  2.805512e-01 -9.598391e-01  0.000000e+00
   outer loop
     vertex  3.843317e+01  5.053563e+00  2.800000e+00
     vertex  3.840005e+01  5.043883e+00 -3.500000e+00
     vertex  3.843317e+01  5.053563e+00 -3.500000e+00
   endloop
 endfacet
 facet normal  2.805512e-01 -9.598391e-01  0.000000e+00
   outer loop
     vertex  3.843317e+01  5.053563e+00  2.800000e+00
     vertex  3.840005e+01  5.043883e+00  2.800000e+00
     vertex  3.840005e+01  5.043883e+00 -3.500000e+00
   endloop
 endfacet
 facet normal  2.544564e-01 -9.670842e-01  0.000000e+00
   outer loop
     vertex  3.846654e+01  5.062342e+00  2.800000e+00
     vertex  3.843317e+01  5.053563e+00  2.800000e+00
     vertex  3.843317e+01  5.053563e+00 -3.500000e+00
   endloop
 endfacet
 facet normal  2.281751e-01 -9.736201e-01  0.000000e+00
   outer loop
     vertex  3.846654e+01  5.062342e+00  2.800000e+00
     vertex  3.846654e+01  5.062342e+00 -3.500000e+00
     vertex  3.850013e+01  5.070215e+00 -3.500000e+00
   endloop
 endfacet
 facet normal  2.544564e-01 -9.670842e-01  0.000000e+00
   outer loop
     vertex  3.846654e+01  5.062342e+00  2.800000e+00
     vertex  3.843317e+01  5.053563e+00 -3.500000e+00
     vertex  3.846654e+01  5.062342e+00 -3.500000e+00
   endloop
 endfacet
 facet normal  2.281751e-01 -9.736201e-01  0.000000e+00
   outer loop
     vertex  3.850013e+01  5.070215e+00  2.800000e+00
     vertex  3.846654e+01  5.062342e+00  2.800000e+00
     vertex  3.850013e+01  5.070215e+00 -3.500000e+00
   endloop
 endfacet
 facet normal  2.017264e-01 -9.794419e-01  0.000000e+00
   outer loop
     vertex  3.853392e+01  5.077175e+00  2.800000e+00
     vertex  3.850013e+01  5.070215e+00 -3.500000e+00
     vertex  3.853392e+01  5.077175e+00 -3.500000e+00
   endloop
 endfacet
 facet normal  2.017264e-01 -9.794419e-01  0.000000e+00
   outer loop
     vertex  3.853392e+01  5.077175e+00  2.800000e+00
     vertex  3.850013e+01  5.070215e+00  2.800000e+00
     vertex  3.850013e+01  5.070215e+00 -3.500000e+00
   endloop
 endfacet
 facet normal  1.484046e-01 -9.889267e-01  0.000000e+00
   outer loop
     vertex  3.856789e+01  5.083217e+00  2.800000e+00
     vertex  3.856789e+01  5.083217e+00 -3.500000e+00
     vertex  3.860201e+01  5.088337e+00 -3.500000e+00
   endloop
 endfacet
 facet normal  1.751297e-01 -9.845454e-01  0.000000e+00
   outer loop
     vertex  3.856789e+01  5.083217e+00  2.800000e+00
     vertex  3.853392e+01  5.077175e+00 -3.500000e+00
     vertex  3.856789e+01  5.083217e+00 -3.500000e+00
   endloop
 endfacet
 facet normal  1.751297e-01 -9.845454e-01  0.000000e+00
   outer loop
     vertex  3.856789e+01  5.083217e+00  2.800000e+00
     vertex  3.853392e+01  5.077175e+00  2.800000e+00
     vertex  3.853392e+01  5.077175e+00 -3.500000e+00
   endloop
 endfacet
 facet normal  1.484046e-01 -9.889267e-01  0.000000e+00
   outer loop
     vertex  3.860201e+01  5.088337e+00  2.800000e+00
     vertex  3.856789e+01  5.083217e+00  2.800000e+00
     vertex  3.860201e+01  5.088337e+00 -3.500000e+00
   endloop
 endfacet
 facet normal  1.215707e-01 -9.925828e-01  0.000000e+00
   outer loop
     vertex  3.863626e+01  5.092532e+00  2.800000e+00
     vertex  3.860201e+01  5.088337e+00 -3.500000e+00
     vertex  3.863626e+01  5.092532e+00 -3.500000e+00
   endloop
 endfacet
 facet normal  1.215707e-01 -9.925828e-01  0.000000e+00
   outer loop
     vertex  3.863626e+01  5.092532e+00  2.800000e+00
     vertex  3.860201e+01  5.088337e+00  2.800000e+00
     vertex  3.860201e+01  5.088337e+00 -3.500000e+00
   endloop
 endfacet
 facet normal  9.464755e-02 -9.955108e-01  0.000000e+00
   outer loop
     vertex  3.867060e+01  5.095797e+00  2.800000e+00
     vertex  3.863626e+01  5.092532e+00 -3.500000e+00
     vertex  3.867060e+01  5.095797e+00 -3.500000e+00
   endloop
 endfacet
 facet normal  9.464755e-02 -9.955108e-01  0.000000e+00
   outer loop
     vertex  3.867060e+01  5.095797e+00  2.800000e+00
     vertex  3.863626e+01  5.092532e+00  2.800000e+00
     vertex  3.863626e+01  5.092532e+00 -3.500000e+00
   endloop
 endfacet
 facet normal  6.765502e-02 -9.977088e-01  0.000000e+00
   outer loop
     vertex  3.870503e+01  5.098132e+00  2.800000e+00
     vertex  3.867060e+01  5.095797e+00 -3.500000e+00
     vertex  3.870503e+01  5.098132e+00 -3.500000e+00
   endloop
 endfacet
 facet normal  6.765502e-02 -9.977088e-01  0.000000e+00
   outer loop
     vertex  3.870503e+01  5.098132e+00  2.800000e+00
     vertex  3.867060e+01  5.095797e+00  2.800000e+00
     vertex  3.867060e+01  5.095797e+00 -3.500000e+00
   endloop
 endfacet
 facet normal  4.061287e-02 -9.991750e-01  0.000000e+00
   outer loop
     vertex  3.873950e+01  5.099533e+00  2.800000e+00
     vertex  3.870503e+01  5.098132e+00 -3.500000e+00
     vertex  3.873950e+01  5.099533e+00 -3.500000e+00
   endloop
 endfacet
 facet normal  4.061287e-02 -9.991750e-01  0.000000e+00
   outer loop
     vertex  3.873950e+01  5.099533e+00  2.800000e+00
     vertex  3.870503e+01  5.098132e+00  2.800000e+00
     vertex  3.870503e+01  5.098132e+00 -3.500000e+00
   endloop
 endfacet
 facet normal  1.354093e-02 -9.999083e-01  0.000000e+00
   outer loop
     vertex  3.877400e+01  5.100000e+00  2.800000e+00
     vertex  3.873950e+01  5.099533e+00 -3.500000e+00
     vertex  3.877400e+01  5.100000e+00 -3.500000e+00
   endloop
 endfacet
 facet normal  1.354093e-02 -9.999083e-01  0.000000e+00
   outer loop
     vertex  3.877400e+01  5.100000e+00  2.800000e+00
     vertex  3.873950e+01  5.099533e+00  2.800000e+00
     vertex  3.873950e+01  5.099533e+00 -3.500000e+00
   endloop
 endfacet
 facet normal  1.000000e+00  0.000000e+00  0.000000e+00
   outer loop
     vertex  3.750000e+01  3.774000e+00  2.800000e+00
     vertex  3.750000e+01  3.774000e+00 -3.500000e+00
     vertex  3.750000e+01  3.826000e+00 -3.500000e+00
   endloop
 endfacet
 facet normal  1.000000e+00 -0.000000e+00  0.000000e+00
   outer loop
     vertex  3.750000e+01  3.774000e+00  2.800000e+00
     vertex  3.750000e+01  3.826000e+00 -3.500000e+00
     vertex  3.750000e+01  3.826000e+00  2.800000e+00
   endloop
 endfacet
 facet normal  0.000000e+00  0.000000e+00  1.000000e+00
   outer loop
     vertex -3.000000e-01 -8.430000e+01  1.790000e+00
     vertex -3.000000e-01 -8.490000e+01  1.790000e+00
     vertex -2.391564e-01 -8.494445e+01  1.790000e+00
   endloop
 endfacet
 facet normal  0.000000e+00  0.000000e+00  1.000000e+00
   outer loop
     vertex -3.000000e-01 -8.430000e+01  1.790000e+00
     vertex -2.391564e-01 -8.494445e+01  1.790000e+00
     vertex -1.772157e-01 -8.498736e+01  1.790000e+00
   endloop
 endfacet
 facet normal  0.000000e+00  0.000000e+00  1.000000e+00
   outer loop
     vertex -3.000000e-01 -8.430000e+01  1.790000e+00
     vertex -1.772157e-01 -8.498736e+01  1.790000e+00
     vertex -1.142169e-01 -8.502870e+01  1.790000e+00
   endloop
 endfacet
 facet normal  0.000000e+00  0.000000e+00  1.000000e+00
   outer loop
     vertex -3.000000e-01 -8.430000e+01  1.790000e+00
     vertex -1.142169e-01 -8.502870e+01  1.790000e+00
     vertex -5.019975e-02 -8.506844e+01  1.790000e+00
   endloop
 endfacet
 facet normal  0.000000e+00  0.000000e+00  1.000000e+00
   outer loop
     vertex -3.000000e-01 -8.430000e+01  1.790000e+00
     vertex -5.019975e-02 -8.506844e+01  1.790000e+00
     vertex  1.479535e-02 -8.510656e+01  1.790000e+00
   endloop
 endfacet
 facet normal  0.000000e+00  0.000000e+00  1.000000e+00
   outer loop
     vertex -3.000000e-01 -8.430000e+01  1.790000e+00
     vertex  1.479535e-02 -8.510656e+01  1.790000e+00
     vertex  8.072742e-02 -8.514304e+01  1.790000e+00
   endloop
 endfacet
 facet normal  0.000000e+00  0.000000e+00  1.000000e+00
   outer loop
     vertex -3.000000e-01 -8.430000e+01  1.790000e+00
     vertex  8.072742e-02 -8.514304e+01  1.790000e+00
     vertex  1.475548e-01 -8.517785e+01  1.790000e+00
   endloop
 endfacet
 facet normal  0.000000e+00  0.000000e+00  1.000000e+00
   outer loop
     vertex -3.000000e-01 -8.430000e+01  1.790000e+00
     vertex  1.475548e-01 -8.517785e+01  1.790000e+00
     vertex  2.152355e-01 -8.521097e+01  1.790000e+00
   endloop
 endfacet
 facet normal  0.000000e+00  0.000000e+00  1.000000e+00
   outer loop
     vertex -3.000000e-01 -8.430000e+01  1.790000e+00
     vertex  2.152355e-01 -8.521097e+01  1.790000e+00
     vertex  2.837266e-01 -8.524239e+01  1.790000e+00
   endloop
 endfacet
 facet normal  0.000000e+00  0.000000e+00  1.000000e+00
   outer loop
     vertex -3.000000e-01 -8.430000e+01  1.790000e+00
     vertex  2.837266e-01 -8.524239e+01  1.790000e+00
     vertex  3.529850e-01 -8.527207e+01  1.790000e+00
   endloop
 endfacet
 facet normal  0.000000e+00  0.000000e+00  1.000000e+00
   outer loop
     vertex -3.000000e-01 -8.430000e+01  1.790000e+00
     vertex  3.529850e-01 -8.527207e+01  1.790000e+00
     vertex  4.229670e-01 -8.530000e+01  1.790000e+00
   endloop
 endfacet
 facet normal  0.000000e+00  0.000000e+00  1.000000e+00
   outer loop
     vertex  9.057703e+01 -8.530000e+01  1.790000e+00
     vertex -3.000000e-01 -8.430000e+01  1.790000e+00
     vertex  4.229670e-01 -8.530000e+01  1.790000e+00
   endloop
 endfacet
 facet normal  0.000000e+00  0.000000e+00  1.000000e+00
   outer loop
     vertex  9.130000e+01 -8.430000e+01  1.790000e+00
     vertex  9.057703e+01 -8.530000e+01  1.790000e+00
     vertex  9.064701e+01 -8.527207e+01  1.790000e+00
   endloop
 endfacet
 facet normal  0.000000e+00  0.000000e+00  1.000000e+00
   outer loop
     vertex  9.130000e+01 -8.430000e+01  1.790000e+00
     vertex  9.064701e+01 -8.527207e+01  1.790000e+00
     vertex  9.071627e+01 -8.524239e+01  1.790000e+00
   endloop
 endfacet
 facet normal  0.000000e+00  0.000000e+00  1.000000e+00
   outer loop
     vertex  9.130000e+01 -8.430000e+01  1.790000e+00
     vertex  9.071627e+01 -8.524239e+01  1.790000e+00
     vertex  9.078476e+01 -8.521097e+01  1.790000e+00
   endloop
 endfacet
 facet normal  0.000000e+00  0.000000e+00  1.000000e+00
   outer loop
     vertex  9.130000e+01 -8.430000e+01  1.790000e+00
     vertex  9.078476e+01 -8.521097e+01  1.790000e+00
     vertex  9.085245e+01 -8.517785e+01  1.790000e+00
   endloop
 endfacet
 facet normal  0.000000e+00  0.000000e+00  1.000000e+00
   outer loop
     vertex  9.130000e+01 -8.430000e+01  1.790000e+00
     vertex  9.085245e+01 -8.517785e+01  1.790000e+00
     vertex  9.091927e+01 -8.514304e+01  1.790000e+00
   endloop
 endfacet
 facet normal  0.000000e+00  0.000000e+00  1.000000e+00
   outer loop
     vertex  9.130000e+01 -8.430000e+01  1.790000e+00
     vertex  9.091927e+01 -8.514304e+01  1.790000e+00
     vertex  9.098520e+01 -8.510656e+01  1.790000e+00
   endloop
 endfacet
 facet normal  0.000000e+00  0.000000e+00  1.000000e+00
   outer loop
     vertex  9.130000e+01 -8.430000e+01  1.790000e+00
     vertex  9.098520e+01 -8.510656e+01  1.790000e+00
     vertex  9.105020e+01 -8.506844e+01  1.790000e+00
   endloop
 endfacet
 facet normal  0.000000e+00  0.000000e+00  1.000000e+00
   outer loop
     vertex  9.130000e+01 -8.430000e+01  1.790000e+00
     vertex  9.105020e+01 -8.506844e+01  1.790000e+00
     vertex  9.111422e+01 -8.502870e+01  1.790000e+00
   endloop
 endfacet
 facet normal  0.000000e+00  0.000000e+00  1.000000e+00
   outer loop
     vertex  9.130000e+01 -8.430000e+01  1.790000e+00
     vertex  9.111422e+01 -8.502870e+01  1.790000e+00
     vertex  9.117722e+01 -8.498736e+01  1.790000e+00
   endloop
 endfacet
 facet normal  0.000000e+00  0.000000e+00  1.000000e+00
   outer loop
     vertex  9.130000e+01 -8.430000e+01  1.790000e+00
     vertex  9.117722e+01 -8.498736e+01  1.790000e+00
     vertex  9.123916e+01 -8.494445e+01  1.790000e+00
   endloop
 endfacet
 facet normal  0.000000e+00  0.000000e+00  1.000000e+00
   outer loop
     vertex  9.130000e+01 -8.430000e+01  1.790000e+00
     vertex  9.123916e+01 -8.494445e+01  1.790000e+00
     vertex  9.130000e+01 -8.490000e+01  1.790000e+00
   endloop
 endfacet
 facet normal  0.000000e+00  0.000000e+00  1.000000e+00
   outer loop
     vertex  9.130000e+01 -8.430000e+01  1.790000e+00
     vertex -3.000000e-01 -8.430000e+01  1.790000e+00
     vertex  9.057703e+01 -8.530000e+01  1.790000e+00
   endloop
 endfacet
 facet normal  0.000000e+00  1.000000e+00  0.000000e+00
   outer loop
     vertex  9.057703e+01 -8.530000e+01  2.200000e+00
     vertex  9.057703e+01 -8.530000e+01  1.790000e+00
     vertex  4.229670e-01 -8.530000e+01  1.790000e+00
   endloop
 endfacet
 facet normal  0.000000e+00  1.000000e+00  0.000000e+00
   outer loop
     vertex  9.057703e+01 -8.530000e+01  2.200000e+00
     vertex  4.229670e-01 -8.530000e+01  1.790000e+00
     vertex  4.229670e-01 -8.530000e+01  2.200000e+00
   endloop
 endfacet
 facet normal  0.000000e+00  0.000000e+00 -1.000000e+00
   outer loop
     vertex  1.479535e-02 -8.510656e+01  2.200000e+00
     vertex -2.391564e-01 -8.494445e+01  2.200000e+00
     vertex -3.000000e-01 -8.490000e+01  2.200000e+00
   endloop
 endfacet
 facet normal  0.000000e+00  0.000000e+00 -1.000000e+00
   outer loop
     vertex  1.479535e-02 -8.510656e+01  2.200000e+00
     vertex -1.772157e-01 -8.498736e+01  2.200000e+00
     vertex -2.391564e-01 -8.494445e+01  2.200000e+00
   endloop
 endfacet
 facet normal  0.000000e+00  0.000000e+00 -1.000000e+00
   outer loop
     vertex  1.479535e-02 -8.510656e+01  2.200000e+00
     vertex -1.142169e-01 -8.502870e+01  2.200000e+00
     vertex -1.772157e-01 -8.498736e+01  2.200000e+00
   endloop
 endfacet
 facet normal  0.000000e+00  0.000000e+00 -1.000000e+00
   outer loop
     vertex  1.479535e-02 -8.510656e+01  2.200000e+00
     vertex -5.019975e-02 -8.506844e+01  2.200000e+00
     vertex -1.142169e-01 -8.502870e+01  2.200000e+00
   endloop
 endfacet
 facet normal  0.000000e+00  0.000000e+00 -1.000000e+00
   outer loop
     vertex  3.529850e-01 -8.527207e+01  2.200000e+00
     vertex  8.072742e-02 -8.514304e+01  2.200000e+00
     vertex  1.479535e-02 -8.510656e+01  2.200000e+00
   endloop
 endfacet
 facet normal  0.000000e+00  0.000000e+00 -1.000000e+00
   outer loop
     vertex  3.529850e-01 -8.527207e+01  2.200000e+00
     vertex  1.475548e-01 -8.517785e+01  2.200000e+00
     vertex  8.072742e-02 -8.514304e+01  2.200000e+00
   endloop
 endfacet
 facet normal  0.000000e+00  0.000000e+00 -1.000000e+00
   outer loop
     vertex  3.529850e-01 -8.527207e+01  2.200000e+00
     vertex  2.152355e-01 -8.521097e+01  2.200000e+00
     vertex  1.475548e-01 -8.517785e+01  2.200000e+00
   endloop
 endfacet
 facet normal  0.000000e+00  0.000000e+00 -1.000000e+00
   outer loop
     vertex  3.529850e-01 -8.527207e+01  2.200000e+00
     vertex  2.837266e-01 -8.524239e+01  2.200000e+00
     vertex  2.152355e-01 -8.521097e+01  2.200000e+00
   endloop
 endfacet
 facet normal  0.000000e+00  0.000000e+00 -1.000000e+00
   outer loop
     vertex  3.529850e-01 -8.527207e+01  2.200000e+00
     vertex  1.479535e-02 -8.510656e+01  2.200000e+00
     vertex -3.000000e-01 -8.490000e+01  2.200000e+00
   endloop
 endfacet
 facet normal  0.000000e+00  0.000000e+00 -1.000000e+00
   outer loop
     vertex  4.229670e-01 -8.530000e+01  2.200000e+00
     vertex  3.529850e-01 -8.527207e+01  2.200000e+00
     vertex -3.000000e-01 -8.490000e+01  2.200000e+00
   endloop
 endfacet
 facet normal  0.000000e+00  0.000000e+00 -1.000000e+00
   outer loop
     vertex -3.000000e-01 -7.750000e+01  2.200000e+00
     vertex  4.229670e-01 -8.530000e+01  2.200000e+00
     vertex -3.000000e-01 -8.490000e+01  2.200000e+00
   endloop
 endfacet
 facet normal  0.000000e+00  0.000000e+00 -1.000000e+00
   outer loop
     vertex  9.057703e+01 -8.530000e+01  2.200000e+00
     vertex  4.229670e-01 -8.530000e+01  2.200000e+00
     vertex -3.000000e-01 -7.750000e+01  2.200000e+00
   endloop
 endfacet
 facet normal  0.000000e+00  0.000000e+00 -1.000000e+00
   outer loop
     vertex  9.085245e+01 -8.517785e+01  2.200000e+00
     vertex  9.064701e+01 -8.527207e+01  2.200000e+00
     vertex  9.057703e+01 -8.530000e+01  2.200000e+00
   endloop
 endfacet
 facet normal  0.000000e+00  0.000000e+00 -1.000000e+00
   outer loop
     vertex  9.085245e+01 -8.517785e+01  2.200000e+00
     vertex  9.071627e+01 -8.524239e+01  2.200000e+00
     vertex  9.064701e+01 -8.527207e+01  2.200000e+00
   endloop
 endfacet
 facet normal  0.000000e+00  0.000000e+00 -1.000000e+00
   outer loop
     vertex  9.085245e+01 -8.517785e+01  2.200000e+00
     vertex  9.078476e+01 -8.521097e+01  2.200000e+00
     vertex  9.071627e+01 -8.524239e+01  2.200000e+00
   endloop
 endfacet
 facet normal  0.000000e+00  0.000000e+00 -1.000000e+00
   outer loop
     vertex  9.098520e+01 -8.510656e+01  2.200000e+00
     vertex  9.091927e+01 -8.514304e+01  2.200000e+00
     vertex  9.085245e+01 -8.517785e+01  2.200000e+00
   endloop
 endfacet
 facet normal  0.000000e+00  0.000000e+00 -1.000000e+00
   outer loop
     vertex  9.098520e+01 -8.510656e+01  2.200000e+00
     vertex  9.085245e+01 -8.517785e+01  2.200000e+00
     vertex  9.057703e+01 -8.530000e+01  2.200000e+00
   endloop
 endfacet
 facet normal  0.000000e+00  0.000000e+00 -1.000000e+00
   outer loop
     vertex  9.111422e+01 -8.502870e+01  2.200000e+00
     vertex  9.105020e+01 -8.506844e+01  2.200000e+00
     vertex  9.098520e+01 -8.510656e+01  2.200000e+00
   endloop
 endfacet
 facet normal  0.000000e+00  0.000000e+00 -1.000000e+00
   outer loop
     vertex  9.111422e+01 -8.502870e+01  2.200000e+00
     vertex  9.098520e+01 -8.510656e+01  2.200000e+00
     vertex  9.057703e+01 -8.530000e+01  2.200000e+00
   endloop
 endfacet
 facet normal  0.000000e+00  0.000000e+00 -1.000000e+00
   outer loop
     vertex  9.123916e+01 -8.494445e+01  2.200000e+00
     vertex  9.117722e+01 -8.498736e+01  2.200000e+00
     vertex  9.111422e+01 -8.502870e+01  2.200000e+00
   endloop
 endfacet
 facet normal  0.000000e+00  0.000000e+00 -1.000000e+00
   outer loop
     vertex  9.123916e+01 -8.494445e+01  2.200000e+00
     vertex  9.111422e+01 -8.502870e+01  2.200000e+00
     vertex  9.057703e+01 -8.530000e+01  2.200000e+00
   endloop
 endfacet
 facet normal  0.000000e+00  0.000000e+00 -1.000000e+00
   outer loop
     vertex  9.130000e+01 -8.490000e+01  2.200000e+00
     vertex  9.123916e+01 -8.494445e+01  2.200000e+00
     vertex  9.057703e+01 -8.530000e+01  2.200000e+00
   endloop
 endfacet
 facet normal -0.000000e+00  0.000000e+00 -1.000000e+00
   outer loop
     vertex  9.130000e+01 -7.750000e+01  2.200000e+00
     vertex  9.057703e+01 -8.530000e+01  2.200000e+00
     vertex -3.000000e-01 -7.750000e+01  2.200000e+00
   endloop
 endfacet
 facet normal  0.000000e+00 -0.000000e+00 -1.000000e+00
   outer loop
     vertex  9.130000e+01 -7.750000e+01  2.200000e+00
     vertex  9.130000e+01 -8.490000e+01  2.200000e+00
     vertex  9.057703e+01 -8.530000e+01  2.200000e+00
   endloop
 endfacet
 facet normal  1.000000e+00  0.000000e+00  0.000000e+00
   outer loop
     vertex -3.000000e-01 -8.430000e+01  1.800000e+00
     vertex -3.000000e-01 -7.750000e+01  1.800000e+00
     vertex -3.000000e-01 -7.750000e+01  2.200000e+00
   endloop
 endfacet
 facet normal  1.000000e+00  0.000000e+00  0.000000e+00
   outer loop
     vertex -3.000000e-01 -8.490000e+01  1.790000e+00
     vertex -3.000000e-01 -8.430000e+01  1.790000e+00
     vertex -3.000000e-01 -8.430000e+01  1.800000e+00
   endloop
 endfacet
 facet normal  1.000000e+00  0.000000e+00  0.000000e+00
   outer loop
     vertex -3.000000e-01 -8.490000e+01  2.200000e+00
     vertex -3.000000e-01 -8.490000e+01  1.790000e+00
     vertex -3.000000e-01 -8.430000e+01  1.800000e+00
   endloop
 endfacet
 facet normal  1.000000e+00  0.000000e+00  0.000000e+00
   outer loop
     vertex -3.000000e-01 -7.750000e+01  2.200000e+00
     vertex -3.000000e-01 -8.490000e+01  2.200000e+00
     vertex -3.000000e-01 -8.430000e+01  1.800000e+00
   endloop
 endfacet
 facet normal -1.000000e+00  0.000000e+00  0.000000e+00
   outer loop
     vertex  4.950000e+01 -8.550000e+01 -2.900000e+00
     vertex  4.950000e+01 -8.490000e+01 -3.500000e+00
     vertex  4.950000e+01 -8.550000e+01 -3.500000e+00
   endloop
 endfacet
 facet normal -1.000000e+00  0.000000e+00  0.000000e+00
   outer loop
     vertex  4.950000e+01 -8.550000e+01 -2.900000e+00
     vertex  4.950000e+01 -8.490000e+01 -2.900000e+00
     vertex  4.950000e+01 -8.490000e+01 -3.500000e+00
   endloop
 endfacet
 facet normal  0.000000e+00 -1.000000e+00 -0.000000e+00
   outer loop
     vertex  4.950000e+01 -8.490000e+01 -2.900000e+00
     vertex  4.150000e+01 -8.490000e+01 -3.500000e+00
     vertex  4.950000e+01 -8.490000e+01 -3.500000e+00
   endloop
 endfacet
 facet normal -0.000000e+00 -1.000000e+00  0.000000e+00
   outer loop
     vertex  4.950000e+01 -8.490000e+01 -2.900000e+00
     vertex  4.150000e+01 -8.490000e+01 -2.900000e+00
     vertex  4.150000e+01 -8.490000e+01 -3.500000e+00
   endloop
 endfacet
 facet normal  1.000000e+00  0.000000e+00  0.000000e+00
   outer loop
     vertex  4.150000e+01 -8.550000e+01 -2.900000e+00
     vertex  4.150000e+01 -8.550000e+01 -3.500000e+00
     vertex  4.150000e+01 -8.490000e+01 -3.500000e+00
   endloop
 endfacet
 facet normal  1.000000e+00 -0.000000e+00  0.000000e+00
   outer loop
     vertex  4.150000e+01 -8.550000e+01 -2.900000e+00
     vertex  4.150000e+01 -8.490000e+01 -3.500000e+00
     vertex  4.150000e+01 -8.490000e+01 -2.900000e+00
   endloop
 endfacet
 facet normal  0.000000e+00  1.000000e+00  0.000000e+00
   outer loop
     vertex  3.700000e+00 -8.430000e+01 -2.300000e+00
     vertex  3.700000e+00 -8.430000e+01 -3.200000e+00
     vertex -3.000000e-01 -8.430000e+01 -3.500000e+00
   endloop
 endfacet
 facet normal  0.000000e+00  1.000000e+00  0.000000e+00
   outer loop
     vertex -3.000000e-01 -8.430000e+01  1.790000e+00
     vertex  3.700000e+00 -8.430000e+01 -2.300000e+00
     vertex -3.000000e-01 -8.430000e+01 -3.500000e+00
   endloop
 endfacet
 facet normal  0.000000e+00  1.000000e+00  0.000000e+00
   outer loop
     vertex  6.982500e+01 -8.430000e+01  1.550000e+00
     vertex  6.982500e+01 -8.430000e+01 -2.300000e+00
     vertex  3.700000e+00 -8.430000e+01 -2.300000e+00
   endloop
 endfacet
 facet normal  0.000000e+00  1.000000e+00  0.000000e+00
   outer loop
     vertex  6.982500e+01 -8.430000e+01  1.550000e+00
     vertex  3.700000e+00 -8.430000e+01 -2.300000e+00
     vertex -3.000000e-01 -8.430000e+01  1.790000e+00
   endloop
 endfacet
 facet normal  0.000000e+00  1.000000e+00  0.000000e+00
   outer loop
     vertex  8.730000e+01 -8.430000e+01 -2.300000e+00
     vertex  8.017500e+01 -8.430000e+01 -2.300000e+00
     vertex  8.017500e+01 -8.430000e+01  1.550000e+00
   endloop
 endfacet
 facet normal  0.000000e+00  1.000000e+00  0.000000e+00
   outer loop
     vertex  9.130000e+01 -8.430000e+01 -3.500000e+00
     vertex  8.730000e+01 -8.430000e+01 -3.200000e+00
     vertex  8.730000e+01 -8.430000e+01 -2.300000e+00
   endloop
 endfacet
 facet normal  0.000000e+00  1.000000e+00  0.000000e+00
   outer loop
     vertex  9.130000e+01 -8.430000e+01  1.790000e+00
     vertex  8.730000e+01 -8.430000e+01 -2.300000e+00
     vertex  8.017500e+01 -8.430000e+01  1.550000e+00
   endloop
 endfacet
 facet normal  0.000000e+00  1.000000e+00  0.000000e+00
   outer loop
     vertex  9.130000e+01 -8.430000e+01  1.790000e+00
     vertex  9.130000e+01 -8.430000e+01 -3.500000e+00
     vertex  8.730000e+01 -8.430000e+01 -2.300000e+00
   endloop
 endfacet
 facet normal  0.000000e+00  1.000000e+00  0.000000e+00
   outer loop
     vertex  9.130000e+01 -8.430000e+01 -3.500000e+00
     vertex -3.000000e-01 -8.430000e+01 -3.500000e+00
     vertex  3.700000e+00 -8.430000e+01 -3.200000e+00
   endloop
 endfacet
 facet normal  0.000000e+00  1.000000e+00  0.000000e+00
   outer loop
     vertex  9.130000e+01 -8.430000e+01 -3.500000e+00
     vertex  3.700000e+00 -8.430000e+01 -3.200000e+00
     vertex  8.730000e+01 -8.430000e+01 -3.200000e+00
   endloop
 endfacet
 facet normal -0.000000e+00  1.000000e+00  0.000000e+00
   outer loop
     vertex -3.000000e-01 -8.430000e+01  1.790000e+00
     vertex  9.130000e+01 -8.430000e+01  1.790000e+00
     vertex  8.017500e+01 -8.430000e+01  1.550000e+00
   endloop
 endfacet
 facet normal  0.000000e+00  1.000000e+00  0.000000e+00
   outer loop
     vertex -3.000000e-01 -8.430000e+01  1.790000e+00
     vertex  8.017500e+01 -8.430000e+01  1.550000e+00
     vertex  6.982500e+01 -8.430000e+01  1.550000e+00
   endloop
 endfacet
 facet normal -1.000000e+00  0.000000e+00  0.000000e+00
   outer loop
     vertex  9.130000e+01 -7.750000e+01  1.790000e+00
     vertex  9.130000e+01  3.000000e-01  1.800000e+00
     vertex  9.130000e+01  3.000000e-01 -3.500000e+00
   endloop
 endfacet
 facet normal -1.000000e+00  0.000000e+00  0.000000e+00
   outer loop
     vertex  9.130000e+01 -7.750000e+01  1.800000e+00
     vertex  9.130000e+01  3.000000e-01  1.800000e+00
     vertex  9.130000e+01 -7.750000e+01  1.790000e+00
   endloop
 endfacet
 facet normal -1.000000e+00  0.000000e+00  0.000000e+00
   outer loop
     vertex  9.130000e+01 -8.430000e+01 -3.500000e+00
     vertex  9.130000e+01 -7.750000e+01  1.790000e+00
     vertex  9.130000e+01  3.000000e-01 -3.500000e+00
   endloop
 endfacet
 facet normal -1.000000e+00  0.000000e+00  0.000000e+00
   outer loop
     vertex  9.130000e+01 -8.430000e+01  1.790000e+00
     vertex  9.130000e+01 -7.750000e+01  1.790000e+00
     vertex  9.130000e+01 -8.430000e+01 -3.500000e+00
   endloop
 endfacet
 facet normal  1.000000e+00 -0.000000e+00  0.000000e+00
   outer loop
     vertex -3.000000e-01 -7.750000e+01  1.790000e+00
     vertex -3.000000e-01  3.000000e-01 -3.500000e+00
     vertex -3.000000e-01  3.000000e-01  1.800000e+00
   endloop
 endfacet
 facet normal  1.000000e+00 -0.000000e+00  0.000000e+00
   outer loop
     vertex -3.000000e-01 -7.750000e+01  1.800000e+00
     vertex -3.000000e-01 -7.750000e+01  1.790000e+00
     vertex -3.000000e-01  3.000000e-01  1.800000e+00
   endloop
 endfacet
 facet normal  1.000000e+00  0.000000e+00  0.000000e+00
   outer loop
     vertex -3.000000e-01 -8.430000e+01 -3.500000e+00
     vertex -3.000000e-01  3.000000e-01 -3.500000e+00
     vertex -3.000000e-01 -7.750000e+01  1.790000e+00
   endloop
 endfacet
 facet normal  1.000000e+00 -0.000000e+00  0.000000e+00
   outer loop
     vertex -3.000000e-01 -8.430000e+01  1.790000e+00
     vertex -3.000000e-01 -8.430000e+01 -3.500000e+00
     vertex -3.000000e-01 -7.750000e+01  1.790000e+00
   endloop
 endfacet
 facet normal  0.000000e+00 -1.000000e+00 -0.000000e+00
   outer loop
     vertex  3.700000e+00  3.000000e-01 -2.300000e+00
     vertex -3.000000e-01  3.000000e-01 -3.500000e+00
     vertex  3.700000e+00  3.000000e-01 -3.200000e+00
   endloop
 endfacet
 facet normal  0.000000e+00 -1.000000e+00  0.000000e+00
   outer loop
     vertex -3.000000e-01  3.000000e-01  1.800000e+00
     vertex -3.000000e-01  3.000000e-01 -3.500000e+00
     vertex  3.700000e+00  3.000000e-01 -2.300000e+00
   endloop
 endfacet
 facet normal  0.000000e+00 -1.000000e+00  0.000000e+00
   outer loop
     vertex  9.130000e+01  3.000000e-01 -3.500000e+00
     vertex  8.730000e+01  3.000000e-01 -2.300000e+00
     vertex  8.730000e+01  3.000000e-01 -3.200000e+00
   endloop
 endfacet
 facet normal  0.000000e+00 -1.000000e+00  0.000000e+00
   outer loop
     vertex  9.130000e+01  3.000000e-01  1.800000e+00
     vertex  3.700000e+00  3.000000e-01 -2.300000e+00
     vertex  8.730000e+01  3.000000e-01 -2.300000e+00
   endloop
 endfacet
 facet normal  0.000000e+00 -1.000000e+00 -0.000000e+00
   outer loop
     vertex  9.130000e+01  3.000000e-01  1.800000e+00
     vertex  8.730000e+01  3.000000e-01 -2.300000e+00
     vertex  9.130000e+01  3.000000e-01 -3.500000e+00
   endloop
 endfacet
 facet normal -0.000000e+00 -1.000000e+00  0.000000e+00
   outer loop
     vertex  9.130000e+01  3.000000e-01  1.800000e+00
     vertex -3.000000e-01  3.000000e-01  1.800000e+00
     vertex  3.700000e+00  3.000000e-01 -2.300000e+00
   endloop
 endfacet
 facet normal  0.000000e+00 -1.000000e+00  0.000000e+00
   outer loop
     vertex  9.130000e+01  3.000000e-01 -3.500000e+00
     vertex  3.700000e+00  3.000000e-01 -3.200000e+00
     vertex -3.000000e-01  3.000000e-01 -3.500000e+00
   endloop
 endfacet
 facet normal  0.000000e+00 -1.000000e+00  0.000000e+00
   outer loop
     vertex  9.130000e+01  3.000000e-01 -3.500000e+00
     vertex  8.730000e+01  3.000000e-01 -3.200000e+00
     vertex  3.700000e+00  3.000000e-01 -3.200000e+00
   endloop
 endfacet
 facet normal -0.000000e+00  0.000000e+00 -1.000000e+00
   outer loop
     vertex  4.950000e+01 -8.490000e+01 -2.900000e+00
     vertex  4.150000e+01 -8.550000e+01 -2.900000e+00
     vertex  4.150000e+01 -8.490000e+01 -2.900000e+00
   endloop
 endfacet
 facet normal  0.000000e+00 -0.000000e+00 -1.000000e+00
   outer loop
     vertex  4.950000e+01 -8.490000e+01 -2.900000e+00
     vertex  4.950000e+01 -8.550000e+01 -2.900000e+00
     vertex  4.150000e+01 -8.550000e+01 -2.900000e+00
   endloop
 endfacet
 facet normal  0.000000e+00  0.000000e+00 -1.000000e+00
   outer loop
     vertex  8.017500e+01 -8.550000e+01  1.550000e+00
     vertex  6.982500e+01 -8.550000e+01  1.550000e+00
     vertex  6.982500e+01 -8.430000e+01  1.550000e+00
   endloop
 endfacet
 facet normal -0.000000e+00 -0.000000e+00 -1.000000e+00
   outer loop
     vertex  8.017500e+01 -8.430000e+01  1.550000e+00
     vertex  8.017500e+01 -8.550000e+01  1.550000e+00
     vertex  6.982500e+01 -8.430000e+01  1.550000e+00
   endloop
 endfacet
 facet normal  1.000000e+00  0.000000e+00  0.000000e+00
   outer loop
     vertex  6.982500e+01 -8.550000e+01 -2.400000e+00
     vertex  6.982500e+01 -8.465000e+01 -2.400000e+00
     vertex  6.982500e+01 -8.465000e+01 -2.300000e+00
   endloop
 endfacet
 facet normal  1.000000e+00  0.000000e+00  0.000000e+00
   outer loop
     vertex  6.982500e+01 -8.430000e+01  1.550000e+00
     vertex  6.982500e+01 -8.465000e+01 -2.300000e+00
     vertex  6.982500e+01 -8.430000e+01 -2.300000e+00
   endloop
 endfacet
 facet normal  1.000000e+00  0.000000e+00  0.000000e+00
   outer loop
     vertex  6.982500e+01 -8.550000e+01  1.550000e+00
     vertex  6.982500e+01 -8.550000e+01 -2.400000e+00
     vertex  6.982500e+01 -8.465000e+01 -2.300000e+00
   endloop
 endfacet
 facet normal  1.000000e+00 -0.000000e+00  0.000000e+00
   outer loop
     vertex  6.982500e+01 -8.550000e+01  1.550000e+00
     vertex  6.982500e+01 -8.465000e+01 -2.300000e+00
     vertex  6.982500e+01 -8.430000e+01  1.550000e+00
   endloop
 endfacet
 facet normal -1.000000e+00  0.000000e+00  0.000000e+00
   outer loop
     vertex  8.017500e+01 -8.550000e+01 -2.400000e+00
     vertex  8.017500e+01 -8.465000e+01 -2.300000e+00
     vertex  8.017500e+01 -8.465000e+01 -2.400000e+00
   endloop
 endfacet
 facet normal -1.000000e+00  0.000000e+00 -0.000000e+00
   outer loop
     vertex  8.017500e+01 -8.430000e+01  1.550000e+00
     vertex  8.017500e+01 -8.430000e+01 -2.300000e+00
     vertex  8.017500e+01 -8.465000e+01 -2.300000e+00
   endloop
 endfacet
 facet normal -1.000000e+00  0.000000e+00  0.000000e+00
   outer loop
     vertex  8.017500e+01 -8.550000e+01  1.550000e+00
     vertex  8.017500e+01 -8.465000e+01 -2.300000e+00
     vertex  8.017500e+01 -8.550000e+01 -2.400000e+00
   endloop
 endfacet
 facet normal -1.000000e+00  0.000000e+00  0.000000e+00
   outer loop
     vertex  8.017500e+01 -8.550000e+01  1.550000e+00
     vertex  8.017500e+01 -8.430000e+01  1.550000e+00
     vertex  8.017500e+01 -8.465000e+01 -2.300000e+00
   endloop
 endfacet
 facet normal  0.000000e+00  0.000000e+00  1.000000e+00
   outer loop
     vertex  8.017500e+01 -8.465000e+01 -2.400000e+00
     vertex  6.982500e+01 -8.465000e+01 -2.400000e+00
     vertex  6.982500e+01 -8.550000e+01 -2.400000e+00
   endloop
 endfacet
 facet normal  0.000000e+00  0.000000e+00  1.000000e+00
   outer loop
     vertex  8.017500e+01 -8.465000e+01 -2.400000e+00
     vertex  6.982500e+01 -8.550000e+01 -2.400000e+00
     vertex  8.017500e+01 -8.550000e+01 -2.400000e+00
   endloop
 endfacet
 facet normal -1.000000e+00  0.000000e+00  0.000000e+00
   outer loop
     vertex  9.130000e+01 -8.430000e+01  1.800000e+00
     vertex  9.130000e+01 -7.750000e+01  2.200000e+00
     vertex  9.130000e+01 -7.750000e+01  1.800000e+00
   endloop
 endfacet
 facet normal -1.000000e+00  0.000000e+00  0.000000e+00
   outer loop
     vertex  9.130000e+01 -8.490000e+01  1.790000e+00
     vertex  9.130000e+01 -8.430000e+01  1.800000e+00
     vertex  9.130000e+01 -8.430000e+01  1.790000e+00
   endloop
 endfacet
 facet normal -1.000000e+00  0.000000e+00  0.000000e+00
   outer loop
     vertex  9.130000e+01 -8.490000e+01  2.200000e+00
     vertex  9.130000e+01 -8.430000e+01  1.800000e+00
     vertex  9.130000e+01 -8.490000e+01  1.790000e+00
   endloop
 endfacet
 facet normal -1.000000e+00 -0.000000e+00  0.000000e+00
   outer loop
     vertex  9.130000e+01 -7.750000e+01  2.200000e+00
     vertex  9.130000e+01 -8.430000e+01  1.800000e+00
     vertex  9.130000e+01 -8.490000e+01  2.200000e+00
   endloop
 endfacet
 facet normal  0.000000e+00  0.000000e+00 -1.000000e+00
   outer loop
     vertex -3.000000e-01  3.000000e-01  1.800000e+00
     vertex  2.800000e+00 -4.200000e+00  1.800000e+00
     vertex  2.800000e+00 -6.840000e+01  1.800000e+00
   endloop
 endfacet
 facet normal  0.000000e+00  0.000000e+00 -1.000000e+00
   outer loop
     vertex -3.000000e-01  3.000000e-01  1.800000e+00
     vertex  2.800000e+00 -6.840000e+01  1.800000e+00
     vertex -3.000000e-01 -7.750000e+01  1.800000e+00
   endloop
 endfacet
 facet normal  0.000000e+00 -0.000000e+00 -1.000000e+00
   outer loop
     vertex  8.820000e+01 -6.840000e+01  1.800000e+00
     vertex  9.130000e+01 -7.750000e+01  1.800000e+00
     vertex -3.000000e-01 -7.750000e+01  1.800000e+00
   endloop
 endfacet
 facet normal -0.000000e+00  0.000000e+00 -1.000000e+00
   outer loop
     vertex  8.820000e+01 -6.840000e+01  1.800000e+00
     vertex -3.000000e-01 -7.750000e+01  1.800000e+00
     vertex  2.800000e+00 -6.840000e+01  1.800000e+00
   endloop
 endfacet
 facet normal  0.000000e+00  0.000000e+00 -1.000000e+00
   outer loop
     vertex  9.130000e+01  3.000000e-01  1.800000e+00
     vertex  8.820000e+01 -4.200000e+00  1.800000e+00
     vertex  2.800000e+00 -4.200000e+00  1.800000e+00
   endloop
 endfacet
 facet normal  0.000000e+00  0.000000e+00 -1.000000e+00
   outer loop
     vertex  9.130000e+01  3.000000e-01  1.800000e+00
     vertex  8.820000e+01 -6.840000e+01  1.800000e+00
     vertex  8.820000e+01 -4.200000e+00  1.800000e+00
   endloop
 endfacet
 facet normal  0.000000e+00 -0.000000e+00 -1.000000e+00
   outer loop
     vertex  9.130000e+01  3.000000e-01  1.800000e+00
     vertex  9.130000e+01 -7.750000e+01  1.800000e+00
     vertex  8.820000e+01 -6.840000e+01  1.800000e+00
   endloop
 endfacet
 facet normal -0.000000e+00  0.000000e+00 -1.000000e+00
   outer loop
     vertex  9.130000e+01  3.000000e-01  1.800000e+00
     vertex  2.800000e+00 -4.200000e+00  1.800000e+00
     vertex -3.000000e-01  3.000000e-01  1.800000e+00
   endloop
 endfacet
 facet normal  0.000000e+00 -1.000000e+00 -0.000000e+00
   outer loop
     vertex  9.130000e+01 -7.750000e+01  2.200000e+00
     vertex -3.000000e-01 -7.750000e+01  1.800000e+00
     vertex  9.130000e+01 -7.750000e+01  1.800000e+00
   endloop
 endfacet
 facet normal -0.000000e+00 -1.000000e+00  0.000000e+00
   outer loop
     vertex  9.130000e+01 -7.750000e+01  2.200000e+00
     vertex -3.000000e-01 -7.750000e+01  2.200000e+00
     vertex -3.000000e-01 -7.750000e+01  1.800000e+00
   endloop
 endfacet
 facet normal  1.000000e+00  0.000000e+00  0.000000e+00
   outer loop
     vertex -3.000000e-01 -8.430000e+01  1.800000e+00
     vertex -3.000000e-01 -8.430000e+01  1.790000e+00
     vertex -3.000000e-01 -7.750000e+01  1.790000e+00
   endloop
 endfacet
 facet normal  1.000000e+00 -0.000000e+00  0.000000e+00
   outer loop
     vertex -3.000000e-01 -8.430000e+01  1.800000e+00
     vertex -3.000000e-01 -7.750000e+01  1.790000e+00
     vertex -3.000000e-01 -7.750000e+01  1.800000e+00
   endloop
 endfacet
 facet normal -0.000000e+00  0.000000e+00 -1.000000e+00
   outer loop
     vertex  8.730000e+01 -8.430000e+01 -2.300000e+00
     vertex  8.017500e+01 -8.465000e+01 -2.300000e+00
     vertex  8.017500e+01 -8.430000e+01 -2.300000e+00
   endloop
 endfacet
 facet normal  0.000000e+00 -0.000000e+00 -1.000000e+00
   outer loop
     vertex  8.730000e+01 -8.430000e+01 -2.300000e+00
     vertex  8.730000e+01 -8.465000e+01 -2.300000e+00
     vertex  8.017500e+01 -8.465000e+01 -2.300000e+00
   endloop
 endfacet
 facet normal -1.000000e+00  0.000000e+00  0.000000e+00
   outer loop
     vertex  8.730000e+01 -8.465000e+01 -2.300000e+00
     vertex  8.730000e+01 -8.430000e+01 -3.200000e+00
     vertex  8.730000e+01 -8.465000e+01 -3.200000e+00
   endloop
 endfacet
 facet normal -1.000000e+00  0.000000e+00  0.000000e+00
   outer loop
     vertex  8.730000e+01 -8.465000e+01 -2.300000e+00
     vertex  8.730000e+01 -8.430000e+01 -2.300000e+00
     vertex  8.730000e+01 -8.430000e+01 -3.200000e+00
   endloop
 endfacet
 facet normal  0.000000e+00  0.000000e+00  1.000000e+00
   outer loop
     vertex  8.730000e+01 -8.430000e+01 -3.200000e+00
     vertex  3.700000e+00 -8.430000e+01 -3.200000e+00
     vertex  3.700000e+00 -8.465000e+01 -3.200000e+00
   endloop
 endfacet
 facet normal  0.000000e+00  0.000000e+00  1.000000e+00
   outer loop
     vertex  8.730000e+01 -8.430000e+01 -3.200000e+00
     vertex  3.700000e+00 -8.465000e+01 -3.200000e+00
     vertex  8.730000e+01 -8.465000e+01 -3.200000e+00
   endloop
 endfacet
 facet normal  1.000000e+00  0.000000e+00  0.000000e+00
   outer loop
     vertex  3.700000e+00 -8.465000e+01 -2.300000e+00
     vertex  3.700000e+00 -8.465000e+01 -3.200000e+00
     vertex  3.700000e+00 -8.430000e+01 -3.200000e+00
   endloop
 endfacet
 facet normal  1.000000e+00 -0.000000e+00  0.000000e+00
   outer loop
     vertex  3.700000e+00 -8.465000e+01 -2.300000e+00
     vertex  3.700000e+00 -8.430000e+01 -3.200000e+00
     vertex  3.700000e+00 -8.430000e+01 -2.300000e+00
   endloop
 endfacet
 facet normal -0.000000e+00  0.000000e+00 -1.000000e+00
   outer loop
     vertex  6.982500e+01 -8.430000e+01 -2.300000e+00
     vertex  3.700000e+00 -8.465000e+01 -2.300000e+00
     vertex  3.700000e+00 -8.430000e+01 -2.300000e+00
   endloop
 endfacet
 facet normal  0.000000e+00 -0.000000e+00 -1.000000e+00
   outer loop
     vertex  6.982500e+01 -8.430000e+01 -2.300000e+00
     vertex  6.982500e+01 -8.465000e+01 -2.300000e+00
     vertex  3.700000e+00 -8.465000e+01 -2.300000e+00
   endloop
 endfacet
 facet normal -1.000000e+00  0.000000e+00  0.000000e+00
   outer loop
     vertex  9.130000e+01 -8.430000e+01  1.800000e+00
     vertex  9.130000e+01 -7.750000e+01  1.790000e+00
     vertex  9.130000e+01 -8.430000e+01  1.790000e+00
   endloop
 endfacet
 facet normal -1.000000e+00  0.000000e+00  0.000000e+00
   outer loop
     vertex  9.130000e+01 -8.430000e+01  1.800000e+00
     vertex  9.130000e+01 -7.750000e+01  1.800000e+00
     vertex  9.130000e+01 -7.750000e+01  1.790000e+00
   endloop
 endfacet
 facet normal -0.000000e+00  0.000000e+00 -1.000000e+00
   outer loop
     vertex  8.730000e+01  6.500000e-01 -2.300000e+00
     vertex  3.700000e+00  3.000000e-01 -2.300000e+00
     vertex  3.700000e+00  6.500000e-01 -2.300000e+00
   endloop
 endfacet
 facet normal  0.000000e+00 -0.000000e+00 -1.000000e+00
   outer loop
     vertex  8.730000e+01  6.500000e-01 -2.300000e+00
     vertex  8.730000e+01  3.000000e-01 -2.300000e+00
     vertex  3.700000e+00  3.000000e-01 -2.300000e+00
   endloop
 endfacet
 facet normal -1.000000e+00  0.000000e+00  0.000000e+00
   outer loop
     vertex  8.730000e+01  3.000000e-01 -2.300000e+00
     vertex  8.730000e+01  6.500000e-01 -3.200000e+00
     vertex  8.730000e+01  3.000000e-01 -3.200000e+00
   endloop
 endfacet
 facet normal -1.000000e+00  0.000000e+00  0.000000e+00
   outer loop
     vertex  8.730000e+01  3.000000e-01 -2.300000e+00
     vertex  8.730000e+01  6.500000e-01 -2.300000e+00
     vertex  8.730000e+01  6.500000e-01 -3.200000e+00
   endloop
 endfacet
 facet normal  0.000000e+00  0.000000e+00  1.000000e+00
   outer loop
     vertex  8.730000e+01  6.500000e-01 -3.200000e+00
     vertex  3.700000e+00  6.500000e-01 -3.200000e+00
     vertex  3.700000e+00  3.000000e-01 -3.200000e+00
   endloop
 endfacet
 facet normal  0.000000e+00  0.000000e+00  1.000000e+00
   outer loop
     vertex  8.730000e+01  6.500000e-01 -3.200000e+00
     vertex  3.700000e+00  3.000000e-01 -3.200000e+00
     vertex  8.730000e+01  3.000000e-01 -3.200000e+00
   endloop
 endfacet
 facet normal  1.000000e+00  0.000000e+00  0.000000e+00
   outer loop
     vertex  3.700000e+00  3.000000e-01 -2.300000e+00
     vertex  3.700000e+00  3.000000e-01 -3.200000e+00
     vertex  3.700000e+00  6.500000e-01 -3.200000e+00
   endloop
 endfacet
 facet normal  1.000000e+00 -0.000000e+00  0.000000e+00
   outer loop
     vertex  3.700000e+00  3.000000e-01 -2.300000e+00
     vertex  3.700000e+00  6.500000e-01 -3.200000e+00
     vertex  3.700000e+00  6.500000e-01 -2.300000e+00
   endloop
 endfacet
 facet normal  0.000000e+00  1.000000e+00  0.000000e+00
   outer loop
     vertex  6.982500e+01 -8.465000e+01 -2.400000e+00
     vertex  3.700000e+00 -8.465000e+01 -3.200000e+00
     vertex  3.700000e+00 -8.465000e+01 -2.300000e+00
   endloop
 endfacet
 facet normal  0.000000e+00  1.000000e+00  0.000000e+00
   outer loop
     vertex  6.982500e+01 -8.465000e+01 -2.300000e+00
     vertex  6.982500e+01 -8.465000e+01 -2.400000e+00
     vertex  3.700000e+00 -8.465000e+01 -2.300000e+00
   endloop
 endfacet
 facet normal  0.000000e+00  1.000000e+00  0.000000e+00
   outer loop
     vertex  8.730000e+01 -8.465000e+01 -2.300000e+00
     vertex  8.017500e+01 -8.465000e+01 -2.400000e+00
     vertex  8.017500e+01 -8.465000e+01 -2.300000e+00
   endloop
 endfacet
 facet normal  0.000000e+00  1.000000e+00  0.000000e+00
   outer loop
     vertex  8.730000e+01 -8.465000e+01 -2.300000e+00
     vertex  8.730000e+01 -8.465000e+01 -3.200000e+00
     vertex  8.017500e+01 -8.465000e+01 -2.400000e+00
   endloop
 endfacet
 facet normal  0.000000e+00  1.000000e+00  0.000000e+00
   outer loop
     vertex  8.730000e+01 -8.465000e+01 -3.200000e+00
     vertex  3.700000e+00 -8.465000e+01 -3.200000e+00
     vertex  6.982500e+01 -8.465000e+01 -2.400000e+00
   endloop
 endfacet
 facet normal  0.000000e+00  1.000000e+00  0.000000e+00
   outer loop
     vertex  8.730000e+01 -8.465000e+01 -3.200000e+00
     vertex  6.982500e+01 -8.465000e+01 -2.400000e+00
     vertex  8.017500e+01 -8.465000e+01 -2.400000e+00
   endloop
 endfacet
 facet normal  0.000000e+00 -1.000000e+00 -0.000000e+00
   outer loop
     vertex  8.730000e+01  6.500000e-01 -2.300000e+00
     vertex  3.700000e+00  6.500000e-01 -3.200000e+00
     vertex  8.730000e+01  6.500000e-01 -3.200000e+00
   endloop
 endfacet
 facet normal -0.000000e+00 -1.000000e+00  0.000000e+00
   outer loop
     vertex  8.730000e+01  6.500000e-01 -2.300000e+00
     vertex  3.700000e+00  6.500000e-01 -2.300000e+00
     vertex  3.700000e+00  6.500000e-01 -3.200000e+00
   endloop
 endfacet
endsolid
