ISO-10303-21;
HEADER;
FILE_DESCRIPTION(('FreeCAD Model'),'2;1');
FILE_NAME('Open CASCADE Shape Model','2026-09-13T16:28:53',('FreeCAD'),(
    'FreeCAD'),'Open CASCADE STEP processor 7.8','FreeCAD','Unknown');
FILE_SCHEMA(('AUTOMOTIVE_DESIGN { 1 0 10303 214 1 1 1 1 }'));
ENDSEC;
DATA;
#1 = APPLICATION_PROTOCOL_DEFINITION('international standard',
  'automotive_design',2000,#2);
#2 = APPLICATION_CONTEXT(
  'core data for automotive mechanical design processes');
#3 = SHAPE_DEFINITION_REPRESENTATION(#4,#10);
#4 = PRODUCT_DEFINITION_SHAPE('','',#5);
#5 = PRODUCT_DEFINITION('design','',#6,#9);
#6 = PRODUCT_DEFINITION_FORMATION('','',#7);
#7 = PRODUCT('Open CASCADE STEP translator 7.8 3',
  'Open CASCADE STEP translator 7.8 3','',(#8));
#8 = PRODUCT_CONTEXT('',#2,'mechanical');
#9 = PRODUCT_DEFINITION_CONTEXT('part definition',#2,'design');
#10 = SHAPE_REPRESENTATION('',(#11,#15,#1753,#3016,#3166,#3724,#3874,
    #4024),#4174);
#11 = AXIS2_PLACEMENT_3D('',#12,#13,#14);
#12 = CARTESIAN_POINT('',(0.,0.,0.));
#13 = DIRECTION('',(0.,0.,1.));
#14 = DIRECTION('',(1.,0.,-0.));
#15 = MANIFOLD_SOLID_BREP('',#16);
#16 = CLOSED_SHELL('',(#17,#57,#228,#289,#314,#501,#575,#592,#645,#662,
    #674,#705,#729,#753,#770,#792,#809,#826,#843,#860,#877,#894,#906,
    #944,#961,#994,#1027,#1051,#1075,#1092,#1180,#1220,#1258,#1309,#1321
    ,#1343,#1376,#1409,#1426,#1457,#1480,#1492,#1504,#1528,#1552,#1576,
    #1600,#1617,#1629,#1660,#1684,#1708,#1725,#1741));
#17 = ADVANCED_FACE('',(#18),#52,.F.);
#18 = FACE_BOUND('',#19,.F.);
#19 = EDGE_LOOP('',(#20,#30,#38,#46));
#20 = ORIENTED_EDGE('',*,*,#21,.F.);
#21 = EDGE_CURVE('',#22,#24,#26,.T.);
#22 = VERTEX_POINT('',#23);
#23 = CARTESIAN_POINT('',(-1.5,-82.5,2.8));
#24 = VERTEX_POINT('',#25);
#25 = CARTESIAN_POINT('',(-1.5,4.5,2.8));
#26 = LINE('',#27,#28);
#27 = CARTESIAN_POINT('',(-1.5,-85.5,2.8));
#28 = VECTOR('',#29,1.);
#29 = DIRECTION('',(0.,1.,0.));
#30 = ORIENTED_EDGE('',*,*,#31,.F.);
#31 = EDGE_CURVE('',#32,#22,#34,.T.);
#32 = VERTEX_POINT('',#33);
#33 = CARTESIAN_POINT('',(-1.5,-82.5,-3.5));
#34 = LINE('',#35,#36);
#35 = CARTESIAN_POINT('',(-1.5,-82.5,-3.5));
#36 = VECTOR('',#37,1.);
#37 = DIRECTION('',(0.,0.,1.));
#38 = ORIENTED_EDGE('',*,*,#39,.T.);
#39 = EDGE_CURVE('',#32,#40,#42,.T.);
#40 = VERTEX_POINT('',#41);
#41 = CARTESIAN_POINT('',(-1.5,4.5,-3.5));
#42 = LINE('',#43,#44);
#43 = CARTESIAN_POINT('',(-1.5,-85.5,-3.5));
#44 = VECTOR('',#45,1.);
#45 = DIRECTION('',(0.,1.,0.));
#46 = ORIENTED_EDGE('',*,*,#47,.T.);
#47 = EDGE_CURVE('',#40,#24,#48,.T.);
#48 = LINE('',#49,#50);
#49 = CARTESIAN_POINT('',(-1.5,4.5,-3.5));
#50 = VECTOR('',#51,1.);
#51 = DIRECTION('',(0.,0.,1.));
#52 = PLANE('',#53);
#53 = AXIS2_PLACEMENT_3D('',#54,#55,#56);
#54 = CARTESIAN_POINT('',(-1.5,-85.5,-3.5));
#55 = DIRECTION('',(1.,0.,0.));
#56 = DIRECTION('',(0.,0.,1.));
#57 = ADVANCED_FACE('',(#58,#119,#153),#223,.T.);
#58 = FACE_BOUND('',#59,.T.);
#59 = EDGE_LOOP('',(#60,#61,#70,#78,#87,#95,#104,#112));
#60 = ORIENTED_EDGE('',*,*,#21,.F.);
#61 = ORIENTED_EDGE('',*,*,#62,.T.);
#62 = EDGE_CURVE('',#22,#63,#65,.T.);
#63 = VERTEX_POINT('',#64);
#64 = CARTESIAN_POINT('',(1.5,-85.5,2.8));
#65 = CIRCLE('',#66,3.);
#66 = AXIS2_PLACEMENT_3D('',#67,#68,#69);
#67 = CARTESIAN_POINT('',(1.5,-82.5,2.8));
#68 = DIRECTION('',(-0.,0.,1.));
#69 = DIRECTION('',(0.,-1.,0.));
#70 = ORIENTED_EDGE('',*,*,#71,.T.);
#71 = EDGE_CURVE('',#63,#72,#74,.T.);
#72 = VERTEX_POINT('',#73);
#73 = CARTESIAN_POINT('',(89.5,-85.5,2.8));
#74 = LINE('',#75,#76);
#75 = CARTESIAN_POINT('',(-1.5,-85.5,2.8));
#76 = VECTOR('',#77,1.);
#77 = DIRECTION('',(1.,0.,0.));
#78 = ORIENTED_EDGE('',*,*,#79,.F.);
#79 = EDGE_CURVE('',#80,#72,#82,.T.);
#80 = VERTEX_POINT('',#81);
#81 = CARTESIAN_POINT('',(92.5,-82.5,2.8));
#82 = CIRCLE('',#83,3.);
#83 = AXIS2_PLACEMENT_3D('',#84,#85,#86);
#84 = CARTESIAN_POINT('',(89.5,-82.5,2.8));
#85 = DIRECTION('',(-0.,-0.,-1.));
#86 = DIRECTION('',(0.,-1.,0.));
#87 = ORIENTED_EDGE('',*,*,#88,.T.);
#88 = EDGE_CURVE('',#80,#89,#91,.T.);
#89 = VERTEX_POINT('',#90);
#90 = CARTESIAN_POINT('',(92.5,4.5,2.8));
#91 = LINE('',#92,#93);
#92 = CARTESIAN_POINT('',(92.5,-85.5,2.8));
#93 = VECTOR('',#94,1.);
#94 = DIRECTION('',(0.,1.,0.));
#95 = ORIENTED_EDGE('',*,*,#96,.T.);
#96 = EDGE_CURVE('',#89,#97,#99,.T.);
#97 = VERTEX_POINT('',#98);
#98 = CARTESIAN_POINT('',(89.5,7.5,2.8));
#99 = CIRCLE('',#100,3.);
#100 = AXIS2_PLACEMENT_3D('',#101,#102,#103);
#101 = CARTESIAN_POINT('',(89.5,4.5,2.8));
#102 = DIRECTION('',(-0.,0.,1.));
#103 = DIRECTION('',(0.,-1.,0.));
#104 = ORIENTED_EDGE('',*,*,#105,.F.);
#105 = EDGE_CURVE('',#106,#97,#108,.T.);
#106 = VERTEX_POINT('',#107);
#107 = CARTESIAN_POINT('',(1.5,7.5,2.8));
#108 = LINE('',#109,#110);
#109 = CARTESIAN_POINT('',(-1.5,7.5,2.8));
#110 = VECTOR('',#111,1.);
#111 = DIRECTION('',(1.,0.,0.));
#112 = ORIENTED_EDGE('',*,*,#113,.F.);
#113 = EDGE_CURVE('',#24,#106,#114,.T.);
#114 = CIRCLE('',#115,3.);
#115 = AXIS2_PLACEMENT_3D('',#116,#117,#118);
#116 = CARTESIAN_POINT('',(1.5,4.5,2.8));
#117 = DIRECTION('',(-0.,-0.,-1.));
#118 = DIRECTION('',(0.,-1.,0.));
#119 = FACE_BOUND('',#120,.T.);
#120 = EDGE_LOOP('',(#121,#131,#139,#147));
#121 = ORIENTED_EDGE('',*,*,#122,.T.);
#122 = EDGE_CURVE('',#123,#125,#127,.T.);
#123 = VERTEX_POINT('',#124);
#124 = CARTESIAN_POINT('',(88.2,-68.4,2.8));
#125 = VERTEX_POINT('',#126);
#126 = CARTESIAN_POINT('',(2.8,-68.4,2.8));
#127 = LINE('',#128,#129);
#128 = CARTESIAN_POINT('',(0.65,-68.4,2.8));
#129 = VECTOR('',#130,1.);
#130 = DIRECTION('',(-1.,0.,0.));
#131 = ORIENTED_EDGE('',*,*,#132,.T.);
#132 = EDGE_CURVE('',#125,#133,#135,.T.);
#133 = VERTEX_POINT('',#134);
#134 = CARTESIAN_POINT('',(2.8,-4.2,2.8));
#135 = LINE('',#136,#137);
#136 = CARTESIAN_POINT('',(2.8,-76.95,2.8));
#137 = VECTOR('',#138,1.);
#138 = DIRECTION('',(0.,1.,0.));
#139 = ORIENTED_EDGE('',*,*,#140,.F.);
#140 = EDGE_CURVE('',#141,#133,#143,.T.);
#141 = VERTEX_POINT('',#142);
#142 = CARTESIAN_POINT('',(88.2,-4.2,2.8));
#143 = LINE('',#144,#145);
#144 = CARTESIAN_POINT('',(0.65,-4.2,2.8));
#145 = VECTOR('',#146,1.);
#146 = DIRECTION('',(-1.,0.,0.));
#147 = ORIENTED_EDGE('',*,*,#148,.F.);
#148 = EDGE_CURVE('',#123,#141,#149,.T.);
#149 = LINE('',#150,#151);
#150 = CARTESIAN_POINT('',(88.2,-76.95,2.8));
#151 = VECTOR('',#152,1.);
#152 = DIRECTION('',(0.,1.,0.));
#153 = FACE_BOUND('',#154,.T.);
#154 = EDGE_LOOP('',(#155,#166,#174,#183,#191,#200,#208,#217));
#155 = ORIENTED_EDGE('',*,*,#156,.F.);
#156 = EDGE_CURVE('',#157,#159,#161,.T.);
#157 = VERTEX_POINT('',#158);
#158 = CARTESIAN_POINT('',(37.5,3.774,2.8));
#159 = VERTEX_POINT('',#160);
#160 = CARTESIAN_POINT('',(38.774,2.5,2.8));
#161 = CIRCLE('',#162,1.274);
#162 = AXIS2_PLACEMENT_3D('',#163,#164,#165);
#163 = CARTESIAN_POINT('',(38.774,3.774,2.8));
#164 = DIRECTION('',(0.,0.,1.));
#165 = DIRECTION('',(-1.,0.,0.));
#166 = ORIENTED_EDGE('',*,*,#167,.T.);
#167 = EDGE_CURVE('',#157,#168,#170,.T.);
#168 = VERTEX_POINT('',#169);
#169 = CARTESIAN_POINT('',(37.5,3.826,2.8));
#170 = LINE('',#171,#172);
#171 = CARTESIAN_POINT('',(37.5,-41.5,2.8));
#172 = VECTOR('',#173,1.);
#173 = DIRECTION('',(0.,1.,0.));
#174 = ORIENTED_EDGE('',*,*,#175,.F.);
#175 = EDGE_CURVE('',#176,#168,#178,.T.);
#176 = VERTEX_POINT('',#177);
#177 = CARTESIAN_POINT('',(38.774,5.1,2.8));
#178 = CIRCLE('',#179,1.274);
#179 = AXIS2_PLACEMENT_3D('',#180,#181,#182);
#180 = CARTESIAN_POINT('',(38.774,3.826,2.8));
#181 = DIRECTION('',(0.,0.,1.));
#182 = DIRECTION('',(-1.,0.,0.));
#183 = ORIENTED_EDGE('',*,*,#184,.F.);
#184 = EDGE_CURVE('',#185,#176,#187,.T.);
#185 = VERTEX_POINT('',#186);
#186 = CARTESIAN_POINT('',(52.226,5.1,2.8));
#187 = LINE('',#188,#189);
#188 = CARTESIAN_POINT('',(18.,5.1,2.8));
#189 = VECTOR('',#190,1.);
#190 = DIRECTION('',(-1.,0.,0.));
#191 = ORIENTED_EDGE('',*,*,#192,.F.);
#192 = EDGE_CURVE('',#193,#185,#195,.T.);
#193 = VERTEX_POINT('',#194);
#194 = CARTESIAN_POINT('',(53.5,3.826,2.8));
#195 = CIRCLE('',#196,1.274);
#196 = AXIS2_PLACEMENT_3D('',#197,#198,#199);
#197 = CARTESIAN_POINT('',(52.226,3.826,2.8));
#198 = DIRECTION('',(0.,0.,1.));
#199 = DIRECTION('',(1.,0.,0.));
#200 = ORIENTED_EDGE('',*,*,#201,.F.);
#201 = EDGE_CURVE('',#202,#193,#204,.T.);
#202 = VERTEX_POINT('',#203);
#203 = CARTESIAN_POINT('',(53.5,3.774,2.8));
#204 = LINE('',#205,#206);
#205 = CARTESIAN_POINT('',(53.5,-41.5,2.8));
#206 = VECTOR('',#207,1.);
#207 = DIRECTION('',(0.,1.,0.));
#208 = ORIENTED_EDGE('',*,*,#209,.F.);
#209 = EDGE_CURVE('',#210,#202,#212,.T.);
#210 = VERTEX_POINT('',#211);
#211 = CARTESIAN_POINT('',(52.226,2.5,2.8));
#212 = CIRCLE('',#213,1.274);
#213 = AXIS2_PLACEMENT_3D('',#214,#215,#216);
#214 = CARTESIAN_POINT('',(52.226,3.774,2.8));
#215 = DIRECTION('',(0.,0.,1.));
#216 = DIRECTION('',(1.,0.,0.));
#217 = ORIENTED_EDGE('',*,*,#218,.T.);
#218 = EDGE_CURVE('',#210,#159,#219,.T.);
#219 = LINE('',#220,#221);
#220 = CARTESIAN_POINT('',(18.,2.5,2.8));
#221 = VECTOR('',#222,1.);
#222 = DIRECTION('',(-1.,0.,0.));
#223 = PLANE('',#224);
#224 = AXIS2_PLACEMENT_3D('',#225,#226,#227);
#225 = CARTESIAN_POINT('',(-1.5,-85.5,2.8));
#226 = DIRECTION('',(0.,0.,1.));
#227 = DIRECTION('',(1.,0.,0.));
#228 = ADVANCED_FACE('',(#229,#248),#284,.T.);
#229 = FACE_BOUND('',#230,.T.);
#230 = EDGE_LOOP('',(#231,#240,#246,#247));
#231 = ORIENTED_EDGE('',*,*,#232,.T.);
#232 = EDGE_CURVE('',#32,#233,#235,.T.);
#233 = VERTEX_POINT('',#234);
#234 = CARTESIAN_POINT('',(1.5,-85.5,-3.5));
#235 = CIRCLE('',#236,3.);
#236 = AXIS2_PLACEMENT_3D('',#237,#238,#239);
#237 = CARTESIAN_POINT('',(1.5,-82.5,-3.5));
#238 = DIRECTION('',(-0.,0.,1.));
#239 = DIRECTION('',(0.,-1.,0.));
#240 = ORIENTED_EDGE('',*,*,#241,.T.);
#241 = EDGE_CURVE('',#233,#63,#242,.T.);
#242 = LINE('',#243,#244);
#243 = CARTESIAN_POINT('',(1.5,-85.5,-3.5));
#244 = VECTOR('',#245,1.);
#245 = DIRECTION('',(0.,0.,1.));
#246 = ORIENTED_EDGE('',*,*,#62,.F.);
#247 = ORIENTED_EDGE('',*,*,#31,.F.);
#248 = FACE_BOUND('',#249,.T.);
#249 = EDGE_LOOP('',(#250,#261,#269,#278));
#250 = ORIENTED_EDGE('',*,*,#251,.F.);
#251 = EDGE_CURVE('',#252,#254,#256,.T.);
#252 = VERTEX_POINT('',#253);
#253 = CARTESIAN_POINT('',(-0.3,-84.9,1.79));
#254 = VERTEX_POINT('',#255);
#255 = CARTESIAN_POINT('',(0.422967038573,-85.3,1.79));
#256 = CIRCLE('',#257,3.);
#257 = AXIS2_PLACEMENT_3D('',#258,#259,#260);
#258 = CARTESIAN_POINT('',(1.5,-82.5,1.79));
#259 = DIRECTION('',(0.,0.,1.));
#260 = DIRECTION('',(-1.,0.,0.));
#261 = ORIENTED_EDGE('',*,*,#262,.T.);
#262 = EDGE_CURVE('',#252,#263,#265,.T.);
#263 = VERTEX_POINT('',#264);
#264 = CARTESIAN_POINT('',(-0.3,-84.9,2.2));
#265 = LINE('',#266,#267);
#266 = CARTESIAN_POINT('',(-0.3,-84.9,-3.5));
#267 = VECTOR('',#268,1.);
#268 = DIRECTION('',(0.,0.,1.));
#269 = ORIENTED_EDGE('',*,*,#270,.T.);
#270 = EDGE_CURVE('',#263,#271,#273,.T.);
#271 = VERTEX_POINT('',#272);
#272 = CARTESIAN_POINT('',(0.422967038573,-85.3,2.2));
#273 = CIRCLE('',#274,3.);
#274 = AXIS2_PLACEMENT_3D('',#275,#276,#277);
#275 = CARTESIAN_POINT('',(1.5,-82.5,2.2));
#276 = DIRECTION('',(0.,0.,1.));
#277 = DIRECTION('',(-1.,0.,0.));
#278 = ORIENTED_EDGE('',*,*,#279,.F.);
#279 = EDGE_CURVE('',#254,#271,#280,.T.);
#280 = LINE('',#281,#282);
#281 = CARTESIAN_POINT('',(0.422967038573,-85.3,-3.5));
#282 = VECTOR('',#283,1.);
#283 = DIRECTION('',(0.,0.,1.));
#284 = CYLINDRICAL_SURFACE('',#285,3.);
#285 = AXIS2_PLACEMENT_3D('',#286,#287,#288);
#286 = CARTESIAN_POINT('',(1.5,-82.5,-3.5));
#287 = DIRECTION('',(0.,0.,1.));
#288 = DIRECTION('',(-1.,0.,0.));
#289 = ADVANCED_FACE('',(#290),#309,.T.);
#290 = FACE_BOUND('',#291,.F.);
#291 = EDGE_LOOP('',(#292,#301,#307,#308));
#292 = ORIENTED_EDGE('',*,*,#293,.T.);
#293 = EDGE_CURVE('',#40,#294,#296,.T.);
#294 = VERTEX_POINT('',#295);
#295 = CARTESIAN_POINT('',(1.5,7.5,-3.5));
#296 = CIRCLE('',#297,3.);
#297 = AXIS2_PLACEMENT_3D('',#298,#299,#300);
#298 = CARTESIAN_POINT('',(1.5,4.5,-3.5));
#299 = DIRECTION('',(-0.,-0.,-1.));
#300 = DIRECTION('',(0.,-1.,0.));
#301 = ORIENTED_EDGE('',*,*,#302,.T.);
#302 = EDGE_CURVE('',#294,#106,#303,.T.);
#303 = LINE('',#304,#305);
#304 = CARTESIAN_POINT('',(1.5,7.5,-3.5));
#305 = VECTOR('',#306,1.);
#306 = DIRECTION('',(0.,0.,1.));
#307 = ORIENTED_EDGE('',*,*,#113,.F.);
#308 = ORIENTED_EDGE('',*,*,#47,.F.);
#309 = CYLINDRICAL_SURFACE('',#310,3.);
#310 = AXIS2_PLACEMENT_3D('',#311,#312,#313);
#311 = CARTESIAN_POINT('',(1.5,4.5,-3.5));
#312 = DIRECTION('',(0.,0.,1.));
#313 = DIRECTION('',(-1.,0.,0.));
#314 = ADVANCED_FACE('',(#315,#392,#426),#496,.F.);
#315 = FACE_BOUND('',#316,.F.);
#316 = EDGE_LOOP('',(#317,#318,#319,#327,#335,#343,#351,#359,#368,#376,
    #385,#391));
#317 = ORIENTED_EDGE('',*,*,#39,.F.);
#318 = ORIENTED_EDGE('',*,*,#232,.T.);
#319 = ORIENTED_EDGE('',*,*,#320,.T.);
#320 = EDGE_CURVE('',#233,#321,#323,.T.);
#321 = VERTEX_POINT('',#322);
#322 = CARTESIAN_POINT('',(41.5,-85.5,-3.5));
#323 = LINE('',#324,#325);
#324 = CARTESIAN_POINT('',(-1.5,-85.5,-3.5));
#325 = VECTOR('',#326,1.);
#326 = DIRECTION('',(1.,0.,0.));
#327 = ORIENTED_EDGE('',*,*,#328,.T.);
#328 = EDGE_CURVE('',#321,#329,#331,.T.);
#329 = VERTEX_POINT('',#330);
#330 = CARTESIAN_POINT('',(41.5,-84.9,-3.5));
#331 = LINE('',#332,#333);
#332 = CARTESIAN_POINT('',(41.5,-86.,-3.5));
#333 = VECTOR('',#334,1.);
#334 = DIRECTION('',(0.,1.,0.));
#335 = ORIENTED_EDGE('',*,*,#336,.F.);
#336 = EDGE_CURVE('',#337,#329,#339,.T.);
#337 = VERTEX_POINT('',#338);
#338 = CARTESIAN_POINT('',(49.5,-84.9,-3.5));
#339 = LINE('',#340,#341);
#340 = CARTESIAN_POINT('',(20.,-84.9,-3.5));
#341 = VECTOR('',#342,1.);
#342 = DIRECTION('',(-1.,0.,0.));
#343 = ORIENTED_EDGE('',*,*,#344,.F.);
#344 = EDGE_CURVE('',#345,#337,#347,.T.);
#345 = VERTEX_POINT('',#346);
#346 = CARTESIAN_POINT('',(49.5,-85.5,-3.5));
#347 = LINE('',#348,#349);
#348 = CARTESIAN_POINT('',(49.5,-86.,-3.5));
#349 = VECTOR('',#350,1.);
#350 = DIRECTION('',(0.,1.,0.));
#351 = ORIENTED_EDGE('',*,*,#352,.T.);
#352 = EDGE_CURVE('',#345,#353,#355,.T.);
#353 = VERTEX_POINT('',#354);
#354 = CARTESIAN_POINT('',(89.5,-85.5,-3.5));
#355 = LINE('',#356,#357);
#356 = CARTESIAN_POINT('',(-1.5,-85.5,-3.5));
#357 = VECTOR('',#358,1.);
#358 = DIRECTION('',(1.,0.,0.));
#359 = ORIENTED_EDGE('',*,*,#360,.F.);
#360 = EDGE_CURVE('',#361,#353,#363,.T.);
#361 = VERTEX_POINT('',#362);
#362 = CARTESIAN_POINT('',(92.5,-82.5,-3.5));
#363 = CIRCLE('',#364,3.);
#364 = AXIS2_PLACEMENT_3D('',#365,#366,#367);
#365 = CARTESIAN_POINT('',(89.5,-82.5,-3.5));
#366 = DIRECTION('',(-0.,-0.,-1.));
#367 = DIRECTION('',(0.,-1.,0.));
#368 = ORIENTED_EDGE('',*,*,#369,.T.);
#369 = EDGE_CURVE('',#361,#370,#372,.T.);
#370 = VERTEX_POINT('',#371);
#371 = CARTESIAN_POINT('',(92.5,4.5,-3.5));
#372 = LINE('',#373,#374);
#373 = CARTESIAN_POINT('',(92.5,-85.5,-3.5));
#374 = VECTOR('',#375,1.);
#375 = DIRECTION('',(0.,1.,0.));
#376 = ORIENTED_EDGE('',*,*,#377,.T.);
#377 = EDGE_CURVE('',#370,#378,#380,.T.);
#378 = VERTEX_POINT('',#379);
#379 = CARTESIAN_POINT('',(89.5,7.5,-3.5));
#380 = CIRCLE('',#381,3.);
#381 = AXIS2_PLACEMENT_3D('',#382,#383,#384);
#382 = CARTESIAN_POINT('',(89.5,4.5,-3.5));
#383 = DIRECTION('',(-0.,0.,1.));
#384 = DIRECTION('',(0.,-1.,0.));
#385 = ORIENTED_EDGE('',*,*,#386,.F.);
#386 = EDGE_CURVE('',#294,#378,#387,.T.);
#387 = LINE('',#388,#389);
#388 = CARTESIAN_POINT('',(-1.5,7.5,-3.5));
#389 = VECTOR('',#390,1.);
#390 = DIRECTION('',(1.,0.,0.));
#391 = ORIENTED_EDGE('',*,*,#293,.F.);
#392 = FACE_BOUND('',#393,.F.);
#393 = EDGE_LOOP('',(#394,#404,#412,#420));
#394 = ORIENTED_EDGE('',*,*,#395,.T.);
#395 = EDGE_CURVE('',#396,#398,#400,.T.);
#396 = VERTEX_POINT('',#397);
#397 = CARTESIAN_POINT('',(91.3,-84.3,-3.5));
#398 = VERTEX_POINT('',#399);
#399 = CARTESIAN_POINT('',(-0.3,-84.3,-3.5));
#400 = LINE('',#401,#402);
#401 = CARTESIAN_POINT('',(-0.9,-84.3,-3.5));
#402 = VECTOR('',#403,1.);
#403 = DIRECTION('',(-1.,0.,0.));
#404 = ORIENTED_EDGE('',*,*,#405,.T.);
#405 = EDGE_CURVE('',#398,#406,#408,.T.);
#406 = VERTEX_POINT('',#407);
#407 = CARTESIAN_POINT('',(-0.3,0.3,-3.5));
#408 = LINE('',#409,#410);
#409 = CARTESIAN_POINT('',(-0.3,-84.9,-3.5));
#410 = VECTOR('',#411,1.);
#411 = DIRECTION('',(0.,1.,0.));
#412 = ORIENTED_EDGE('',*,*,#413,.F.);
#413 = EDGE_CURVE('',#414,#406,#416,.T.);
#414 = VERTEX_POINT('',#415);
#415 = CARTESIAN_POINT('',(91.3,0.3,-3.5));
#416 = LINE('',#417,#418);
#417 = CARTESIAN_POINT('',(-0.9,0.3,-3.5));
#418 = VECTOR('',#419,1.);
#419 = DIRECTION('',(-1.,0.,0.));
#420 = ORIENTED_EDGE('',*,*,#421,.F.);
#421 = EDGE_CURVE('',#396,#414,#422,.T.);
#422 = LINE('',#423,#424);
#423 = CARTESIAN_POINT('',(91.3,-84.9,-3.5));
#424 = VECTOR('',#425,1.);
#425 = DIRECTION('',(0.,1.,0.));
#426 = FACE_BOUND('',#427,.F.);
#427 = EDGE_LOOP('',(#428,#439,#447,#456,#464,#473,#481,#490));
#428 = ORIENTED_EDGE('',*,*,#429,.F.);
#429 = EDGE_CURVE('',#430,#432,#434,.T.);
#430 = VERTEX_POINT('',#431);
#431 = CARTESIAN_POINT('',(37.5,3.774,-3.5));
#432 = VERTEX_POINT('',#433);
#433 = CARTESIAN_POINT('',(38.774,2.5,-3.5));
#434 = CIRCLE('',#435,1.274);
#435 = AXIS2_PLACEMENT_3D('',#436,#437,#438);
#436 = CARTESIAN_POINT('',(38.774,3.774,-3.5));
#437 = DIRECTION('',(0.,0.,1.));
#438 = DIRECTION('',(-1.,0.,0.));
#439 = ORIENTED_EDGE('',*,*,#440,.T.);
#440 = EDGE_CURVE('',#430,#441,#443,.T.);
#441 = VERTEX_POINT('',#442);
#442 = CARTESIAN_POINT('',(37.5,3.826,-3.5));
#443 = LINE('',#444,#445);
#444 = CARTESIAN_POINT('',(37.5,-41.5,-3.5));
#445 = VECTOR('',#446,1.);
#446 = DIRECTION('',(0.,1.,0.));
#447 = ORIENTED_EDGE('',*,*,#448,.F.);
#448 = EDGE_CURVE('',#449,#441,#451,.T.);
#449 = VERTEX_POINT('',#450);
#450 = CARTESIAN_POINT('',(38.774,5.1,-3.5));
#451 = CIRCLE('',#452,1.274);
#452 = AXIS2_PLACEMENT_3D('',#453,#454,#455);
#453 = CARTESIAN_POINT('',(38.774,3.826,-3.5));
#454 = DIRECTION('',(0.,0.,1.));
#455 = DIRECTION('',(-1.,0.,0.));
#456 = ORIENTED_EDGE('',*,*,#457,.F.);
#457 = EDGE_CURVE('',#458,#449,#460,.T.);
#458 = VERTEX_POINT('',#459);
#459 = CARTESIAN_POINT('',(52.226,5.1,-3.5));
#460 = LINE('',#461,#462);
#461 = CARTESIAN_POINT('',(18.,5.1,-3.5));
#462 = VECTOR('',#463,1.);
#463 = DIRECTION('',(-1.,0.,0.));
#464 = ORIENTED_EDGE('',*,*,#465,.F.);
#465 = EDGE_CURVE('',#466,#458,#468,.T.);
#466 = VERTEX_POINT('',#467);
#467 = CARTESIAN_POINT('',(53.5,3.826,-3.5));
#468 = CIRCLE('',#469,1.274);
#469 = AXIS2_PLACEMENT_3D('',#470,#471,#472);
#470 = CARTESIAN_POINT('',(52.226,3.826,-3.5));
#471 = DIRECTION('',(0.,0.,1.));
#472 = DIRECTION('',(1.,0.,0.));
#473 = ORIENTED_EDGE('',*,*,#474,.F.);
#474 = EDGE_CURVE('',#475,#466,#477,.T.);
#475 = VERTEX_POINT('',#476);
#476 = CARTESIAN_POINT('',(53.5,3.774,-3.5));
#477 = LINE('',#478,#479);
#478 = CARTESIAN_POINT('',(53.5,-41.5,-3.5));
#479 = VECTOR('',#480,1.);
#480 = DIRECTION('',(0.,1.,0.));
#481 = ORIENTED_EDGE('',*,*,#482,.F.);
#482 = EDGE_CURVE('',#483,#475,#485,.T.);
#483 = VERTEX_POINT('',#484);
#484 = CARTESIAN_POINT('',(52.226,2.5,-3.5));
#485 = CIRCLE('',#486,1.274);
#486 = AXIS2_PLACEMENT_3D('',#487,#488,#489);
#487 = CARTESIAN_POINT('',(52.226,3.774,-3.5));
#488 = DIRECTION('',(0.,0.,1.));
#489 = DIRECTION('',(1.,0.,0.));
#490 = ORIENTED_EDGE('',*,*,#491,.T.);
#491 = EDGE_CURVE('',#483,#432,#492,.T.);
#492 = LINE('',#493,#494);
#493 = CARTESIAN_POINT('',(18.,2.5,-3.5));
#494 = VECTOR('',#495,1.);
#495 = DIRECTION('',(-1.,0.,0.));
#496 = PLANE('',#497);
#497 = AXIS2_PLACEMENT_3D('',#498,#499,#500);
#498 = CARTESIAN_POINT('',(-1.5,-85.5,-3.5));
#499 = DIRECTION('',(0.,0.,1.));
#500 = DIRECTION('',(1.,0.,0.));
#501 = ADVANCED_FACE('',(#502,#536),#570,.F.);
#502 = FACE_BOUND('',#503,.F.);
#503 = EDGE_LOOP('',(#504,#505,#506,#507,#513,#514,#522,#530));
#504 = ORIENTED_EDGE('',*,*,#320,.F.);
#505 = ORIENTED_EDGE('',*,*,#241,.T.);
#506 = ORIENTED_EDGE('',*,*,#71,.T.);
#507 = ORIENTED_EDGE('',*,*,#508,.F.);
#508 = EDGE_CURVE('',#353,#72,#509,.T.);
#509 = LINE('',#510,#511);
#510 = CARTESIAN_POINT('',(89.5,-85.5,-3.5));
#511 = VECTOR('',#512,1.);
#512 = DIRECTION('',(0.,0.,1.));
#513 = ORIENTED_EDGE('',*,*,#352,.F.);
#514 = ORIENTED_EDGE('',*,*,#515,.F.);
#515 = EDGE_CURVE('',#516,#345,#518,.T.);
#516 = VERTEX_POINT('',#517);
#517 = CARTESIAN_POINT('',(49.5,-85.5,-2.9));
#518 = LINE('',#519,#520);
#519 = CARTESIAN_POINT('',(49.5,-85.5,-4.));
#520 = VECTOR('',#521,1.);
#521 = DIRECTION('',(0.,0.,-1.));
#522 = ORIENTED_EDGE('',*,*,#523,.F.);
#523 = EDGE_CURVE('',#524,#516,#526,.T.);
#524 = VERTEX_POINT('',#525);
#525 = CARTESIAN_POINT('',(41.5,-85.5,-2.9));
#526 = LINE('',#527,#528);
#527 = CARTESIAN_POINT('',(20.,-85.5,-2.9));
#528 = VECTOR('',#529,1.);
#529 = DIRECTION('',(1.,0.,0.));
#530 = ORIENTED_EDGE('',*,*,#531,.T.);
#531 = EDGE_CURVE('',#524,#321,#532,.T.);
#532 = LINE('',#533,#534);
#533 = CARTESIAN_POINT('',(41.5,-85.5,-4.));
#534 = VECTOR('',#535,1.);
#535 = DIRECTION('',(0.,0.,-1.));
#536 = FACE_BOUND('',#537,.F.);
#537 = EDGE_LOOP('',(#538,#548,#556,#564));
#538 = ORIENTED_EDGE('',*,*,#539,.F.);
#539 = EDGE_CURVE('',#540,#542,#544,.T.);
#540 = VERTEX_POINT('',#541);
#541 = CARTESIAN_POINT('',(69.825,-85.5,1.55));
#542 = VERTEX_POINT('',#543);
#543 = CARTESIAN_POINT('',(80.175,-85.5,1.55));
#544 = LINE('',#545,#546);
#545 = CARTESIAN_POINT('',(34.1625,-85.5,1.55));
#546 = VECTOR('',#547,1.);
#547 = DIRECTION('',(1.,0.,0.));
#548 = ORIENTED_EDGE('',*,*,#549,.T.);
#549 = EDGE_CURVE('',#540,#550,#552,.T.);
#550 = VERTEX_POINT('',#551);
#551 = CARTESIAN_POINT('',(69.825,-85.5,-2.4));
#552 = LINE('',#553,#554);
#553 = CARTESIAN_POINT('',(69.825,-85.5,-2.95));
#554 = VECTOR('',#555,1.);
#555 = DIRECTION('',(0.,0.,-1.));
#556 = ORIENTED_EDGE('',*,*,#557,.T.);
#557 = EDGE_CURVE('',#550,#558,#560,.T.);
#558 = VERTEX_POINT('',#559);
#559 = CARTESIAN_POINT('',(80.175,-85.5,-2.4));
#560 = LINE('',#561,#562);
#561 = CARTESIAN_POINT('',(34.1625,-85.5,-2.4));
#562 = VECTOR('',#563,1.);
#563 = DIRECTION('',(1.,0.,0.));
#564 = ORIENTED_EDGE('',*,*,#565,.F.);
#565 = EDGE_CURVE('',#542,#558,#566,.T.);
#566 = LINE('',#567,#568);
#567 = CARTESIAN_POINT('',(80.175,-85.5,-2.95));
#568 = VECTOR('',#569,1.);
#569 = DIRECTION('',(0.,0.,-1.));
#570 = PLANE('',#571);
#571 = AXIS2_PLACEMENT_3D('',#572,#573,#574);
#572 = CARTESIAN_POINT('',(-1.5,-85.5,-3.5));
#573 = DIRECTION('',(0.,1.,0.));
#574 = DIRECTION('',(0.,0.,1.));
#575 = ADVANCED_FACE('',(#576),#587,.T.);
#576 = FACE_BOUND('',#577,.T.);
#577 = EDGE_LOOP('',(#578,#579,#580,#581));
#578 = ORIENTED_EDGE('',*,*,#386,.F.);
#579 = ORIENTED_EDGE('',*,*,#302,.T.);
#580 = ORIENTED_EDGE('',*,*,#105,.T.);
#581 = ORIENTED_EDGE('',*,*,#582,.F.);
#582 = EDGE_CURVE('',#378,#97,#583,.T.);
#583 = LINE('',#584,#585);
#584 = CARTESIAN_POINT('',(89.5,7.5,-3.5));
#585 = VECTOR('',#586,1.);
#586 = DIRECTION('',(0.,0.,1.));
#587 = PLANE('',#588);
#588 = AXIS2_PLACEMENT_3D('',#589,#590,#591);
#589 = CARTESIAN_POINT('',(-1.5,7.5,-3.5));
#590 = DIRECTION('',(0.,1.,0.));
#591 = DIRECTION('',(0.,0.,1.));
#592 = ADVANCED_FACE('',(#593,#604),#640,.T.);
#593 = FACE_BOUND('',#594,.F.);
#594 = EDGE_LOOP('',(#595,#596,#597,#598));
#595 = ORIENTED_EDGE('',*,*,#360,.T.);
#596 = ORIENTED_EDGE('',*,*,#508,.T.);
#597 = ORIENTED_EDGE('',*,*,#79,.F.);
#598 = ORIENTED_EDGE('',*,*,#599,.F.);
#599 = EDGE_CURVE('',#361,#80,#600,.T.);
#600 = LINE('',#601,#602);
#601 = CARTESIAN_POINT('',(92.5,-82.5,-3.5));
#602 = VECTOR('',#603,1.);
#603 = DIRECTION('',(0.,0.,1.));
#604 = FACE_BOUND('',#605,.F.);
#605 = EDGE_LOOP('',(#606,#617,#625,#634));
#606 = ORIENTED_EDGE('',*,*,#607,.T.);
#607 = EDGE_CURVE('',#608,#610,#612,.T.);
#608 = VERTEX_POINT('',#609);
#609 = CARTESIAN_POINT('',(90.577032961426,-85.3,1.79));
#610 = VERTEX_POINT('',#611);
#611 = CARTESIAN_POINT('',(91.3,-84.9,1.79));
#612 = CIRCLE('',#613,3.);
#613 = AXIS2_PLACEMENT_3D('',#614,#615,#616);
#614 = CARTESIAN_POINT('',(89.5,-82.5,1.79));
#615 = DIRECTION('',(0.,0.,1.));
#616 = DIRECTION('',(1.,0.,0.));
#617 = ORIENTED_EDGE('',*,*,#618,.T.);
#618 = EDGE_CURVE('',#610,#619,#621,.T.);
#619 = VERTEX_POINT('',#620);
#620 = CARTESIAN_POINT('',(91.3,-84.9,2.2));
#621 = LINE('',#622,#623);
#622 = CARTESIAN_POINT('',(91.3,-84.9,-3.5));
#623 = VECTOR('',#624,1.);
#624 = DIRECTION('',(0.,0.,1.));
#625 = ORIENTED_EDGE('',*,*,#626,.F.);
#626 = EDGE_CURVE('',#627,#619,#629,.T.);
#627 = VERTEX_POINT('',#628);
#628 = CARTESIAN_POINT('',(90.577032961426,-85.3,2.2));
#629 = CIRCLE('',#630,3.);
#630 = AXIS2_PLACEMENT_3D('',#631,#632,#633);
#631 = CARTESIAN_POINT('',(89.5,-82.5,2.2));
#632 = DIRECTION('',(0.,0.,1.));
#633 = DIRECTION('',(1.,0.,0.));
#634 = ORIENTED_EDGE('',*,*,#635,.F.);
#635 = EDGE_CURVE('',#608,#627,#636,.T.);
#636 = LINE('',#637,#638);
#637 = CARTESIAN_POINT('',(90.577032961427,-85.3,-3.5));
#638 = VECTOR('',#639,1.);
#639 = DIRECTION('',(0.,0.,1.));
#640 = CYLINDRICAL_SURFACE('',#641,3.);
#641 = AXIS2_PLACEMENT_3D('',#642,#643,#644);
#642 = CARTESIAN_POINT('',(89.5,-82.5,-3.5));
#643 = DIRECTION('',(0.,0.,1.));
#644 = DIRECTION('',(1.,0.,0.));
#645 = ADVANCED_FACE('',(#646),#657,.T.);
#646 = FACE_BOUND('',#647,.T.);
#647 = EDGE_LOOP('',(#648,#649,#650,#651));
#648 = ORIENTED_EDGE('',*,*,#377,.T.);
#649 = ORIENTED_EDGE('',*,*,#582,.T.);
#650 = ORIENTED_EDGE('',*,*,#96,.F.);
#651 = ORIENTED_EDGE('',*,*,#652,.F.);
#652 = EDGE_CURVE('',#370,#89,#653,.T.);
#653 = LINE('',#654,#655);
#654 = CARTESIAN_POINT('',(92.5,4.5,-3.5));
#655 = VECTOR('',#656,1.);
#656 = DIRECTION('',(0.,0.,1.));
#657 = CYLINDRICAL_SURFACE('',#658,3.);
#658 = AXIS2_PLACEMENT_3D('',#659,#660,#661);
#659 = CARTESIAN_POINT('',(89.5,4.5,-3.5));
#660 = DIRECTION('',(0.,0.,1.));
#661 = DIRECTION('',(1.,0.,0.));
#662 = ADVANCED_FACE('',(#663),#669,.T.);
#663 = FACE_BOUND('',#664,.T.);
#664 = EDGE_LOOP('',(#665,#666,#667,#668));
#665 = ORIENTED_EDGE('',*,*,#88,.F.);
#666 = ORIENTED_EDGE('',*,*,#599,.F.);
#667 = ORIENTED_EDGE('',*,*,#369,.T.);
#668 = ORIENTED_EDGE('',*,*,#652,.T.);
#669 = PLANE('',#670);
#670 = AXIS2_PLACEMENT_3D('',#671,#672,#673);
#671 = CARTESIAN_POINT('',(92.5,-85.5,-3.5));
#672 = DIRECTION('',(1.,0.,0.));
#673 = DIRECTION('',(0.,0.,1.));
#674 = ADVANCED_FACE('',(#675),#700,.T.);
#675 = FACE_BOUND('',#676,.T.);
#676 = EDGE_LOOP('',(#677,#685,#693,#699));
#677 = ORIENTED_EDGE('',*,*,#678,.F.);
#678 = EDGE_CURVE('',#679,#123,#681,.T.);
#679 = VERTEX_POINT('',#680);
#680 = CARTESIAN_POINT('',(88.2,-68.4,1.8));
#681 = LINE('',#682,#683);
#682 = CARTESIAN_POINT('',(88.2,-68.4,0.8));
#683 = VECTOR('',#684,1.);
#684 = DIRECTION('',(0.,0.,1.));
#685 = ORIENTED_EDGE('',*,*,#686,.T.);
#686 = EDGE_CURVE('',#679,#687,#689,.T.);
#687 = VERTEX_POINT('',#688);
#688 = CARTESIAN_POINT('',(2.8,-68.4,1.8));
#689 = LINE('',#690,#691);
#690 = CARTESIAN_POINT('',(1.25,-68.4,1.8));
#691 = VECTOR('',#692,1.);
#692 = DIRECTION('',(-1.,0.,0.));
#693 = ORIENTED_EDGE('',*,*,#694,.T.);
#694 = EDGE_CURVE('',#687,#125,#695,.T.);
#695 = LINE('',#696,#697);
#696 = CARTESIAN_POINT('',(2.8,-68.4,0.8));
#697 = VECTOR('',#698,1.);
#698 = DIRECTION('',(0.,0.,1.));
#699 = ORIENTED_EDGE('',*,*,#122,.F.);
#700 = PLANE('',#701);
#701 = AXIS2_PLACEMENT_3D('',#702,#703,#704);
#702 = CARTESIAN_POINT('',(2.8,-68.4,0.8));
#703 = DIRECTION('',(0.,1.,0.));
#704 = DIRECTION('',(0.,0.,1.));
#705 = ADVANCED_FACE('',(#706),#724,.F.);
#706 = FACE_BOUND('',#707,.F.);
#707 = EDGE_LOOP('',(#708,#709,#717,#723));
#708 = ORIENTED_EDGE('',*,*,#678,.F.);
#709 = ORIENTED_EDGE('',*,*,#710,.T.);
#710 = EDGE_CURVE('',#679,#711,#713,.T.);
#711 = VERTEX_POINT('',#712);
#712 = CARTESIAN_POINT('',(88.2,-4.2,1.8));
#713 = LINE('',#714,#715);
#714 = CARTESIAN_POINT('',(88.2,-76.35,1.8));
#715 = VECTOR('',#716,1.);
#716 = DIRECTION('',(0.,1.,0.));
#717 = ORIENTED_EDGE('',*,*,#718,.T.);
#718 = EDGE_CURVE('',#711,#141,#719,.T.);
#719 = LINE('',#720,#721);
#720 = CARTESIAN_POINT('',(88.2,-4.2,0.8));
#721 = VECTOR('',#722,1.);
#722 = DIRECTION('',(0.,0.,1.));
#723 = ORIENTED_EDGE('',*,*,#148,.F.);
#724 = PLANE('',#725);
#725 = AXIS2_PLACEMENT_3D('',#726,#727,#728);
#726 = CARTESIAN_POINT('',(88.2,-68.4,0.8));
#727 = DIRECTION('',(1.,0.,0.));
#728 = DIRECTION('',(0.,0.,1.));
#729 = ADVANCED_FACE('',(#730),#748,.T.);
#730 = FACE_BOUND('',#731,.T.);
#731 = EDGE_LOOP('',(#732,#733,#741,#747));
#732 = ORIENTED_EDGE('',*,*,#694,.F.);
#733 = ORIENTED_EDGE('',*,*,#734,.T.);
#734 = EDGE_CURVE('',#687,#735,#737,.T.);
#735 = VERTEX_POINT('',#736);
#736 = CARTESIAN_POINT('',(2.8,-4.2,1.8));
#737 = LINE('',#738,#739);
#738 = CARTESIAN_POINT('',(2.8,-76.35,1.8));
#739 = VECTOR('',#740,1.);
#740 = DIRECTION('',(0.,1.,0.));
#741 = ORIENTED_EDGE('',*,*,#742,.T.);
#742 = EDGE_CURVE('',#735,#133,#743,.T.);
#743 = LINE('',#744,#745);
#744 = CARTESIAN_POINT('',(2.8,-4.2,0.8));
#745 = VECTOR('',#746,1.);
#746 = DIRECTION('',(0.,0.,1.));
#747 = ORIENTED_EDGE('',*,*,#132,.F.);
#748 = PLANE('',#749);
#749 = AXIS2_PLACEMENT_3D('',#750,#751,#752);
#750 = CARTESIAN_POINT('',(2.8,-68.4,0.8));
#751 = DIRECTION('',(1.,0.,0.));
#752 = DIRECTION('',(0.,0.,1.));
#753 = ADVANCED_FACE('',(#754),#765,.F.);
#754 = FACE_BOUND('',#755,.F.);
#755 = EDGE_LOOP('',(#756,#757,#763,#764));
#756 = ORIENTED_EDGE('',*,*,#718,.F.);
#757 = ORIENTED_EDGE('',*,*,#758,.T.);
#758 = EDGE_CURVE('',#711,#735,#759,.T.);
#759 = LINE('',#760,#761);
#760 = CARTESIAN_POINT('',(1.25,-4.2,1.8));
#761 = VECTOR('',#762,1.);
#762 = DIRECTION('',(-1.,0.,0.));
#763 = ORIENTED_EDGE('',*,*,#742,.T.);
#764 = ORIENTED_EDGE('',*,*,#140,.F.);
#765 = PLANE('',#766);
#766 = AXIS2_PLACEMENT_3D('',#767,#768,#769);
#767 = CARTESIAN_POINT('',(2.8,-4.2,0.8));
#768 = DIRECTION('',(0.,1.,0.));
#769 = DIRECTION('',(0.,0.,1.));
#770 = ADVANCED_FACE('',(#771),#787,.F.);
#771 = FACE_BOUND('',#772,.F.);
#772 = EDGE_LOOP('',(#773,#779,#780,#786));
#773 = ORIENTED_EDGE('',*,*,#774,.F.);
#774 = EDGE_CURVE('',#430,#157,#775,.T.);
#775 = LINE('',#776,#777);
#776 = CARTESIAN_POINT('',(37.5,3.774,-4.5));
#777 = VECTOR('',#778,1.);
#778 = DIRECTION('',(0.,0.,1.));
#779 = ORIENTED_EDGE('',*,*,#429,.T.);
#780 = ORIENTED_EDGE('',*,*,#781,.T.);
#781 = EDGE_CURVE('',#432,#159,#782,.T.);
#782 = LINE('',#783,#784);
#783 = CARTESIAN_POINT('',(38.774,2.5,-4.5));
#784 = VECTOR('',#785,1.);
#785 = DIRECTION('',(0.,0.,1.));
#786 = ORIENTED_EDGE('',*,*,#156,.F.);
#787 = CYLINDRICAL_SURFACE('',#788,1.274);
#788 = AXIS2_PLACEMENT_3D('',#789,#790,#791);
#789 = CARTESIAN_POINT('',(38.774,3.774,-4.5));
#790 = DIRECTION('',(0.,0.,1.));
#791 = DIRECTION('',(-1.,0.,0.));
#792 = ADVANCED_FACE('',(#793),#804,.T.);
#793 = FACE_BOUND('',#794,.T.);
#794 = EDGE_LOOP('',(#795,#796,#797,#798));
#795 = ORIENTED_EDGE('',*,*,#491,.T.);
#796 = ORIENTED_EDGE('',*,*,#781,.T.);
#797 = ORIENTED_EDGE('',*,*,#218,.F.);
#798 = ORIENTED_EDGE('',*,*,#799,.F.);
#799 = EDGE_CURVE('',#483,#210,#800,.T.);
#800 = LINE('',#801,#802);
#801 = CARTESIAN_POINT('',(52.226,2.5,-4.5));
#802 = VECTOR('',#803,1.);
#803 = DIRECTION('',(0.,0.,1.));
#804 = PLANE('',#805);
#805 = AXIS2_PLACEMENT_3D('',#806,#807,#808);
#806 = CARTESIAN_POINT('',(37.5,2.5,-4.5));
#807 = DIRECTION('',(0.,1.,0.));
#808 = DIRECTION('',(0.,0.,1.));
#809 = ADVANCED_FACE('',(#810),#821,.F.);
#810 = FACE_BOUND('',#811,.T.);
#811 = EDGE_LOOP('',(#812,#818,#819,#820));
#812 = ORIENTED_EDGE('',*,*,#813,.F.);
#813 = EDGE_CURVE('',#475,#202,#814,.T.);
#814 = LINE('',#815,#816);
#815 = CARTESIAN_POINT('',(53.5,3.774,-4.5));
#816 = VECTOR('',#817,1.);
#817 = DIRECTION('',(0.,0.,1.));
#818 = ORIENTED_EDGE('',*,*,#482,.F.);
#819 = ORIENTED_EDGE('',*,*,#799,.T.);
#820 = ORIENTED_EDGE('',*,*,#209,.T.);
#821 = CYLINDRICAL_SURFACE('',#822,1.274);
#822 = AXIS2_PLACEMENT_3D('',#823,#824,#825);
#823 = CARTESIAN_POINT('',(52.226,3.774,-4.5));
#824 = DIRECTION('',(0.,0.,1.));
#825 = DIRECTION('',(1.,0.,0.));
#826 = ADVANCED_FACE('',(#827),#838,.F.);
#827 = FACE_BOUND('',#828,.F.);
#828 = EDGE_LOOP('',(#829,#830,#831,#832));
#829 = ORIENTED_EDGE('',*,*,#201,.F.);
#830 = ORIENTED_EDGE('',*,*,#813,.F.);
#831 = ORIENTED_EDGE('',*,*,#474,.T.);
#832 = ORIENTED_EDGE('',*,*,#833,.T.);
#833 = EDGE_CURVE('',#466,#193,#834,.T.);
#834 = LINE('',#835,#836);
#835 = CARTESIAN_POINT('',(53.5,3.826,-4.5));
#836 = VECTOR('',#837,1.);
#837 = DIRECTION('',(0.,0.,1.));
#838 = PLANE('',#839);
#839 = AXIS2_PLACEMENT_3D('',#840,#841,#842);
#840 = CARTESIAN_POINT('',(53.5,2.5,-4.5));
#841 = DIRECTION('',(1.,0.,0.));
#842 = DIRECTION('',(0.,0.,1.));
#843 = ADVANCED_FACE('',(#844),#855,.F.);
#844 = FACE_BOUND('',#845,.F.);
#845 = EDGE_LOOP('',(#846,#847,#848,#854));
#846 = ORIENTED_EDGE('',*,*,#833,.F.);
#847 = ORIENTED_EDGE('',*,*,#465,.T.);
#848 = ORIENTED_EDGE('',*,*,#849,.T.);
#849 = EDGE_CURVE('',#458,#185,#850,.T.);
#850 = LINE('',#851,#852);
#851 = CARTESIAN_POINT('',(52.226,5.1,-4.5));
#852 = VECTOR('',#853,1.);
#853 = DIRECTION('',(0.,0.,1.));
#854 = ORIENTED_EDGE('',*,*,#192,.F.);
#855 = CYLINDRICAL_SURFACE('',#856,1.274);
#856 = AXIS2_PLACEMENT_3D('',#857,#858,#859);
#857 = CARTESIAN_POINT('',(52.226,3.826,-4.5));
#858 = DIRECTION('',(0.,0.,1.));
#859 = DIRECTION('',(1.,0.,0.));
#860 = ADVANCED_FACE('',(#861),#872,.F.);
#861 = FACE_BOUND('',#862,.F.);
#862 = EDGE_LOOP('',(#863,#864,#870,#871));
#863 = ORIENTED_EDGE('',*,*,#457,.T.);
#864 = ORIENTED_EDGE('',*,*,#865,.T.);
#865 = EDGE_CURVE('',#449,#176,#866,.T.);
#866 = LINE('',#867,#868);
#867 = CARTESIAN_POINT('',(38.774,5.1,-4.5));
#868 = VECTOR('',#869,1.);
#869 = DIRECTION('',(0.,0.,1.));
#870 = ORIENTED_EDGE('',*,*,#184,.F.);
#871 = ORIENTED_EDGE('',*,*,#849,.F.);
#872 = PLANE('',#873);
#873 = AXIS2_PLACEMENT_3D('',#874,#875,#876);
#874 = CARTESIAN_POINT('',(37.5,5.1,-4.5));
#875 = DIRECTION('',(0.,1.,0.));
#876 = DIRECTION('',(0.,0.,1.));
#877 = ADVANCED_FACE('',(#878),#889,.F.);
#878 = FACE_BOUND('',#879,.T.);
#879 = EDGE_LOOP('',(#880,#886,#887,#888));
#880 = ORIENTED_EDGE('',*,*,#881,.F.);
#881 = EDGE_CURVE('',#441,#168,#882,.T.);
#882 = LINE('',#883,#884);
#883 = CARTESIAN_POINT('',(37.5,3.826,-4.5));
#884 = VECTOR('',#885,1.);
#885 = DIRECTION('',(0.,0.,1.));
#886 = ORIENTED_EDGE('',*,*,#448,.F.);
#887 = ORIENTED_EDGE('',*,*,#865,.T.);
#888 = ORIENTED_EDGE('',*,*,#175,.T.);
#889 = CYLINDRICAL_SURFACE('',#890,1.274);
#890 = AXIS2_PLACEMENT_3D('',#891,#892,#893);
#891 = CARTESIAN_POINT('',(38.774,3.826,-4.5));
#892 = DIRECTION('',(0.,0.,1.));
#893 = DIRECTION('',(-1.,0.,0.));
#894 = ADVANCED_FACE('',(#895),#901,.T.);
#895 = FACE_BOUND('',#896,.T.);
#896 = EDGE_LOOP('',(#897,#898,#899,#900));
#897 = ORIENTED_EDGE('',*,*,#167,.F.);
#898 = ORIENTED_EDGE('',*,*,#774,.F.);
#899 = ORIENTED_EDGE('',*,*,#440,.T.);
#900 = ORIENTED_EDGE('',*,*,#881,.T.);
#901 = PLANE('',#902);
#902 = AXIS2_PLACEMENT_3D('',#903,#904,#905);
#903 = CARTESIAN_POINT('',(37.5,2.5,-4.5));
#904 = DIRECTION('',(1.,0.,0.));
#905 = DIRECTION('',(0.,0.,1.));
#906 = ADVANCED_FACE('',(#907),#939,.T.);
#907 = FACE_BOUND('',#908,.T.);
#908 = EDGE_LOOP('',(#909,#919,#925,#926,#932,#933));
#909 = ORIENTED_EDGE('',*,*,#910,.F.);
#910 = EDGE_CURVE('',#911,#913,#915,.T.);
#911 = VERTEX_POINT('',#912);
#912 = CARTESIAN_POINT('',(-0.3,-84.3,1.79));
#913 = VERTEX_POINT('',#914);
#914 = CARTESIAN_POINT('',(91.3,-84.3,1.79));
#915 = LINE('',#916,#917);
#916 = CARTESIAN_POINT('',(-0.3,-84.3,1.79));
#917 = VECTOR('',#918,1.);
#918 = DIRECTION('',(1.,0.,0.));
#919 = ORIENTED_EDGE('',*,*,#920,.F.);
#920 = EDGE_CURVE('',#252,#911,#921,.T.);
#921 = LINE('',#922,#923);
#922 = CARTESIAN_POINT('',(-0.3,-85.3,1.79));
#923 = VECTOR('',#924,1.);
#924 = DIRECTION('',(0.,1.,0.));
#925 = ORIENTED_EDGE('',*,*,#251,.T.);
#926 = ORIENTED_EDGE('',*,*,#927,.T.);
#927 = EDGE_CURVE('',#254,#608,#928,.T.);
#928 = LINE('',#929,#930);
#929 = CARTESIAN_POINT('',(-0.3,-85.3,1.79));
#930 = VECTOR('',#931,1.);
#931 = DIRECTION('',(1.,0.,0.));
#932 = ORIENTED_EDGE('',*,*,#607,.T.);
#933 = ORIENTED_EDGE('',*,*,#934,.T.);
#934 = EDGE_CURVE('',#610,#913,#935,.T.);
#935 = LINE('',#936,#937);
#936 = CARTESIAN_POINT('',(91.3,-85.3,1.79));
#937 = VECTOR('',#938,1.);
#938 = DIRECTION('',(0.,1.,0.));
#939 = PLANE('',#940);
#940 = AXIS2_PLACEMENT_3D('',#941,#942,#943);
#941 = CARTESIAN_POINT('',(-0.3,-85.3,1.79));
#942 = DIRECTION('',(0.,0.,1.));
#943 = DIRECTION('',(1.,0.,0.));
#944 = ADVANCED_FACE('',(#945),#956,.T.);
#945 = FACE_BOUND('',#946,.T.);
#946 = EDGE_LOOP('',(#947,#948,#949,#955));
#947 = ORIENTED_EDGE('',*,*,#927,.F.);
#948 = ORIENTED_EDGE('',*,*,#279,.T.);
#949 = ORIENTED_EDGE('',*,*,#950,.T.);
#950 = EDGE_CURVE('',#271,#627,#951,.T.);
#951 = LINE('',#952,#953);
#952 = CARTESIAN_POINT('',(-0.3,-85.3,2.2));
#953 = VECTOR('',#954,1.);
#954 = DIRECTION('',(1.,0.,0.));
#955 = ORIENTED_EDGE('',*,*,#635,.F.);
#956 = PLANE('',#957);
#957 = AXIS2_PLACEMENT_3D('',#958,#959,#960);
#958 = CARTESIAN_POINT('',(-0.3,-85.3,1.79));
#959 = DIRECTION('',(0.,1.,0.));
#960 = DIRECTION('',(0.,0.,1.));
#961 = ADVANCED_FACE('',(#962),#989,.F.);
#962 = FACE_BOUND('',#963,.F.);
#963 = EDGE_LOOP('',(#964,#972,#973,#974,#975,#983));
#964 = ORIENTED_EDGE('',*,*,#965,.F.);
#965 = EDGE_CURVE('',#263,#966,#968,.T.);
#966 = VERTEX_POINT('',#967);
#967 = CARTESIAN_POINT('',(-0.3,-77.5,2.2));
#968 = LINE('',#969,#970);
#969 = CARTESIAN_POINT('',(-0.3,-85.3,2.2));
#970 = VECTOR('',#971,1.);
#971 = DIRECTION('',(0.,1.,0.));
#972 = ORIENTED_EDGE('',*,*,#270,.T.);
#973 = ORIENTED_EDGE('',*,*,#950,.T.);
#974 = ORIENTED_EDGE('',*,*,#626,.T.);
#975 = ORIENTED_EDGE('',*,*,#976,.T.);
#976 = EDGE_CURVE('',#619,#977,#979,.T.);
#977 = VERTEX_POINT('',#978);
#978 = CARTESIAN_POINT('',(91.3,-77.5,2.2));
#979 = LINE('',#980,#981);
#980 = CARTESIAN_POINT('',(91.3,-85.3,2.2));
#981 = VECTOR('',#982,1.);
#982 = DIRECTION('',(0.,1.,0.));
#983 = ORIENTED_EDGE('',*,*,#984,.F.);
#984 = EDGE_CURVE('',#966,#977,#985,.T.);
#985 = LINE('',#986,#987);
#986 = CARTESIAN_POINT('',(-0.3,-77.5,2.2));
#987 = VECTOR('',#988,1.);
#988 = DIRECTION('',(1.,0.,0.));
#989 = PLANE('',#990);
#990 = AXIS2_PLACEMENT_3D('',#991,#992,#993);
#991 = CARTESIAN_POINT('',(-0.3,-85.3,2.2));
#992 = DIRECTION('',(0.,0.,1.));
#993 = DIRECTION('',(1.,0.,0.));
#994 = ADVANCED_FACE('',(#995),#1022,.T.);
#995 = FACE_BOUND('',#996,.T.);
#996 = EDGE_LOOP('',(#997,#998,#999,#1000,#1008,#1016));
#997 = ORIENTED_EDGE('',*,*,#965,.F.);
#998 = ORIENTED_EDGE('',*,*,#262,.F.);
#999 = ORIENTED_EDGE('',*,*,#920,.T.);
#1000 = ORIENTED_EDGE('',*,*,#1001,.T.);
#1001 = EDGE_CURVE('',#911,#1002,#1004,.T.);
#1002 = VERTEX_POINT('',#1003);
#1003 = CARTESIAN_POINT('',(-0.3,-84.3,1.8));
#1004 = LINE('',#1005,#1006);
#1005 = CARTESIAN_POINT('',(-0.3,-84.3,-4.5));
#1006 = VECTOR('',#1007,1.);
#1007 = DIRECTION('',(0.,0.,1.));
#1008 = ORIENTED_EDGE('',*,*,#1009,.T.);
#1009 = EDGE_CURVE('',#1002,#1010,#1012,.T.);
#1010 = VERTEX_POINT('',#1011);
#1011 = CARTESIAN_POINT('',(-0.3,-77.5,1.8));
#1012 = LINE('',#1013,#1014);
#1013 = CARTESIAN_POINT('',(-0.3,-84.3,1.8));
#1014 = VECTOR('',#1015,1.);
#1015 = DIRECTION('',(0.,1.,0.));
#1016 = ORIENTED_EDGE('',*,*,#1017,.T.);
#1017 = EDGE_CURVE('',#1010,#966,#1018,.T.);
#1018 = LINE('',#1019,#1020);
#1019 = CARTESIAN_POINT('',(-0.3,-77.5,1.79));
#1020 = VECTOR('',#1021,1.);
#1021 = DIRECTION('',(0.,0.,1.));
#1022 = PLANE('',#1023);
#1023 = AXIS2_PLACEMENT_3D('',#1024,#1025,#1026);
#1024 = CARTESIAN_POINT('',(-0.3,-85.3,1.79));
#1025 = DIRECTION('',(1.,0.,0.));
#1026 = DIRECTION('',(0.,0.,1.));
#1027 = ADVANCED_FACE('',(#1028),#1046,.F.);
#1028 = FACE_BOUND('',#1029,.F.);
#1029 = EDGE_LOOP('',(#1030,#1038,#1039,#1040));
#1030 = ORIENTED_EDGE('',*,*,#1031,.F.);
#1031 = EDGE_CURVE('',#516,#1032,#1034,.T.);
#1032 = VERTEX_POINT('',#1033);
#1033 = CARTESIAN_POINT('',(49.5,-84.9,-2.9));
#1034 = LINE('',#1035,#1036);
#1035 = CARTESIAN_POINT('',(49.5,-86.5,-2.9));
#1036 = VECTOR('',#1037,1.);
#1037 = DIRECTION('',(0.,1.,0.));
#1038 = ORIENTED_EDGE('',*,*,#515,.T.);
#1039 = ORIENTED_EDGE('',*,*,#344,.T.);
#1040 = ORIENTED_EDGE('',*,*,#1041,.T.);
#1041 = EDGE_CURVE('',#337,#1032,#1042,.T.);
#1042 = LINE('',#1043,#1044);
#1043 = CARTESIAN_POINT('',(49.5,-84.9,-4.5));
#1044 = VECTOR('',#1045,1.);
#1045 = DIRECTION('',(0.,0.,1.));
#1046 = PLANE('',#1047);
#1047 = AXIS2_PLACEMENT_3D('',#1048,#1049,#1050);
#1048 = CARTESIAN_POINT('',(49.5,-86.5,-4.5));
#1049 = DIRECTION('',(1.,0.,0.));
#1050 = DIRECTION('',(0.,0.,1.));
#1051 = ADVANCED_FACE('',(#1052),#1070,.F.);
#1052 = FACE_BOUND('',#1053,.F.);
#1053 = EDGE_LOOP('',(#1054,#1055,#1056,#1064));
#1054 = ORIENTED_EDGE('',*,*,#1041,.F.);
#1055 = ORIENTED_EDGE('',*,*,#336,.T.);
#1056 = ORIENTED_EDGE('',*,*,#1057,.T.);
#1057 = EDGE_CURVE('',#329,#1058,#1060,.T.);
#1058 = VERTEX_POINT('',#1059);
#1059 = CARTESIAN_POINT('',(41.5,-84.9,-2.9));
#1060 = LINE('',#1061,#1062);
#1061 = CARTESIAN_POINT('',(41.5,-84.9,-4.5));
#1062 = VECTOR('',#1063,1.);
#1063 = DIRECTION('',(0.,0.,1.));
#1064 = ORIENTED_EDGE('',*,*,#1065,.T.);
#1065 = EDGE_CURVE('',#1058,#1032,#1066,.T.);
#1066 = LINE('',#1067,#1068);
#1067 = CARTESIAN_POINT('',(41.5,-84.9,-2.9));
#1068 = VECTOR('',#1069,1.);
#1069 = DIRECTION('',(1.,0.,0.));
#1070 = PLANE('',#1071);
#1071 = AXIS2_PLACEMENT_3D('',#1072,#1073,#1074);
#1072 = CARTESIAN_POINT('',(41.5,-84.9,-4.5));
#1073 = DIRECTION('',(0.,1.,0.));
#1074 = DIRECTION('',(0.,0.,1.));
#1075 = ADVANCED_FACE('',(#1076),#1087,.T.);
#1076 = FACE_BOUND('',#1077,.T.);
#1077 = EDGE_LOOP('',(#1078,#1084,#1085,#1086));
#1078 = ORIENTED_EDGE('',*,*,#1079,.F.);
#1079 = EDGE_CURVE('',#524,#1058,#1080,.T.);
#1080 = LINE('',#1081,#1082);
#1081 = CARTESIAN_POINT('',(41.5,-86.5,-2.9));
#1082 = VECTOR('',#1083,1.);
#1083 = DIRECTION('',(0.,1.,0.));
#1084 = ORIENTED_EDGE('',*,*,#531,.T.);
#1085 = ORIENTED_EDGE('',*,*,#328,.T.);
#1086 = ORIENTED_EDGE('',*,*,#1057,.T.);
#1087 = PLANE('',#1088);
#1088 = AXIS2_PLACEMENT_3D('',#1089,#1090,#1091);
#1089 = CARTESIAN_POINT('',(41.5,-86.5,-4.5));
#1090 = DIRECTION('',(1.,0.,0.));
#1091 = DIRECTION('',(0.,0.,1.));
#1092 = ADVANCED_FACE('',(#1093,#1109),#1175,.T.);
#1093 = FACE_BOUND('',#1094,.T.);
#1094 = EDGE_LOOP('',(#1095,#1101,#1102,#1108));
#1095 = ORIENTED_EDGE('',*,*,#1096,.F.);
#1096 = EDGE_CURVE('',#396,#913,#1097,.T.);
#1097 = LINE('',#1098,#1099);
#1098 = CARTESIAN_POINT('',(91.3,-84.3,-4.5));
#1099 = VECTOR('',#1100,1.);
#1100 = DIRECTION('',(0.,0.,1.));
#1101 = ORIENTED_EDGE('',*,*,#395,.T.);
#1102 = ORIENTED_EDGE('',*,*,#1103,.T.);
#1103 = EDGE_CURVE('',#398,#911,#1104,.T.);
#1104 = LINE('',#1105,#1106);
#1105 = CARTESIAN_POINT('',(-0.3,-84.3,-4.5));
#1106 = VECTOR('',#1107,1.);
#1107 = DIRECTION('',(0.,0.,1.));
#1108 = ORIENTED_EDGE('',*,*,#910,.T.);
#1109 = FACE_BOUND('',#1110,.T.);
#1110 = EDGE_LOOP('',(#1111,#1121,#1129,#1137,#1145,#1153,#1161,#1169));
#1111 = ORIENTED_EDGE('',*,*,#1112,.F.);
#1112 = EDGE_CURVE('',#1113,#1115,#1117,.T.);
#1113 = VERTEX_POINT('',#1114);
#1114 = CARTESIAN_POINT('',(69.825,-84.3,1.55));
#1115 = VERTEX_POINT('',#1116);
#1116 = CARTESIAN_POINT('',(80.175,-84.3,1.55));
#1117 = LINE('',#1118,#1119);
#1118 = CARTESIAN_POINT('',(34.7625,-84.3,1.55));
#1119 = VECTOR('',#1120,1.);
#1120 = DIRECTION('',(1.,0.,0.));
#1121 = ORIENTED_EDGE('',*,*,#1122,.T.);
#1122 = EDGE_CURVE('',#1113,#1123,#1125,.T.);
#1123 = VERTEX_POINT('',#1124);
#1124 = CARTESIAN_POINT('',(69.825,-84.3,-2.3));
#1125 = LINE('',#1126,#1127);
#1126 = CARTESIAN_POINT('',(69.825,-84.3,-3.45));
#1127 = VECTOR('',#1128,1.);
#1128 = DIRECTION('',(0.,0.,-1.));
#1129 = ORIENTED_EDGE('',*,*,#1130,.F.);
#1130 = EDGE_CURVE('',#1131,#1123,#1133,.T.);
#1131 = VERTEX_POINT('',#1132);
#1132 = CARTESIAN_POINT('',(3.7,-84.3,-2.3));
#1133 = LINE('',#1134,#1135);
#1134 = CARTESIAN_POINT('',(1.7,-84.3,-2.3));
#1135 = VECTOR('',#1136,1.);
#1136 = DIRECTION('',(1.,0.,0.));
#1137 = ORIENTED_EDGE('',*,*,#1138,.T.);
#1138 = EDGE_CURVE('',#1131,#1139,#1141,.T.);
#1139 = VERTEX_POINT('',#1140);
#1140 = CARTESIAN_POINT('',(3.7,-84.3,-3.2));
#1141 = LINE('',#1142,#1143);
#1142 = CARTESIAN_POINT('',(3.7,-84.3,-3.85));
#1143 = VECTOR('',#1144,1.);
#1144 = DIRECTION('',(0.,0.,-1.));
#1145 = ORIENTED_EDGE('',*,*,#1146,.T.);
#1146 = EDGE_CURVE('',#1139,#1147,#1149,.T.);
#1147 = VERTEX_POINT('',#1148);
#1148 = CARTESIAN_POINT('',(87.3,-84.3,-3.2));
#1149 = LINE('',#1150,#1151);
#1150 = CARTESIAN_POINT('',(1.7,-84.3,-3.2));
#1151 = VECTOR('',#1152,1.);
#1152 = DIRECTION('',(1.,0.,0.));
#1153 = ORIENTED_EDGE('',*,*,#1154,.F.);
#1154 = EDGE_CURVE('',#1155,#1147,#1157,.T.);
#1155 = VERTEX_POINT('',#1156);
#1156 = CARTESIAN_POINT('',(87.3,-84.3,-2.3));
#1157 = LINE('',#1158,#1159);
#1158 = CARTESIAN_POINT('',(87.3,-84.3,-3.85));
#1159 = VECTOR('',#1160,1.);
#1160 = DIRECTION('',(0.,0.,-1.));
#1161 = ORIENTED_EDGE('',*,*,#1162,.F.);
#1162 = EDGE_CURVE('',#1163,#1155,#1165,.T.);
#1163 = VERTEX_POINT('',#1164);
#1164 = CARTESIAN_POINT('',(80.175,-84.3,-2.3));
#1165 = LINE('',#1166,#1167);
#1166 = CARTESIAN_POINT('',(1.7,-84.3,-2.3));
#1167 = VECTOR('',#1168,1.);
#1168 = DIRECTION('',(1.,0.,0.));
#1169 = ORIENTED_EDGE('',*,*,#1170,.F.);
#1170 = EDGE_CURVE('',#1115,#1163,#1171,.T.);
#1171 = LINE('',#1172,#1173);
#1172 = CARTESIAN_POINT('',(80.175,-84.3,-3.45));
#1173 = VECTOR('',#1174,1.);
#1174 = DIRECTION('',(0.,0.,-1.));
#1175 = PLANE('',#1176);
#1176 = AXIS2_PLACEMENT_3D('',#1177,#1178,#1179);
#1177 = CARTESIAN_POINT('',(-0.3,-84.3,-4.5));
#1178 = DIRECTION('',(0.,1.,0.));
#1179 = DIRECTION('',(0.,0.,1.));
#1180 = ADVANCED_FACE('',(#1181),#1215,.F.);
#1181 = FACE_BOUND('',#1182,.F.);
#1182 = EDGE_LOOP('',(#1183,#1184,#1185,#1193,#1201,#1209));
#1183 = ORIENTED_EDGE('',*,*,#1096,.F.);
#1184 = ORIENTED_EDGE('',*,*,#421,.T.);
#1185 = ORIENTED_EDGE('',*,*,#1186,.T.);
#1186 = EDGE_CURVE('',#414,#1187,#1189,.T.);
#1187 = VERTEX_POINT('',#1188);
#1188 = CARTESIAN_POINT('',(91.3,0.3,1.8));
#1189 = LINE('',#1190,#1191);
#1190 = CARTESIAN_POINT('',(91.3,0.3,-4.5));
#1191 = VECTOR('',#1192,1.);
#1192 = DIRECTION('',(0.,0.,1.));
#1193 = ORIENTED_EDGE('',*,*,#1194,.F.);
#1194 = EDGE_CURVE('',#1195,#1187,#1197,.T.);
#1195 = VERTEX_POINT('',#1196);
#1196 = CARTESIAN_POINT('',(91.3,-77.5,1.8));
#1197 = LINE('',#1198,#1199);
#1198 = CARTESIAN_POINT('',(91.3,-84.3,1.8));
#1199 = VECTOR('',#1200,1.);
#1200 = DIRECTION('',(0.,1.,0.));
#1201 = ORIENTED_EDGE('',*,*,#1202,.F.);
#1202 = EDGE_CURVE('',#1203,#1195,#1205,.T.);
#1203 = VERTEX_POINT('',#1204);
#1204 = CARTESIAN_POINT('',(91.3,-77.5,1.79));
#1205 = LINE('',#1206,#1207);
#1206 = CARTESIAN_POINT('',(91.3,-77.5,1.79));
#1207 = VECTOR('',#1208,1.);
#1208 = DIRECTION('',(0.,0.,1.));
#1209 = ORIENTED_EDGE('',*,*,#1210,.F.);
#1210 = EDGE_CURVE('',#913,#1203,#1211,.T.);
#1211 = LINE('',#1212,#1213);
#1212 = CARTESIAN_POINT('',(91.3,-85.3,1.79));
#1213 = VECTOR('',#1214,1.);
#1214 = DIRECTION('',(0.,1.,0.));
#1215 = PLANE('',#1216);
#1216 = AXIS2_PLACEMENT_3D('',#1217,#1218,#1219);
#1217 = CARTESIAN_POINT('',(91.3,-84.3,-4.5));
#1218 = DIRECTION('',(1.,0.,0.));
#1219 = DIRECTION('',(0.,0.,1.));
#1220 = ADVANCED_FACE('',(#1221),#1253,.T.);
#1221 = FACE_BOUND('',#1222,.T.);
#1222 = EDGE_LOOP('',(#1223,#1224,#1225,#1233,#1239,#1247));
#1223 = ORIENTED_EDGE('',*,*,#1103,.F.);
#1224 = ORIENTED_EDGE('',*,*,#405,.T.);
#1225 = ORIENTED_EDGE('',*,*,#1226,.T.);
#1226 = EDGE_CURVE('',#406,#1227,#1229,.T.);
#1227 = VERTEX_POINT('',#1228);
#1228 = CARTESIAN_POINT('',(-0.3,0.3,1.8));
#1229 = LINE('',#1230,#1231);
#1230 = CARTESIAN_POINT('',(-0.3,0.3,-4.5));
#1231 = VECTOR('',#1232,1.);
#1232 = DIRECTION('',(0.,0.,1.));
#1233 = ORIENTED_EDGE('',*,*,#1234,.F.);
#1234 = EDGE_CURVE('',#1010,#1227,#1235,.T.);
#1235 = LINE('',#1236,#1237);
#1236 = CARTESIAN_POINT('',(-0.3,-84.3,1.8));
#1237 = VECTOR('',#1238,1.);
#1238 = DIRECTION('',(0.,1.,0.));
#1239 = ORIENTED_EDGE('',*,*,#1240,.F.);
#1240 = EDGE_CURVE('',#1241,#1010,#1243,.T.);
#1241 = VERTEX_POINT('',#1242);
#1242 = CARTESIAN_POINT('',(-0.3,-77.5,1.79));
#1243 = LINE('',#1244,#1245);
#1244 = CARTESIAN_POINT('',(-0.3,-77.5,1.79));
#1245 = VECTOR('',#1246,1.);
#1246 = DIRECTION('',(0.,0.,1.));
#1247 = ORIENTED_EDGE('',*,*,#1248,.F.);
#1248 = EDGE_CURVE('',#911,#1241,#1249,.T.);
#1249 = LINE('',#1250,#1251);
#1250 = CARTESIAN_POINT('',(-0.3,-85.3,1.79));
#1251 = VECTOR('',#1252,1.);
#1252 = DIRECTION('',(0.,1.,0.));
#1253 = PLANE('',#1254);
#1254 = AXIS2_PLACEMENT_3D('',#1255,#1256,#1257);
#1255 = CARTESIAN_POINT('',(-0.3,-84.3,-4.5));
#1256 = DIRECTION('',(1.,0.,0.));
#1257 = DIRECTION('',(0.,0.,1.));
#1258 = ADVANCED_FACE('',(#1259,#1270),#1304,.F.);
#1259 = FACE_BOUND('',#1260,.F.);
#1260 = EDGE_LOOP('',(#1261,#1262,#1263,#1264));
#1261 = ORIENTED_EDGE('',*,*,#1186,.F.);
#1262 = ORIENTED_EDGE('',*,*,#413,.T.);
#1263 = ORIENTED_EDGE('',*,*,#1226,.T.);
#1264 = ORIENTED_EDGE('',*,*,#1265,.T.);
#1265 = EDGE_CURVE('',#1227,#1187,#1266,.T.);
#1266 = LINE('',#1267,#1268);
#1267 = CARTESIAN_POINT('',(-0.3,0.3,1.8));
#1268 = VECTOR('',#1269,1.);
#1269 = DIRECTION('',(1.,0.,0.));
#1270 = FACE_BOUND('',#1271,.F.);
#1271 = EDGE_LOOP('',(#1272,#1282,#1290,#1298));
#1272 = ORIENTED_EDGE('',*,*,#1273,.F.);
#1273 = EDGE_CURVE('',#1274,#1276,#1278,.T.);
#1274 = VERTEX_POINT('',#1275);
#1275 = CARTESIAN_POINT('',(3.7,0.3,-2.3));
#1276 = VERTEX_POINT('',#1277);
#1277 = CARTESIAN_POINT('',(87.3,0.3,-2.3));
#1278 = LINE('',#1279,#1280);
#1279 = CARTESIAN_POINT('',(1.7,0.3,-2.3));
#1280 = VECTOR('',#1281,1.);
#1281 = DIRECTION('',(1.,0.,0.));
#1282 = ORIENTED_EDGE('',*,*,#1283,.T.);
#1283 = EDGE_CURVE('',#1274,#1284,#1286,.T.);
#1284 = VERTEX_POINT('',#1285);
#1285 = CARTESIAN_POINT('',(3.7,0.3,-3.2));
#1286 = LINE('',#1287,#1288);
#1287 = CARTESIAN_POINT('',(3.7,0.3,-3.85));
#1288 = VECTOR('',#1289,1.);
#1289 = DIRECTION('',(0.,0.,-1.));
#1290 = ORIENTED_EDGE('',*,*,#1291,.T.);
#1291 = EDGE_CURVE('',#1284,#1292,#1294,.T.);
#1292 = VERTEX_POINT('',#1293);
#1293 = CARTESIAN_POINT('',(87.3,0.3,-3.2));
#1294 = LINE('',#1295,#1296);
#1295 = CARTESIAN_POINT('',(1.7,0.3,-3.2));
#1296 = VECTOR('',#1297,1.);
#1297 = DIRECTION('',(1.,0.,0.));
#1298 = ORIENTED_EDGE('',*,*,#1299,.F.);
#1299 = EDGE_CURVE('',#1276,#1292,#1300,.T.);
#1300 = LINE('',#1301,#1302);
#1301 = CARTESIAN_POINT('',(87.3,0.3,-3.85));
#1302 = VECTOR('',#1303,1.);
#1303 = DIRECTION('',(0.,0.,-1.));
#1304 = PLANE('',#1305);
#1305 = AXIS2_PLACEMENT_3D('',#1306,#1307,#1308);
#1306 = CARTESIAN_POINT('',(-0.3,0.3,-4.5));
#1307 = DIRECTION('',(0.,1.,0.));
#1308 = DIRECTION('',(0.,0.,1.));
#1309 = ADVANCED_FACE('',(#1310),#1316,.F.);
#1310 = FACE_BOUND('',#1311,.F.);
#1311 = EDGE_LOOP('',(#1312,#1313,#1314,#1315));
#1312 = ORIENTED_EDGE('',*,*,#1079,.F.);
#1313 = ORIENTED_EDGE('',*,*,#523,.T.);
#1314 = ORIENTED_EDGE('',*,*,#1031,.T.);
#1315 = ORIENTED_EDGE('',*,*,#1065,.F.);
#1316 = PLANE('',#1317);
#1317 = AXIS2_PLACEMENT_3D('',#1318,#1319,#1320);
#1318 = CARTESIAN_POINT('',(41.5,-86.5,-2.9));
#1319 = DIRECTION('',(0.,0.,1.));
#1320 = DIRECTION('',(1.,0.,0.));
#1321 = ADVANCED_FACE('',(#1322),#1338,.F.);
#1322 = FACE_BOUND('',#1323,.F.);
#1323 = EDGE_LOOP('',(#1324,#1330,#1331,#1337));
#1324 = ORIENTED_EDGE('',*,*,#1325,.F.);
#1325 = EDGE_CURVE('',#540,#1113,#1326,.T.);
#1326 = LINE('',#1327,#1328);
#1327 = CARTESIAN_POINT('',(69.825,-86.5,1.55));
#1328 = VECTOR('',#1329,1.);
#1329 = DIRECTION('',(0.,1.,0.));
#1330 = ORIENTED_EDGE('',*,*,#539,.T.);
#1331 = ORIENTED_EDGE('',*,*,#1332,.T.);
#1332 = EDGE_CURVE('',#542,#1115,#1333,.T.);
#1333 = LINE('',#1334,#1335);
#1334 = CARTESIAN_POINT('',(80.175,-86.5,1.55));
#1335 = VECTOR('',#1336,1.);
#1336 = DIRECTION('',(0.,1.,0.));
#1337 = ORIENTED_EDGE('',*,*,#1112,.F.);
#1338 = PLANE('',#1339);
#1339 = AXIS2_PLACEMENT_3D('',#1340,#1341,#1342);
#1340 = CARTESIAN_POINT('',(69.825,-86.5,1.55));
#1341 = DIRECTION('',(0.,0.,1.));
#1342 = DIRECTION('',(1.,0.,0.));
#1343 = ADVANCED_FACE('',(#1344),#1371,.T.);
#1344 = FACE_BOUND('',#1345,.T.);
#1345 = EDGE_LOOP('',(#1346,#1347,#1348,#1356,#1364,#1370));
#1346 = ORIENTED_EDGE('',*,*,#1325,.F.);
#1347 = ORIENTED_EDGE('',*,*,#549,.T.);
#1348 = ORIENTED_EDGE('',*,*,#1349,.T.);
#1349 = EDGE_CURVE('',#550,#1350,#1352,.T.);
#1350 = VERTEX_POINT('',#1351);
#1351 = CARTESIAN_POINT('',(69.825,-84.65,-2.4));
#1352 = LINE('',#1353,#1354);
#1353 = CARTESIAN_POINT('',(69.825,-86.5,-2.4));
#1354 = VECTOR('',#1355,1.);
#1355 = DIRECTION('',(0.,1.,0.));
#1356 = ORIENTED_EDGE('',*,*,#1357,.T.);
#1357 = EDGE_CURVE('',#1350,#1358,#1360,.T.);
#1358 = VERTEX_POINT('',#1359);
#1359 = CARTESIAN_POINT('',(69.825,-84.65,-2.3));
#1360 = LINE('',#1361,#1362);
#1361 = CARTESIAN_POINT('',(69.825,-84.65,-2.8));
#1362 = VECTOR('',#1363,1.);
#1363 = DIRECTION('',(0.,0.,1.));
#1364 = ORIENTED_EDGE('',*,*,#1365,.F.);
#1365 = EDGE_CURVE('',#1123,#1358,#1366,.T.);
#1366 = LINE('',#1367,#1368);
#1367 = CARTESIAN_POINT('',(69.825,-85.575,-2.3));
#1368 = VECTOR('',#1369,1.);
#1369 = DIRECTION('',(0.,-1.,0.));
#1370 = ORIENTED_EDGE('',*,*,#1122,.F.);
#1371 = PLANE('',#1372);
#1372 = AXIS2_PLACEMENT_3D('',#1373,#1374,#1375);
#1373 = CARTESIAN_POINT('',(69.825,-86.5,-2.4));
#1374 = DIRECTION('',(1.,0.,0.));
#1375 = DIRECTION('',(0.,0.,1.));
#1376 = ADVANCED_FACE('',(#1377),#1404,.F.);
#1377 = FACE_BOUND('',#1378,.F.);
#1378 = EDGE_LOOP('',(#1379,#1380,#1381,#1389,#1397,#1403));
#1379 = ORIENTED_EDGE('',*,*,#1332,.F.);
#1380 = ORIENTED_EDGE('',*,*,#565,.T.);
#1381 = ORIENTED_EDGE('',*,*,#1382,.T.);
#1382 = EDGE_CURVE('',#558,#1383,#1385,.T.);
#1383 = VERTEX_POINT('',#1384);
#1384 = CARTESIAN_POINT('',(80.175,-84.65,-2.4));
#1385 = LINE('',#1386,#1387);
#1386 = CARTESIAN_POINT('',(80.175,-86.5,-2.4));
#1387 = VECTOR('',#1388,1.);
#1388 = DIRECTION('',(0.,1.,0.));
#1389 = ORIENTED_EDGE('',*,*,#1390,.T.);
#1390 = EDGE_CURVE('',#1383,#1391,#1393,.T.);
#1391 = VERTEX_POINT('',#1392);
#1392 = CARTESIAN_POINT('',(80.175,-84.65,-2.3));
#1393 = LINE('',#1394,#1395);
#1394 = CARTESIAN_POINT('',(80.175,-84.65,-2.8));
#1395 = VECTOR('',#1396,1.);
#1396 = DIRECTION('',(0.,0.,1.));
#1397 = ORIENTED_EDGE('',*,*,#1398,.F.);
#1398 = EDGE_CURVE('',#1163,#1391,#1399,.T.);
#1399 = LINE('',#1400,#1401);
#1400 = CARTESIAN_POINT('',(80.175,-85.575,-2.3));
#1401 = VECTOR('',#1402,1.);
#1402 = DIRECTION('',(0.,-1.,0.));
#1403 = ORIENTED_EDGE('',*,*,#1170,.F.);
#1404 = PLANE('',#1405);
#1405 = AXIS2_PLACEMENT_3D('',#1406,#1407,#1408);
#1406 = CARTESIAN_POINT('',(80.175,-86.5,-2.4));
#1407 = DIRECTION('',(1.,0.,0.));
#1408 = DIRECTION('',(0.,0.,1.));
#1409 = ADVANCED_FACE('',(#1410),#1421,.T.);
#1410 = FACE_BOUND('',#1411,.T.);
#1411 = EDGE_LOOP('',(#1412,#1413,#1414,#1415));
#1412 = ORIENTED_EDGE('',*,*,#1349,.F.);
#1413 = ORIENTED_EDGE('',*,*,#557,.T.);
#1414 = ORIENTED_EDGE('',*,*,#1382,.T.);
#1415 = ORIENTED_EDGE('',*,*,#1416,.T.);
#1416 = EDGE_CURVE('',#1383,#1350,#1417,.T.);
#1417 = LINE('',#1418,#1419);
#1418 = CARTESIAN_POINT('',(36.7625,-84.65,-2.4));
#1419 = VECTOR('',#1420,1.);
#1420 = DIRECTION('',(-1.,0.,0.));
#1421 = PLANE('',#1422);
#1422 = AXIS2_PLACEMENT_3D('',#1423,#1424,#1425);
#1423 = CARTESIAN_POINT('',(69.825,-86.5,-2.4));
#1424 = DIRECTION('',(0.,0.,1.));
#1425 = DIRECTION('',(1.,0.,0.));
#1426 = ADVANCED_FACE('',(#1427),#1452,.F.);
#1427 = FACE_BOUND('',#1428,.F.);
#1428 = EDGE_LOOP('',(#1429,#1430,#1431,#1432,#1440,#1446));
#1429 = ORIENTED_EDGE('',*,*,#976,.F.);
#1430 = ORIENTED_EDGE('',*,*,#618,.F.);
#1431 = ORIENTED_EDGE('',*,*,#934,.T.);
#1432 = ORIENTED_EDGE('',*,*,#1433,.T.);
#1433 = EDGE_CURVE('',#913,#1434,#1436,.T.);
#1434 = VERTEX_POINT('',#1435);
#1435 = CARTESIAN_POINT('',(91.3,-84.3,1.8));
#1436 = LINE('',#1437,#1438);
#1437 = CARTESIAN_POINT('',(91.3,-84.3,-4.5));
#1438 = VECTOR('',#1439,1.);
#1439 = DIRECTION('',(0.,0.,1.));
#1440 = ORIENTED_EDGE('',*,*,#1441,.T.);
#1441 = EDGE_CURVE('',#1434,#1195,#1442,.T.);
#1442 = LINE('',#1443,#1444);
#1443 = CARTESIAN_POINT('',(91.3,-84.3,1.8));
#1444 = VECTOR('',#1445,1.);
#1445 = DIRECTION('',(0.,1.,0.));
#1446 = ORIENTED_EDGE('',*,*,#1447,.T.);
#1447 = EDGE_CURVE('',#1195,#977,#1448,.T.);
#1448 = LINE('',#1449,#1450);
#1449 = CARTESIAN_POINT('',(91.3,-77.5,1.79));
#1450 = VECTOR('',#1451,1.);
#1451 = DIRECTION('',(0.,0.,1.));
#1452 = PLANE('',#1453);
#1453 = AXIS2_PLACEMENT_3D('',#1454,#1455,#1456);
#1454 = CARTESIAN_POINT('',(91.3,-85.3,1.79));
#1455 = DIRECTION('',(1.,0.,0.));
#1456 = DIRECTION('',(0.,0.,1.));
#1457 = ADVANCED_FACE('',(#1458,#1469),#1475,.F.);
#1458 = FACE_BOUND('',#1459,.F.);
#1459 = EDGE_LOOP('',(#1460,#1461,#1467,#1468));
#1460 = ORIENTED_EDGE('',*,*,#1234,.F.);
#1461 = ORIENTED_EDGE('',*,*,#1462,.F.);
#1462 = EDGE_CURVE('',#1195,#1010,#1463,.T.);
#1463 = LINE('',#1464,#1465);
#1464 = CARTESIAN_POINT('',(-0.3,-77.5,1.8));
#1465 = VECTOR('',#1466,1.);
#1466 = DIRECTION('',(-1.,0.,0.));
#1467 = ORIENTED_EDGE('',*,*,#1194,.T.);
#1468 = ORIENTED_EDGE('',*,*,#1265,.F.);
#1469 = FACE_BOUND('',#1470,.F.);
#1470 = EDGE_LOOP('',(#1471,#1472,#1473,#1474));
#1471 = ORIENTED_EDGE('',*,*,#686,.T.);
#1472 = ORIENTED_EDGE('',*,*,#734,.T.);
#1473 = ORIENTED_EDGE('',*,*,#758,.F.);
#1474 = ORIENTED_EDGE('',*,*,#710,.F.);
#1475 = PLANE('',#1476);
#1476 = AXIS2_PLACEMENT_3D('',#1477,#1478,#1479);
#1477 = CARTESIAN_POINT('',(-0.3,-84.3,1.8));
#1478 = DIRECTION('',(0.,0.,1.));
#1479 = DIRECTION('',(1.,0.,0.));
#1480 = ADVANCED_FACE('',(#1481),#1487,.F.);
#1481 = FACE_BOUND('',#1482,.F.);
#1482 = EDGE_LOOP('',(#1483,#1484,#1485,#1486));
#1483 = ORIENTED_EDGE('',*,*,#1462,.T.);
#1484 = ORIENTED_EDGE('',*,*,#1017,.T.);
#1485 = ORIENTED_EDGE('',*,*,#984,.T.);
#1486 = ORIENTED_EDGE('',*,*,#1447,.F.);
#1487 = PLANE('',#1488);
#1488 = AXIS2_PLACEMENT_3D('',#1489,#1490,#1491);
#1489 = CARTESIAN_POINT('',(-0.3,-77.5,1.79));
#1490 = DIRECTION('',(0.,1.,0.));
#1491 = DIRECTION('',(0.,0.,1.));
#1492 = ADVANCED_FACE('',(#1493),#1499,.T.);
#1493 = FACE_BOUND('',#1494,.T.);
#1494 = EDGE_LOOP('',(#1495,#1496,#1497,#1498));
#1495 = ORIENTED_EDGE('',*,*,#1001,.F.);
#1496 = ORIENTED_EDGE('',*,*,#1248,.T.);
#1497 = ORIENTED_EDGE('',*,*,#1240,.T.);
#1498 = ORIENTED_EDGE('',*,*,#1009,.F.);
#1499 = PLANE('',#1500);
#1500 = AXIS2_PLACEMENT_3D('',#1501,#1502,#1503);
#1501 = CARTESIAN_POINT('',(-0.3,-84.3,-4.5));
#1502 = DIRECTION('',(1.,0.,0.));
#1503 = DIRECTION('',(0.,0.,1.));
#1504 = ADVANCED_FACE('',(#1505),#1523,.F.);
#1505 = FACE_BOUND('',#1506,.F.);
#1506 = EDGE_LOOP('',(#1507,#1508,#1516,#1522));
#1507 = ORIENTED_EDGE('',*,*,#1398,.T.);
#1508 = ORIENTED_EDGE('',*,*,#1509,.T.);
#1509 = EDGE_CURVE('',#1391,#1510,#1512,.T.);
#1510 = VERTEX_POINT('',#1511);
#1511 = CARTESIAN_POINT('',(87.3,-84.65,-2.3));
#1512 = LINE('',#1513,#1514);
#1513 = CARTESIAN_POINT('',(3.7,-84.65,-2.3));
#1514 = VECTOR('',#1515,1.);
#1515 = DIRECTION('',(1.,0.,0.));
#1516 = ORIENTED_EDGE('',*,*,#1517,.T.);
#1517 = EDGE_CURVE('',#1510,#1155,#1518,.T.);
#1518 = LINE('',#1519,#1520);
#1519 = CARTESIAN_POINT('',(87.3,-84.65,-2.3));
#1520 = VECTOR('',#1521,1.);
#1521 = DIRECTION('',(0.,1.,0.));
#1522 = ORIENTED_EDGE('',*,*,#1162,.F.);
#1523 = PLANE('',#1524);
#1524 = AXIS2_PLACEMENT_3D('',#1525,#1526,#1527);
#1525 = CARTESIAN_POINT('',(3.7,-84.65,-2.3));
#1526 = DIRECTION('',(0.,0.,1.));
#1527 = DIRECTION('',(1.,0.,0.));
#1528 = ADVANCED_FACE('',(#1529),#1547,.F.);
#1529 = FACE_BOUND('',#1530,.F.);
#1530 = EDGE_LOOP('',(#1531,#1532,#1540,#1546));
#1531 = ORIENTED_EDGE('',*,*,#1517,.F.);
#1532 = ORIENTED_EDGE('',*,*,#1533,.F.);
#1533 = EDGE_CURVE('',#1534,#1510,#1536,.T.);
#1534 = VERTEX_POINT('',#1535);
#1535 = CARTESIAN_POINT('',(87.3,-84.65,-3.2));
#1536 = LINE('',#1537,#1538);
#1537 = CARTESIAN_POINT('',(87.3,-84.65,-3.2));
#1538 = VECTOR('',#1539,1.);
#1539 = DIRECTION('',(0.,0.,1.));
#1540 = ORIENTED_EDGE('',*,*,#1541,.T.);
#1541 = EDGE_CURVE('',#1534,#1147,#1542,.T.);
#1542 = LINE('',#1543,#1544);
#1543 = CARTESIAN_POINT('',(87.3,-84.65,-3.2));
#1544 = VECTOR('',#1545,1.);
#1545 = DIRECTION('',(0.,1.,0.));
#1546 = ORIENTED_EDGE('',*,*,#1154,.F.);
#1547 = PLANE('',#1548);
#1548 = AXIS2_PLACEMENT_3D('',#1549,#1550,#1551);
#1549 = CARTESIAN_POINT('',(87.3,-84.65,-3.2));
#1550 = DIRECTION('',(1.,0.,0.));
#1551 = DIRECTION('',(0.,0.,1.));
#1552 = ADVANCED_FACE('',(#1553),#1571,.T.);
#1553 = FACE_BOUND('',#1554,.T.);
#1554 = EDGE_LOOP('',(#1555,#1563,#1569,#1570));
#1555 = ORIENTED_EDGE('',*,*,#1556,.F.);
#1556 = EDGE_CURVE('',#1557,#1139,#1559,.T.);
#1557 = VERTEX_POINT('',#1558);
#1558 = CARTESIAN_POINT('',(3.7,-84.65,-3.2));
#1559 = LINE('',#1560,#1561);
#1560 = CARTESIAN_POINT('',(3.7,-84.65,-3.2));
#1561 = VECTOR('',#1562,1.);
#1562 = DIRECTION('',(0.,1.,0.));
#1563 = ORIENTED_EDGE('',*,*,#1564,.T.);
#1564 = EDGE_CURVE('',#1557,#1534,#1565,.T.);
#1565 = LINE('',#1566,#1567);
#1566 = CARTESIAN_POINT('',(3.7,-84.65,-3.2));
#1567 = VECTOR('',#1568,1.);
#1568 = DIRECTION('',(1.,0.,0.));
#1569 = ORIENTED_EDGE('',*,*,#1541,.T.);
#1570 = ORIENTED_EDGE('',*,*,#1146,.F.);
#1571 = PLANE('',#1572);
#1572 = AXIS2_PLACEMENT_3D('',#1573,#1574,#1575);
#1573 = CARTESIAN_POINT('',(3.7,-84.65,-3.2));
#1574 = DIRECTION('',(0.,0.,1.));
#1575 = DIRECTION('',(1.,0.,0.));
#1576 = ADVANCED_FACE('',(#1577),#1595,.T.);
#1577 = FACE_BOUND('',#1578,.T.);
#1578 = EDGE_LOOP('',(#1579,#1587,#1593,#1594));
#1579 = ORIENTED_EDGE('',*,*,#1580,.F.);
#1580 = EDGE_CURVE('',#1581,#1131,#1583,.T.);
#1581 = VERTEX_POINT('',#1582);
#1582 = CARTESIAN_POINT('',(3.7,-84.65,-2.3));
#1583 = LINE('',#1584,#1585);
#1584 = CARTESIAN_POINT('',(3.7,-84.65,-2.3));
#1585 = VECTOR('',#1586,1.);
#1586 = DIRECTION('',(0.,1.,0.));
#1587 = ORIENTED_EDGE('',*,*,#1588,.F.);
#1588 = EDGE_CURVE('',#1557,#1581,#1589,.T.);
#1589 = LINE('',#1590,#1591);
#1590 = CARTESIAN_POINT('',(3.7,-84.65,-3.2));
#1591 = VECTOR('',#1592,1.);
#1592 = DIRECTION('',(0.,0.,1.));
#1593 = ORIENTED_EDGE('',*,*,#1556,.T.);
#1594 = ORIENTED_EDGE('',*,*,#1138,.F.);
#1595 = PLANE('',#1596);
#1596 = AXIS2_PLACEMENT_3D('',#1597,#1598,#1599);
#1597 = CARTESIAN_POINT('',(3.7,-84.65,-3.2));
#1598 = DIRECTION('',(1.,0.,0.));
#1599 = DIRECTION('',(0.,0.,1.));
#1600 = ADVANCED_FACE('',(#1601),#1612,.F.);
#1601 = FACE_BOUND('',#1602,.F.);
#1602 = EDGE_LOOP('',(#1603,#1604,#1610,#1611));
#1603 = ORIENTED_EDGE('',*,*,#1580,.F.);
#1604 = ORIENTED_EDGE('',*,*,#1605,.T.);
#1605 = EDGE_CURVE('',#1581,#1358,#1606,.T.);
#1606 = LINE('',#1607,#1608);
#1607 = CARTESIAN_POINT('',(3.7,-84.65,-2.3));
#1608 = VECTOR('',#1609,1.);
#1609 = DIRECTION('',(1.,0.,0.));
#1610 = ORIENTED_EDGE('',*,*,#1365,.F.);
#1611 = ORIENTED_EDGE('',*,*,#1130,.F.);
#1612 = PLANE('',#1613);
#1613 = AXIS2_PLACEMENT_3D('',#1614,#1615,#1616);
#1614 = CARTESIAN_POINT('',(3.7,-84.65,-2.3));
#1615 = DIRECTION('',(0.,0.,1.));
#1616 = DIRECTION('',(1.,0.,0.));
#1617 = ADVANCED_FACE('',(#1618),#1624,.F.);
#1618 = FACE_BOUND('',#1619,.F.);
#1619 = EDGE_LOOP('',(#1620,#1621,#1622,#1623));
#1620 = ORIENTED_EDGE('',*,*,#1433,.F.);
#1621 = ORIENTED_EDGE('',*,*,#1210,.T.);
#1622 = ORIENTED_EDGE('',*,*,#1202,.T.);
#1623 = ORIENTED_EDGE('',*,*,#1441,.F.);
#1624 = PLANE('',#1625);
#1625 = AXIS2_PLACEMENT_3D('',#1626,#1627,#1628);
#1626 = CARTESIAN_POINT('',(91.3,-84.3,-4.5));
#1627 = DIRECTION('',(1.,0.,0.));
#1628 = DIRECTION('',(0.,0.,1.));
#1629 = ADVANCED_FACE('',(#1630),#1655,.F.);
#1630 = FACE_BOUND('',#1631,.F.);
#1631 = EDGE_LOOP('',(#1632,#1640,#1641,#1649));
#1632 = ORIENTED_EDGE('',*,*,#1633,.F.);
#1633 = EDGE_CURVE('',#1274,#1634,#1636,.T.);
#1634 = VERTEX_POINT('',#1635);
#1635 = CARTESIAN_POINT('',(3.7,0.65,-2.3));
#1636 = LINE('',#1637,#1638);
#1637 = CARTESIAN_POINT('',(3.7,0.29,-2.3));
#1638 = VECTOR('',#1639,1.);
#1639 = DIRECTION('',(0.,1.,0.));
#1640 = ORIENTED_EDGE('',*,*,#1273,.T.);
#1641 = ORIENTED_EDGE('',*,*,#1642,.T.);
#1642 = EDGE_CURVE('',#1276,#1643,#1645,.T.);
#1643 = VERTEX_POINT('',#1644);
#1644 = CARTESIAN_POINT('',(87.3,0.65,-2.3));
#1645 = LINE('',#1646,#1647);
#1646 = CARTESIAN_POINT('',(87.3,0.29,-2.3));
#1647 = VECTOR('',#1648,1.);
#1648 = DIRECTION('',(0.,1.,0.));
#1649 = ORIENTED_EDGE('',*,*,#1650,.F.);
#1650 = EDGE_CURVE('',#1634,#1643,#1651,.T.);
#1651 = LINE('',#1652,#1653);
#1652 = CARTESIAN_POINT('',(3.7,0.65,-2.3));
#1653 = VECTOR('',#1654,1.);
#1654 = DIRECTION('',(1.,0.,0.));
#1655 = PLANE('',#1656);
#1656 = AXIS2_PLACEMENT_3D('',#1657,#1658,#1659);
#1657 = CARTESIAN_POINT('',(3.7,0.29,-2.3));
#1658 = DIRECTION('',(0.,0.,1.));
#1659 = DIRECTION('',(1.,0.,0.));
#1660 = ADVANCED_FACE('',(#1661),#1679,.F.);
#1661 = FACE_BOUND('',#1662,.F.);
#1662 = EDGE_LOOP('',(#1663,#1664,#1665,#1673));
#1663 = ORIENTED_EDGE('',*,*,#1642,.F.);
#1664 = ORIENTED_EDGE('',*,*,#1299,.T.);
#1665 = ORIENTED_EDGE('',*,*,#1666,.T.);
#1666 = EDGE_CURVE('',#1292,#1667,#1669,.T.);
#1667 = VERTEX_POINT('',#1668);
#1668 = CARTESIAN_POINT('',(87.3,0.65,-3.2));
#1669 = LINE('',#1670,#1671);
#1670 = CARTESIAN_POINT('',(87.3,0.29,-3.2));
#1671 = VECTOR('',#1672,1.);
#1672 = DIRECTION('',(0.,1.,0.));
#1673 = ORIENTED_EDGE('',*,*,#1674,.T.);
#1674 = EDGE_CURVE('',#1667,#1643,#1675,.T.);
#1675 = LINE('',#1676,#1677);
#1676 = CARTESIAN_POINT('',(87.3,0.65,-3.2));
#1677 = VECTOR('',#1678,1.);
#1678 = DIRECTION('',(0.,0.,1.));
#1679 = PLANE('',#1680);
#1680 = AXIS2_PLACEMENT_3D('',#1681,#1682,#1683);
#1681 = CARTESIAN_POINT('',(87.3,0.29,-3.2));
#1682 = DIRECTION('',(1.,0.,0.));
#1683 = DIRECTION('',(0.,0.,1.));
#1684 = ADVANCED_FACE('',(#1685),#1703,.T.);
#1685 = FACE_BOUND('',#1686,.T.);
#1686 = EDGE_LOOP('',(#1687,#1695,#1696,#1697));
#1687 = ORIENTED_EDGE('',*,*,#1688,.F.);
#1688 = EDGE_CURVE('',#1284,#1689,#1691,.T.);
#1689 = VERTEX_POINT('',#1690);
#1690 = CARTESIAN_POINT('',(3.7,0.65,-3.2));
#1691 = LINE('',#1692,#1693);
#1692 = CARTESIAN_POINT('',(3.7,0.29,-3.2));
#1693 = VECTOR('',#1694,1.);
#1694 = DIRECTION('',(0.,1.,0.));
#1695 = ORIENTED_EDGE('',*,*,#1291,.T.);
#1696 = ORIENTED_EDGE('',*,*,#1666,.T.);
#1697 = ORIENTED_EDGE('',*,*,#1698,.F.);
#1698 = EDGE_CURVE('',#1689,#1667,#1699,.T.);
#1699 = LINE('',#1700,#1701);
#1700 = CARTESIAN_POINT('',(3.7,0.65,-3.2));
#1701 = VECTOR('',#1702,1.);
#1702 = DIRECTION('',(1.,0.,0.));
#1703 = PLANE('',#1704);
#1704 = AXIS2_PLACEMENT_3D('',#1705,#1706,#1707);
#1705 = CARTESIAN_POINT('',(3.7,0.29,-3.2));
#1706 = DIRECTION('',(0.,0.,1.));
#1707 = DIRECTION('',(1.,0.,0.));
#1708 = ADVANCED_FACE('',(#1709),#1720,.T.);
#1709 = FACE_BOUND('',#1710,.T.);
#1710 = EDGE_LOOP('',(#1711,#1712,#1713,#1714));
#1711 = ORIENTED_EDGE('',*,*,#1633,.F.);
#1712 = ORIENTED_EDGE('',*,*,#1283,.T.);
#1713 = ORIENTED_EDGE('',*,*,#1688,.T.);
#1714 = ORIENTED_EDGE('',*,*,#1715,.T.);
#1715 = EDGE_CURVE('',#1689,#1634,#1716,.T.);
#1716 = LINE('',#1717,#1718);
#1717 = CARTESIAN_POINT('',(3.7,0.65,-3.2));
#1718 = VECTOR('',#1719,1.);
#1719 = DIRECTION('',(0.,0.,1.));
#1720 = PLANE('',#1721);
#1721 = AXIS2_PLACEMENT_3D('',#1722,#1723,#1724);
#1722 = CARTESIAN_POINT('',(3.7,0.29,-3.2));
#1723 = DIRECTION('',(1.,0.,0.));
#1724 = DIRECTION('',(0.,0.,1.));
#1725 = ADVANCED_FACE('',(#1726),#1736,.T.);
#1726 = FACE_BOUND('',#1727,.T.);
#1727 = EDGE_LOOP('',(#1728,#1729,#1730,#1731,#1732,#1733,#1734,#1735));
#1728 = ORIENTED_EDGE('',*,*,#1533,.F.);
#1729 = ORIENTED_EDGE('',*,*,#1564,.F.);
#1730 = ORIENTED_EDGE('',*,*,#1588,.T.);
#1731 = ORIENTED_EDGE('',*,*,#1605,.T.);
#1732 = ORIENTED_EDGE('',*,*,#1357,.F.);
#1733 = ORIENTED_EDGE('',*,*,#1416,.F.);
#1734 = ORIENTED_EDGE('',*,*,#1390,.T.);
#1735 = ORIENTED_EDGE('',*,*,#1509,.T.);
#1736 = PLANE('',#1737);
#1737 = AXIS2_PLACEMENT_3D('',#1738,#1739,#1740);
#1738 = CARTESIAN_POINT('',(3.7,-84.65,-3.2));
#1739 = DIRECTION('',(0.,1.,0.));
#1740 = DIRECTION('',(0.,0.,1.));
#1741 = ADVANCED_FACE('',(#1742),#1748,.F.);
#1742 = FACE_BOUND('',#1743,.F.);
#1743 = EDGE_LOOP('',(#1744,#1745,#1746,#1747));
#1744 = ORIENTED_EDGE('',*,*,#1698,.F.);
#1745 = ORIENTED_EDGE('',*,*,#1715,.T.);
#1746 = ORIENTED_EDGE('',*,*,#1650,.T.);
#1747 = ORIENTED_EDGE('',*,*,#1674,.F.);
#1748 = PLANE('',#1749);
#1749 = AXIS2_PLACEMENT_3D('',#1750,#1751,#1752);
#1750 = CARTESIAN_POINT('',(3.7,0.65,-3.2));
#1751 = DIRECTION('',(0.,1.,0.));
#1752 = DIRECTION('',(0.,0.,1.));
#1753 = MANIFOLD_SOLID_BREP('',#1754);
#1754 = CLOSED_SHELL('',(#1755,#1795,#1858,#2116,#2163,#2224,#2236,#2276
    ,#2300,#2333,#2373,#2397,#2430,#2447,#2472,#2489,#2506,#2531,#2556,
    #2573,#2590,#2621,#2645,#2669,#2686,#2717,#2741,#2765,#2782,#2813,
    #2837,#2861,#2878,#2895,#2912,#2924,#2941,#2953,#2962,#2971,#2980,
    #2992,#3004));
#1755 = ADVANCED_FACE('',(#1756),#1790,.F.);
#1756 = FACE_BOUND('',#1757,.F.);
#1757 = EDGE_LOOP('',(#1758,#1768,#1776,#1784));
#1758 = ORIENTED_EDGE('',*,*,#1759,.F.);
#1759 = EDGE_CURVE('',#1760,#1762,#1764,.T.);
#1760 = VERTEX_POINT('',#1761);
#1761 = CARTESIAN_POINT('',(-0.15,-84.15,-3.5));
#1762 = VERTEX_POINT('',#1763);
#1763 = CARTESIAN_POINT('',(-0.15,-84.15,-2.7));
#1764 = LINE('',#1765,#1766);
#1765 = CARTESIAN_POINT('',(-0.15,-84.15,-3.5));
#1766 = VECTOR('',#1767,1.);
#1767 = DIRECTION('',(0.,0.,1.));
#1768 = ORIENTED_EDGE('',*,*,#1769,.T.);
#1769 = EDGE_CURVE('',#1760,#1770,#1772,.T.);
#1770 = VERTEX_POINT('',#1771);
#1771 = CARTESIAN_POINT('',(-0.15,0.15,-3.5));
#1772 = LINE('',#1773,#1774);
#1773 = CARTESIAN_POINT('',(-0.15,-84.15,-3.5));
#1774 = VECTOR('',#1775,1.);
#1775 = DIRECTION('',(0.,1.,0.));
#1776 = ORIENTED_EDGE('',*,*,#1777,.T.);
#1777 = EDGE_CURVE('',#1770,#1778,#1780,.T.);
#1778 = VERTEX_POINT('',#1779);
#1779 = CARTESIAN_POINT('',(-0.15,0.15,-2.7));
#1780 = LINE('',#1781,#1782);
#1781 = CARTESIAN_POINT('',(-0.15,0.15,-3.5));
#1782 = VECTOR('',#1783,1.);
#1783 = DIRECTION('',(0.,0.,1.));
#1784 = ORIENTED_EDGE('',*,*,#1785,.F.);
#1785 = EDGE_CURVE('',#1762,#1778,#1786,.T.);
#1786 = LINE('',#1787,#1788);
#1787 = CARTESIAN_POINT('',(-0.15,-84.15,-2.7));
#1788 = VECTOR('',#1789,1.);
#1789 = DIRECTION('',(0.,1.,0.));
#1790 = PLANE('',#1791);
#1791 = AXIS2_PLACEMENT_3D('',#1792,#1793,#1794);
#1792 = CARTESIAN_POINT('',(-0.15,-84.15,-3.5));
#1793 = DIRECTION('',(1.,0.,0.));
#1794 = DIRECTION('',(0.,0.,1.));
#1795 = ADVANCED_FACE('',(#1796),#1853,.F.);
#1796 = FACE_BOUND('',#1797,.F.);
#1797 = EDGE_LOOP('',(#1798,#1808,#1814,#1815,#1823,#1831,#1839,#1847));
#1798 = ORIENTED_EDGE('',*,*,#1799,.F.);
#1799 = EDGE_CURVE('',#1800,#1802,#1804,.T.);
#1800 = VERTEX_POINT('',#1801);
#1801 = CARTESIAN_POINT('',(91.15,-84.15,-3.5));
#1802 = VERTEX_POINT('',#1803);
#1803 = CARTESIAN_POINT('',(91.15,-84.15,-2.7));
#1804 = LINE('',#1805,#1806);
#1805 = CARTESIAN_POINT('',(91.15,-84.15,-3.5));
#1806 = VECTOR('',#1807,1.);
#1807 = DIRECTION('',(0.,0.,1.));
#1808 = ORIENTED_EDGE('',*,*,#1809,.F.);
#1809 = EDGE_CURVE('',#1760,#1800,#1810,.T.);
#1810 = LINE('',#1811,#1812);
#1811 = CARTESIAN_POINT('',(-0.15,-84.15,-3.5));
#1812 = VECTOR('',#1813,1.);
#1813 = DIRECTION('',(1.,0.,0.));
#1814 = ORIENTED_EDGE('',*,*,#1759,.T.);
#1815 = ORIENTED_EDGE('',*,*,#1816,.T.);
#1816 = EDGE_CURVE('',#1762,#1817,#1819,.T.);
#1817 = VERTEX_POINT('',#1818);
#1818 = CARTESIAN_POINT('',(4.2,-84.15,-2.7));
#1819 = LINE('',#1820,#1821);
#1820 = CARTESIAN_POINT('',(-0.15,-84.15,-2.7));
#1821 = VECTOR('',#1822,1.);
#1822 = DIRECTION('',(1.,0.,0.));
#1823 = ORIENTED_EDGE('',*,*,#1824,.T.);
#1824 = EDGE_CURVE('',#1817,#1825,#1827,.T.);
#1825 = VERTEX_POINT('',#1826);
#1826 = CARTESIAN_POINT('',(4.2,-84.15,-3.15));
#1827 = LINE('',#1828,#1829);
#1828 = CARTESIAN_POINT('',(4.2,-84.15,-3.325));
#1829 = VECTOR('',#1830,1.);
#1830 = DIRECTION('',(0.,0.,-1.));
#1831 = ORIENTED_EDGE('',*,*,#1832,.T.);
#1832 = EDGE_CURVE('',#1825,#1833,#1835,.T.);
#1833 = VERTEX_POINT('',#1834);
#1834 = CARTESIAN_POINT('',(86.8,-84.15,-3.15));
#1835 = LINE('',#1836,#1837);
#1836 = CARTESIAN_POINT('',(2.025,-84.15,-3.15));
#1837 = VECTOR('',#1838,1.);
#1838 = DIRECTION('',(1.,0.,0.));
#1839 = ORIENTED_EDGE('',*,*,#1840,.F.);
#1840 = EDGE_CURVE('',#1841,#1833,#1843,.T.);
#1841 = VERTEX_POINT('',#1842);
#1842 = CARTESIAN_POINT('',(86.8,-84.15,-2.7));
#1843 = LINE('',#1844,#1845);
#1844 = CARTESIAN_POINT('',(86.8,-84.15,-3.325));
#1845 = VECTOR('',#1846,1.);
#1846 = DIRECTION('',(0.,0.,-1.));
#1847 = ORIENTED_EDGE('',*,*,#1848,.T.);
#1848 = EDGE_CURVE('',#1841,#1802,#1849,.T.);
#1849 = LINE('',#1850,#1851);
#1850 = CARTESIAN_POINT('',(-0.15,-84.15,-2.7));
#1851 = VECTOR('',#1852,1.);
#1852 = DIRECTION('',(1.,0.,0.));
#1853 = PLANE('',#1854);
#1854 = AXIS2_PLACEMENT_3D('',#1855,#1856,#1857);
#1855 = CARTESIAN_POINT('',(-0.15,-84.15,-3.5));
#1856 = DIRECTION('',(0.,1.,0.));
#1857 = DIRECTION('',(0.,0.,1.));
#1858 = ADVANCED_FACE('',(#1859,#1932,#1943,#1954,#1965,#1976,#1987,
    #1998,#2009,#2043,#2077),#2111,.T.);
#1859 = FACE_BOUND('',#1860,.T.);
#1860 = EDGE_LOOP('',(#1861,#1869,#1870,#1871,#1879,#1887,#1893,#1894,
    #1902,#1910,#1918,#1926));
#1861 = ORIENTED_EDGE('',*,*,#1862,.F.);
#1862 = EDGE_CURVE('',#1778,#1863,#1865,.T.);
#1863 = VERTEX_POINT('',#1864);
#1864 = CARTESIAN_POINT('',(4.2,0.15,-2.7));
#1865 = LINE('',#1866,#1867);
#1866 = CARTESIAN_POINT('',(-0.15,0.15,-2.7));
#1867 = VECTOR('',#1868,1.);
#1868 = DIRECTION('',(1.,0.,0.));
#1869 = ORIENTED_EDGE('',*,*,#1785,.F.);
#1870 = ORIENTED_EDGE('',*,*,#1816,.T.);
#1871 = ORIENTED_EDGE('',*,*,#1872,.T.);
#1872 = EDGE_CURVE('',#1817,#1873,#1875,.T.);
#1873 = VERTEX_POINT('',#1874);
#1874 = CARTESIAN_POINT('',(4.2,-84.14,-2.7));
#1875 = LINE('',#1876,#1877);
#1876 = CARTESIAN_POINT('',(4.2,-84.375,-2.7));
#1877 = VECTOR('',#1878,1.);
#1878 = DIRECTION('',(0.,1.,0.));
#1879 = ORIENTED_EDGE('',*,*,#1880,.F.);
#1880 = EDGE_CURVE('',#1881,#1873,#1883,.T.);
#1881 = VERTEX_POINT('',#1882);
#1882 = CARTESIAN_POINT('',(86.8,-84.14,-2.7));
#1883 = LINE('',#1884,#1885);
#1884 = CARTESIAN_POINT('',(2.025,-84.14,-2.7));
#1885 = VECTOR('',#1886,1.);
#1886 = DIRECTION('',(-1.,0.,0.));
#1887 = ORIENTED_EDGE('',*,*,#1888,.F.);
#1888 = EDGE_CURVE('',#1841,#1881,#1889,.T.);
#1889 = LINE('',#1890,#1891);
#1890 = CARTESIAN_POINT('',(86.8,-84.375,-2.7));
#1891 = VECTOR('',#1892,1.);
#1892 = DIRECTION('',(0.,1.,0.));
#1893 = ORIENTED_EDGE('',*,*,#1848,.T.);
#1894 = ORIENTED_EDGE('',*,*,#1895,.T.);
#1895 = EDGE_CURVE('',#1802,#1896,#1898,.T.);
#1896 = VERTEX_POINT('',#1897);
#1897 = CARTESIAN_POINT('',(91.15,0.15,-2.7));
#1898 = LINE('',#1899,#1900);
#1899 = CARTESIAN_POINT('',(91.15,-84.15,-2.7));
#1900 = VECTOR('',#1901,1.);
#1901 = DIRECTION('',(0.,1.,0.));
#1902 = ORIENTED_EDGE('',*,*,#1903,.F.);
#1903 = EDGE_CURVE('',#1904,#1896,#1906,.T.);
#1904 = VERTEX_POINT('',#1905);
#1905 = CARTESIAN_POINT('',(86.8,0.15,-2.7));
#1906 = LINE('',#1907,#1908);
#1907 = CARTESIAN_POINT('',(-0.15,0.15,-2.7));
#1908 = VECTOR('',#1909,1.);
#1909 = DIRECTION('',(1.,0.,0.));
#1910 = ORIENTED_EDGE('',*,*,#1911,.F.);
#1911 = EDGE_CURVE('',#1912,#1904,#1914,.T.);
#1912 = VERTEX_POINT('',#1913);
#1913 = CARTESIAN_POINT('',(86.8,0.14,-2.7));
#1914 = LINE('',#1915,#1916);
#1915 = CARTESIAN_POINT('',(86.8,-42.005,-2.7));
#1916 = VECTOR('',#1917,1.);
#1917 = DIRECTION('',(0.,1.,0.));
#1918 = ORIENTED_EDGE('',*,*,#1919,.T.);
#1919 = EDGE_CURVE('',#1912,#1920,#1922,.T.);
#1920 = VERTEX_POINT('',#1921);
#1921 = CARTESIAN_POINT('',(4.2,0.14,-2.7));
#1922 = LINE('',#1923,#1924);
#1923 = CARTESIAN_POINT('',(2.025,0.14,-2.7));
#1924 = VECTOR('',#1925,1.);
#1925 = DIRECTION('',(-1.,0.,0.));
#1926 = ORIENTED_EDGE('',*,*,#1927,.T.);
#1927 = EDGE_CURVE('',#1920,#1863,#1928,.T.);
#1928 = LINE('',#1929,#1930);
#1929 = CARTESIAN_POINT('',(4.2,-42.005,-2.7));
#1930 = VECTOR('',#1931,1.);
#1931 = DIRECTION('',(0.,1.,0.));
#1932 = FACE_BOUND('',#1933,.T.);
#1933 = EDGE_LOOP('',(#1934));
#1934 = ORIENTED_EDGE('',*,*,#1935,.F.);
#1935 = EDGE_CURVE('',#1936,#1936,#1938,.T.);
#1936 = VERTEX_POINT('',#1937);
#1937 = CARTESIAN_POINT('',(6.2,-82.5,-2.7));
#1938 = CIRCLE('',#1939,1.2);
#1939 = AXIS2_PLACEMENT_3D('',#1940,#1941,#1942);
#1940 = CARTESIAN_POINT('',(5.,-82.5,-2.7));
#1941 = DIRECTION('',(0.,0.,1.));
#1942 = DIRECTION('',(1.,0.,0.));
#1943 = FACE_BOUND('',#1944,.T.);
#1944 = EDGE_LOOP('',(#1945));
#1945 = ORIENTED_EDGE('',*,*,#1946,.F.);
#1946 = EDGE_CURVE('',#1947,#1947,#1949,.T.);
#1947 = VERTEX_POINT('',#1948);
#1948 = CARTESIAN_POINT('',(15.4,-80.5,-2.7));
#1949 = CIRCLE('',#1950,1.4);
#1950 = AXIS2_PLACEMENT_3D('',#1951,#1952,#1953);
#1951 = CARTESIAN_POINT('',(14.,-80.5,-2.7));
#1952 = DIRECTION('',(0.,0.,1.));
#1953 = DIRECTION('',(1.,0.,0.));
#1954 = FACE_BOUND('',#1955,.T.);
#1955 = EDGE_LOOP('',(#1956));
#1956 = ORIENTED_EDGE('',*,*,#1957,.F.);
#1957 = EDGE_CURVE('',#1958,#1958,#1960,.T.);
#1958 = VERTEX_POINT('',#1959);
#1959 = CARTESIAN_POINT('',(25.4,-80.5,-2.7));
#1960 = CIRCLE('',#1961,1.4);
#1961 = AXIS2_PLACEMENT_3D('',#1962,#1963,#1964);
#1962 = CARTESIAN_POINT('',(24.,-80.5,-2.7));
#1963 = DIRECTION('',(0.,0.,1.));
#1964 = DIRECTION('',(1.,0.,0.));
#1965 = FACE_BOUND('',#1966,.T.);
#1966 = EDGE_LOOP('',(#1967));
#1967 = ORIENTED_EDGE('',*,*,#1968,.F.);
#1968 = EDGE_CURVE('',#1969,#1969,#1971,.T.);
#1969 = VERTEX_POINT('',#1970);
#1970 = CARTESIAN_POINT('',(34.2,-82.5,-2.7));
#1971 = CIRCLE('',#1972,1.2);
#1972 = AXIS2_PLACEMENT_3D('',#1973,#1974,#1975);
#1973 = CARTESIAN_POINT('',(33.,-82.5,-2.7));
#1974 = DIRECTION('',(0.,0.,1.));
#1975 = DIRECTION('',(1.,0.,0.));
#1976 = FACE_BOUND('',#1977,.T.);
#1977 = EDGE_LOOP('',(#1978));
#1978 = ORIENTED_EDGE('',*,*,#1979,.F.);
#1979 = EDGE_CURVE('',#1980,#1980,#1982,.T.);
#1980 = VERTEX_POINT('',#1981);
#1981 = CARTESIAN_POINT('',(62.2,-82.5,-2.7));
#1982 = CIRCLE('',#1983,1.2);
#1983 = AXIS2_PLACEMENT_3D('',#1984,#1985,#1986);
#1984 = CARTESIAN_POINT('',(61.,-82.5,-2.7));
#1985 = DIRECTION('',(0.,0.,1.));
#1986 = DIRECTION('',(1.,0.,0.));
#1987 = FACE_BOUND('',#1988,.T.);
#1988 = EDGE_LOOP('',(#1989));
#1989 = ORIENTED_EDGE('',*,*,#1990,.F.);
#1990 = EDGE_CURVE('',#1991,#1991,#1993,.T.);
#1991 = VERTEX_POINT('',#1992);
#1992 = CARTESIAN_POINT('',(65.6,-81.,-2.7));
#1993 = CIRCLE('',#1994,0.6);
#1994 = AXIS2_PLACEMENT_3D('',#1995,#1996,#1997);
#1995 = CARTESIAN_POINT('',(65.,-81.,-2.7));
#1996 = DIRECTION('',(0.,0.,1.));
#1997 = DIRECTION('',(1.,0.,0.));
#1998 = FACE_BOUND('',#1999,.T.);
#1999 = EDGE_LOOP('',(#2000));
#2000 = ORIENTED_EDGE('',*,*,#2001,.F.);
#2001 = EDGE_CURVE('',#2002,#2002,#2004,.T.);
#2002 = VERTEX_POINT('',#2003);
#2003 = CARTESIAN_POINT('',(87.1,-81.,-2.7));
#2004 = CIRCLE('',#2005,0.6);
#2005 = AXIS2_PLACEMENT_3D('',#2006,#2007,#2008);
#2006 = CARTESIAN_POINT('',(86.5,-81.,-2.7));
#2007 = DIRECTION('',(0.,0.,1.));
#2008 = DIRECTION('',(1.,0.,0.));
#2009 = FACE_BOUND('',#2010,.T.);
#2010 = EDGE_LOOP('',(#2011,#2021,#2029,#2037));
#2011 = ORIENTED_EDGE('',*,*,#2012,.T.);
#2012 = EDGE_CURVE('',#2013,#2015,#2017,.T.);
#2013 = VERTEX_POINT('',#2014);
#2014 = CARTESIAN_POINT('',(1.7,-83.7,-2.7));
#2015 = VERTEX_POINT('',#2016);
#2016 = CARTESIAN_POINT('',(0.3,-83.7,-2.7));
#2017 = LINE('',#2018,#2019);
#2018 = CARTESIAN_POINT('',(7.5E-02,-83.7,-2.7));
#2019 = VECTOR('',#2020,1.);
#2020 = DIRECTION('',(-1.,0.,0.));
#2021 = ORIENTED_EDGE('',*,*,#2022,.T.);
#2022 = EDGE_CURVE('',#2015,#2023,#2025,.T.);
#2023 = VERTEX_POINT('',#2024);
#2024 = CARTESIAN_POINT('',(0.3,-0.3,-2.7));
#2025 = LINE('',#2026,#2027);
#2026 = CARTESIAN_POINT('',(0.3,-83.925,-2.7));
#2027 = VECTOR('',#2028,1.);
#2028 = DIRECTION('',(0.,1.,0.));
#2029 = ORIENTED_EDGE('',*,*,#2030,.F.);
#2030 = EDGE_CURVE('',#2031,#2023,#2033,.T.);
#2031 = VERTEX_POINT('',#2032);
#2032 = CARTESIAN_POINT('',(1.7,-0.3,-2.7));
#2033 = LINE('',#2034,#2035);
#2034 = CARTESIAN_POINT('',(7.5E-02,-0.3,-2.7));
#2035 = VECTOR('',#2036,1.);
#2036 = DIRECTION('',(-1.,0.,0.));
#2037 = ORIENTED_EDGE('',*,*,#2038,.F.);
#2038 = EDGE_CURVE('',#2013,#2031,#2039,.T.);
#2039 = LINE('',#2040,#2041);
#2040 = CARTESIAN_POINT('',(1.7,-83.925,-2.7));
#2041 = VECTOR('',#2042,1.);
#2042 = DIRECTION('',(0.,1.,0.));
#2043 = FACE_BOUND('',#2044,.T.);
#2044 = EDGE_LOOP('',(#2045,#2055,#2063,#2071));
#2045 = ORIENTED_EDGE('',*,*,#2046,.T.);
#2046 = EDGE_CURVE('',#2047,#2049,#2051,.T.);
#2047 = VERTEX_POINT('',#2048);
#2048 = CARTESIAN_POINT('',(52.,-2.2,-2.7));
#2049 = VERTEX_POINT('',#2050);
#2050 = CARTESIAN_POINT('',(3.,-2.2,-2.7));
#2051 = LINE('',#2052,#2053);
#2052 = CARTESIAN_POINT('',(1.425,-2.2,-2.7));
#2053 = VECTOR('',#2054,1.);
#2054 = DIRECTION('',(-1.,0.,0.));
#2055 = ORIENTED_EDGE('',*,*,#2056,.T.);
#2056 = EDGE_CURVE('',#2049,#2057,#2059,.T.);
#2057 = VERTEX_POINT('',#2058);
#2058 = CARTESIAN_POINT('',(3.,-0.3,-2.7));
#2059 = LINE('',#2060,#2061);
#2060 = CARTESIAN_POINT('',(3.,-43.175,-2.7));
#2061 = VECTOR('',#2062,1.);
#2062 = DIRECTION('',(0.,1.,0.));
#2063 = ORIENTED_EDGE('',*,*,#2064,.F.);
#2064 = EDGE_CURVE('',#2065,#2057,#2067,.T.);
#2065 = VERTEX_POINT('',#2066);
#2066 = CARTESIAN_POINT('',(52.,-0.3,-2.7));
#2067 = LINE('',#2068,#2069);
#2068 = CARTESIAN_POINT('',(1.425,-0.3,-2.7));
#2069 = VECTOR('',#2070,1.);
#2070 = DIRECTION('',(-1.,0.,0.));
#2071 = ORIENTED_EDGE('',*,*,#2072,.F.);
#2072 = EDGE_CURVE('',#2047,#2065,#2073,.T.);
#2073 = LINE('',#2074,#2075);
#2074 = CARTESIAN_POINT('',(52.,-43.175,-2.7));
#2075 = VECTOR('',#2076,1.);
#2076 = DIRECTION('',(0.,1.,0.));
#2077 = FACE_BOUND('',#2078,.T.);
#2078 = EDGE_LOOP('',(#2079,#2089,#2097,#2105));
#2079 = ORIENTED_EDGE('',*,*,#2080,.T.);
#2080 = EDGE_CURVE('',#2081,#2083,#2085,.T.);
#2081 = VERTEX_POINT('',#2082);
#2082 = CARTESIAN_POINT('',(90.7,-76.,-2.7));
#2083 = VERTEX_POINT('',#2084);
#2084 = CARTESIAN_POINT('',(89.3,-76.,-2.7));
#2085 = LINE('',#2086,#2087);
#2086 = CARTESIAN_POINT('',(44.575,-76.,-2.7));
#2087 = VECTOR('',#2088,1.);
#2088 = DIRECTION('',(-1.,0.,0.));
#2089 = ORIENTED_EDGE('',*,*,#2090,.T.);
#2090 = EDGE_CURVE('',#2083,#2091,#2093,.T.);
#2091 = VERTEX_POINT('',#2092);
#2092 = CARTESIAN_POINT('',(89.3,-0.3,-2.7));
#2093 = LINE('',#2094,#2095);
#2094 = CARTESIAN_POINT('',(89.3,-80.075,-2.7));
#2095 = VECTOR('',#2096,1.);
#2096 = DIRECTION('',(0.,1.,0.));
#2097 = ORIENTED_EDGE('',*,*,#2098,.F.);
#2098 = EDGE_CURVE('',#2099,#2091,#2101,.T.);
#2099 = VERTEX_POINT('',#2100);
#2100 = CARTESIAN_POINT('',(90.7,-0.3,-2.7));
#2101 = LINE('',#2102,#2103);
#2102 = CARTESIAN_POINT('',(44.575,-0.3,-2.7));
#2103 = VECTOR('',#2104,1.);
#2104 = DIRECTION('',(-1.,0.,0.));
#2105 = ORIENTED_EDGE('',*,*,#2106,.F.);
#2106 = EDGE_CURVE('',#2081,#2099,#2107,.T.);
#2107 = LINE('',#2108,#2109);
#2108 = CARTESIAN_POINT('',(90.7,-80.075,-2.7));
#2109 = VECTOR('',#2110,1.);
#2110 = DIRECTION('',(0.,1.,0.));
#2111 = PLANE('',#2112);
#2112 = AXIS2_PLACEMENT_3D('',#2113,#2114,#2115);
#2113 = CARTESIAN_POINT('',(-0.15,-84.15,-2.7));
#2114 = DIRECTION('',(0.,0.,1.));
#2115 = DIRECTION('',(1.,0.,0.));
#2116 = ADVANCED_FACE('',(#2117),#2158,.T.);
#2117 = FACE_BOUND('',#2118,.T.);
#2118 = EDGE_LOOP('',(#2119,#2127,#2133,#2134,#2135,#2143,#2151,#2157));
#2119 = ORIENTED_EDGE('',*,*,#2120,.F.);
#2120 = EDGE_CURVE('',#2121,#1896,#2123,.T.);
#2121 = VERTEX_POINT('',#2122);
#2122 = CARTESIAN_POINT('',(91.15,0.15,-3.5));
#2123 = LINE('',#2124,#2125);
#2124 = CARTESIAN_POINT('',(91.15,0.15,-3.5));
#2125 = VECTOR('',#2126,1.);
#2126 = DIRECTION('',(0.,0.,1.));
#2127 = ORIENTED_EDGE('',*,*,#2128,.F.);
#2128 = EDGE_CURVE('',#1770,#2121,#2129,.T.);
#2129 = LINE('',#2130,#2131);
#2130 = CARTESIAN_POINT('',(-0.15,0.15,-3.5));
#2131 = VECTOR('',#2132,1.);
#2132 = DIRECTION('',(1.,0.,0.));
#2133 = ORIENTED_EDGE('',*,*,#1777,.T.);
#2134 = ORIENTED_EDGE('',*,*,#1862,.T.);
#2135 = ORIENTED_EDGE('',*,*,#2136,.T.);
#2136 = EDGE_CURVE('',#1863,#2137,#2139,.T.);
#2137 = VERTEX_POINT('',#2138);
#2138 = CARTESIAN_POINT('',(4.2,0.15,-3.15));
#2139 = LINE('',#2140,#2141);
#2140 = CARTESIAN_POINT('',(4.2,0.15,-3.325));
#2141 = VECTOR('',#2142,1.);
#2142 = DIRECTION('',(0.,0.,-1.));
#2143 = ORIENTED_EDGE('',*,*,#2144,.T.);
#2144 = EDGE_CURVE('',#2137,#2145,#2147,.T.);
#2145 = VERTEX_POINT('',#2146);
#2146 = CARTESIAN_POINT('',(86.8,0.15,-3.15));
#2147 = LINE('',#2148,#2149);
#2148 = CARTESIAN_POINT('',(2.025,0.15,-3.15));
#2149 = VECTOR('',#2150,1.);
#2150 = DIRECTION('',(1.,0.,0.));
#2151 = ORIENTED_EDGE('',*,*,#2152,.F.);
#2152 = EDGE_CURVE('',#1904,#2145,#2153,.T.);
#2153 = LINE('',#2154,#2155);
#2154 = CARTESIAN_POINT('',(86.8,0.15,-3.325));
#2155 = VECTOR('',#2156,1.);
#2156 = DIRECTION('',(0.,0.,-1.));
#2157 = ORIENTED_EDGE('',*,*,#1903,.T.);
#2158 = PLANE('',#2159);
#2159 = AXIS2_PLACEMENT_3D('',#2160,#2161,#2162);
#2160 = CARTESIAN_POINT('',(-0.15,0.15,-3.5));
#2161 = DIRECTION('',(0.,1.,0.));
#2162 = DIRECTION('',(0.,0.,1.));
#2163 = ADVANCED_FACE('',(#2164,#2175,#2186,#2197,#2208),#2219,.F.);
#2164 = FACE_BOUND('',#2165,.F.);
#2165 = EDGE_LOOP('',(#2166,#2167,#2168,#2174));
#2166 = ORIENTED_EDGE('',*,*,#1769,.F.);
#2167 = ORIENTED_EDGE('',*,*,#1809,.T.);
#2168 = ORIENTED_EDGE('',*,*,#2169,.T.);
#2169 = EDGE_CURVE('',#1800,#2121,#2170,.T.);
#2170 = LINE('',#2171,#2172);
#2171 = CARTESIAN_POINT('',(91.15,-84.15,-3.5));
#2172 = VECTOR('',#2173,1.);
#2173 = DIRECTION('',(0.,1.,0.));
#2174 = ORIENTED_EDGE('',*,*,#2128,.F.);
#2175 = FACE_BOUND('',#2176,.F.);
#2176 = EDGE_LOOP('',(#2177));
#2177 = ORIENTED_EDGE('',*,*,#2178,.F.);
#2178 = EDGE_CURVE('',#2179,#2179,#2181,.T.);
#2179 = VERTEX_POINT('',#2180);
#2180 = CARTESIAN_POINT('',(15.4,-80.5,-3.5));
#2181 = CIRCLE('',#2182,1.4);
#2182 = AXIS2_PLACEMENT_3D('',#2183,#2184,#2185);
#2183 = CARTESIAN_POINT('',(14.,-80.5,-3.5));
#2184 = DIRECTION('',(0.,0.,1.));
#2185 = DIRECTION('',(1.,0.,0.));
#2186 = FACE_BOUND('',#2187,.F.);
#2187 = EDGE_LOOP('',(#2188));
#2188 = ORIENTED_EDGE('',*,*,#2189,.F.);
#2189 = EDGE_CURVE('',#2190,#2190,#2192,.T.);
#2190 = VERTEX_POINT('',#2191);
#2191 = CARTESIAN_POINT('',(25.4,-80.5,-3.5));
#2192 = CIRCLE('',#2193,1.4);
#2193 = AXIS2_PLACEMENT_3D('',#2194,#2195,#2196);
#2194 = CARTESIAN_POINT('',(24.,-80.5,-3.5));
#2195 = DIRECTION('',(0.,0.,1.));
#2196 = DIRECTION('',(1.,0.,0.));
#2197 = FACE_BOUND('',#2198,.F.);
#2198 = EDGE_LOOP('',(#2199));
#2199 = ORIENTED_EDGE('',*,*,#2200,.F.);
#2200 = EDGE_CURVE('',#2201,#2201,#2203,.T.);
#2201 = VERTEX_POINT('',#2202);
#2202 = CARTESIAN_POINT('',(65.6,-81.,-3.5));
#2203 = CIRCLE('',#2204,0.6);
#2204 = AXIS2_PLACEMENT_3D('',#2205,#2206,#2207);
#2205 = CARTESIAN_POINT('',(65.,-81.,-3.5));
#2206 = DIRECTION('',(0.,0.,1.));
#2207 = DIRECTION('',(1.,0.,0.));
#2208 = FACE_BOUND('',#2209,.F.);
#2209 = EDGE_LOOP('',(#2210));
#2210 = ORIENTED_EDGE('',*,*,#2211,.F.);
#2211 = EDGE_CURVE('',#2212,#2212,#2214,.T.);
#2212 = VERTEX_POINT('',#2213);
#2213 = CARTESIAN_POINT('',(87.1,-81.,-3.5));
#2214 = CIRCLE('',#2215,0.6);
#2215 = AXIS2_PLACEMENT_3D('',#2216,#2217,#2218);
#2216 = CARTESIAN_POINT('',(86.5,-81.,-3.5));
#2217 = DIRECTION('',(0.,0.,1.));
#2218 = DIRECTION('',(1.,0.,0.));
#2219 = PLANE('',#2220);
#2220 = AXIS2_PLACEMENT_3D('',#2221,#2222,#2223);
#2221 = CARTESIAN_POINT('',(-0.15,-84.15,-3.5));
#2222 = DIRECTION('',(0.,0.,1.));
#2223 = DIRECTION('',(1.,0.,0.));
#2224 = ADVANCED_FACE('',(#2225),#2231,.T.);
#2225 = FACE_BOUND('',#2226,.T.);
#2226 = EDGE_LOOP('',(#2227,#2228,#2229,#2230));
#2227 = ORIENTED_EDGE('',*,*,#1799,.F.);
#2228 = ORIENTED_EDGE('',*,*,#2169,.T.);
#2229 = ORIENTED_EDGE('',*,*,#2120,.T.);
#2230 = ORIENTED_EDGE('',*,*,#1895,.F.);
#2231 = PLANE('',#2232);
#2232 = AXIS2_PLACEMENT_3D('',#2233,#2234,#2235);
#2233 = CARTESIAN_POINT('',(91.15,-84.15,-3.5));
#2234 = DIRECTION('',(1.,0.,0.));
#2235 = DIRECTION('',(0.,0.,1.));
#2236 = ADVANCED_FACE('',(#2237),#2271,.T.);
#2237 = FACE_BOUND('',#2238,.T.);
#2238 = EDGE_LOOP('',(#2239,#2249,#2257,#2263,#2264,#2265));
#2239 = ORIENTED_EDGE('',*,*,#2240,.F.);
#2240 = EDGE_CURVE('',#2241,#2243,#2245,.T.);
#2241 = VERTEX_POINT('',#2242);
#2242 = CARTESIAN_POINT('',(86.8,-84.6,-2.35));
#2243 = VERTEX_POINT('',#2244);
#2244 = CARTESIAN_POINT('',(86.8,-84.14,-2.35));
#2245 = LINE('',#2246,#2247);
#2246 = CARTESIAN_POINT('',(86.8,-84.6,-2.35));
#2247 = VECTOR('',#2248,1.);
#2248 = DIRECTION('',(0.,1.,0.));
#2249 = ORIENTED_EDGE('',*,*,#2250,.F.);
#2250 = EDGE_CURVE('',#2251,#2241,#2253,.T.);
#2251 = VERTEX_POINT('',#2252);
#2252 = CARTESIAN_POINT('',(86.8,-84.6,-3.15));
#2253 = LINE('',#2254,#2255);
#2254 = CARTESIAN_POINT('',(86.8,-84.6,-3.15));
#2255 = VECTOR('',#2256,1.);
#2256 = DIRECTION('',(0.,0.,1.));
#2257 = ORIENTED_EDGE('',*,*,#2258,.T.);
#2258 = EDGE_CURVE('',#2251,#1833,#2259,.T.);
#2259 = LINE('',#2260,#2261);
#2260 = CARTESIAN_POINT('',(86.8,-84.6,-3.15));
#2261 = VECTOR('',#2262,1.);
#2262 = DIRECTION('',(0.,1.,0.));
#2263 = ORIENTED_EDGE('',*,*,#1840,.F.);
#2264 = ORIENTED_EDGE('',*,*,#1888,.T.);
#2265 = ORIENTED_EDGE('',*,*,#2266,.T.);
#2266 = EDGE_CURVE('',#1881,#2243,#2267,.T.);
#2267 = LINE('',#2268,#2269);
#2268 = CARTESIAN_POINT('',(86.8,-84.14,-3.15));
#2269 = VECTOR('',#2270,1.);
#2270 = DIRECTION('',(0.,0.,1.));
#2271 = PLANE('',#2272);
#2272 = AXIS2_PLACEMENT_3D('',#2273,#2274,#2275);
#2273 = CARTESIAN_POINT('',(86.8,-84.6,-3.15));
#2274 = DIRECTION('',(1.,0.,0.));
#2275 = DIRECTION('',(0.,0.,1.));
#2276 = ADVANCED_FACE('',(#2277),#2295,.F.);
#2277 = FACE_BOUND('',#2278,.F.);
#2278 = EDGE_LOOP('',(#2279,#2287,#2293,#2294));
#2279 = ORIENTED_EDGE('',*,*,#2280,.F.);
#2280 = EDGE_CURVE('',#2281,#1825,#2283,.T.);
#2281 = VERTEX_POINT('',#2282);
#2282 = CARTESIAN_POINT('',(4.2,-84.6,-3.15));
#2283 = LINE('',#2284,#2285);
#2284 = CARTESIAN_POINT('',(4.2,-84.6,-3.15));
#2285 = VECTOR('',#2286,1.);
#2286 = DIRECTION('',(0.,1.,0.));
#2287 = ORIENTED_EDGE('',*,*,#2288,.T.);
#2288 = EDGE_CURVE('',#2281,#2251,#2289,.T.);
#2289 = LINE('',#2290,#2291);
#2290 = CARTESIAN_POINT('',(4.2,-84.6,-3.15));
#2291 = VECTOR('',#2292,1.);
#2292 = DIRECTION('',(1.,0.,0.));
#2293 = ORIENTED_EDGE('',*,*,#2258,.T.);
#2294 = ORIENTED_EDGE('',*,*,#1832,.F.);
#2295 = PLANE('',#2296);
#2296 = AXIS2_PLACEMENT_3D('',#2297,#2298,#2299);
#2297 = CARTESIAN_POINT('',(4.2,-84.6,-3.15));
#2298 = DIRECTION('',(0.,0.,1.));
#2299 = DIRECTION('',(1.,0.,0.));
#2300 = ADVANCED_FACE('',(#2301),#2328,.F.);
#2301 = FACE_BOUND('',#2302,.F.);
#2302 = EDGE_LOOP('',(#2303,#2313,#2319,#2320,#2321,#2322));
#2303 = ORIENTED_EDGE('',*,*,#2304,.F.);
#2304 = EDGE_CURVE('',#2305,#2307,#2309,.T.);
#2305 = VERTEX_POINT('',#2306);
#2306 = CARTESIAN_POINT('',(4.2,-84.6,-2.35));
#2307 = VERTEX_POINT('',#2308);
#2308 = CARTESIAN_POINT('',(4.2,-84.14,-2.35));
#2309 = LINE('',#2310,#2311);
#2310 = CARTESIAN_POINT('',(4.2,-84.6,-2.35));
#2311 = VECTOR('',#2312,1.);
#2312 = DIRECTION('',(0.,1.,0.));
#2313 = ORIENTED_EDGE('',*,*,#2314,.F.);
#2314 = EDGE_CURVE('',#2281,#2305,#2315,.T.);
#2315 = LINE('',#2316,#2317);
#2316 = CARTESIAN_POINT('',(4.2,-84.6,-3.15));
#2317 = VECTOR('',#2318,1.);
#2318 = DIRECTION('',(0.,0.,1.));
#2319 = ORIENTED_EDGE('',*,*,#2280,.T.);
#2320 = ORIENTED_EDGE('',*,*,#1824,.F.);
#2321 = ORIENTED_EDGE('',*,*,#1872,.T.);
#2322 = ORIENTED_EDGE('',*,*,#2323,.T.);
#2323 = EDGE_CURVE('',#1873,#2307,#2324,.T.);
#2324 = LINE('',#2325,#2326);
#2325 = CARTESIAN_POINT('',(4.2,-84.14,-3.15));
#2326 = VECTOR('',#2327,1.);
#2327 = DIRECTION('',(0.,0.,1.));
#2328 = PLANE('',#2329);
#2329 = AXIS2_PLACEMENT_3D('',#2330,#2331,#2332);
#2330 = CARTESIAN_POINT('',(4.2,-84.6,-3.15));
#2331 = DIRECTION('',(1.,0.,0.));
#2332 = DIRECTION('',(0.,0.,1.));
#2333 = ADVANCED_FACE('',(#2334),#2368,.F.);
#2334 = FACE_BOUND('',#2335,.F.);
#2335 = EDGE_LOOP('',(#2336,#2344,#2345,#2346,#2354,#2362));
#2336 = ORIENTED_EDGE('',*,*,#2337,.F.);
#2337 = EDGE_CURVE('',#1920,#2338,#2340,.T.);
#2338 = VERTEX_POINT('',#2339);
#2339 = CARTESIAN_POINT('',(4.2,0.14,-2.35));
#2340 = LINE('',#2341,#2342);
#2341 = CARTESIAN_POINT('',(4.2,0.14,-3.15));
#2342 = VECTOR('',#2343,1.);
#2343 = DIRECTION('',(0.,0.,1.));
#2344 = ORIENTED_EDGE('',*,*,#1927,.T.);
#2345 = ORIENTED_EDGE('',*,*,#2136,.T.);
#2346 = ORIENTED_EDGE('',*,*,#2347,.T.);
#2347 = EDGE_CURVE('',#2137,#2348,#2350,.T.);
#2348 = VERTEX_POINT('',#2349);
#2349 = CARTESIAN_POINT('',(4.2,0.6,-3.15));
#2350 = LINE('',#2351,#2352);
#2351 = CARTESIAN_POINT('',(4.2,0.14,-3.15));
#2352 = VECTOR('',#2353,1.);
#2353 = DIRECTION('',(0.,1.,0.));
#2354 = ORIENTED_EDGE('',*,*,#2355,.T.);
#2355 = EDGE_CURVE('',#2348,#2356,#2358,.T.);
#2356 = VERTEX_POINT('',#2357);
#2357 = CARTESIAN_POINT('',(4.2,0.6,-2.35));
#2358 = LINE('',#2359,#2360);
#2359 = CARTESIAN_POINT('',(4.2,0.6,-3.15));
#2360 = VECTOR('',#2361,1.);
#2361 = DIRECTION('',(0.,0.,1.));
#2362 = ORIENTED_EDGE('',*,*,#2363,.F.);
#2363 = EDGE_CURVE('',#2338,#2356,#2364,.T.);
#2364 = LINE('',#2365,#2366);
#2365 = CARTESIAN_POINT('',(4.2,0.14,-2.35));
#2366 = VECTOR('',#2367,1.);
#2367 = DIRECTION('',(0.,1.,0.));
#2368 = PLANE('',#2369);
#2369 = AXIS2_PLACEMENT_3D('',#2370,#2371,#2372);
#2370 = CARTESIAN_POINT('',(4.2,0.14,-3.15));
#2371 = DIRECTION('',(1.,0.,0.));
#2372 = DIRECTION('',(0.,0.,1.));
#2373 = ADVANCED_FACE('',(#2374),#2392,.F.);
#2374 = FACE_BOUND('',#2375,.F.);
#2375 = EDGE_LOOP('',(#2376,#2384,#2385,#2386));
#2376 = ORIENTED_EDGE('',*,*,#2377,.F.);
#2377 = EDGE_CURVE('',#1912,#2378,#2380,.T.);
#2378 = VERTEX_POINT('',#2379);
#2379 = CARTESIAN_POINT('',(86.8,0.14,-2.35));
#2380 = LINE('',#2381,#2382);
#2381 = CARTESIAN_POINT('',(86.8,0.14,-3.15));
#2382 = VECTOR('',#2383,1.);
#2383 = DIRECTION('',(0.,0.,1.));
#2384 = ORIENTED_EDGE('',*,*,#1919,.T.);
#2385 = ORIENTED_EDGE('',*,*,#2337,.T.);
#2386 = ORIENTED_EDGE('',*,*,#2387,.T.);
#2387 = EDGE_CURVE('',#2338,#2378,#2388,.T.);
#2388 = LINE('',#2389,#2390);
#2389 = CARTESIAN_POINT('',(4.2,0.14,-2.35));
#2390 = VECTOR('',#2391,1.);
#2391 = DIRECTION('',(1.,0.,0.));
#2392 = PLANE('',#2393);
#2393 = AXIS2_PLACEMENT_3D('',#2394,#2395,#2396);
#2394 = CARTESIAN_POINT('',(4.2,0.14,-3.15));
#2395 = DIRECTION('',(0.,1.,0.));
#2396 = DIRECTION('',(0.,0.,1.));
#2397 = ADVANCED_FACE('',(#2398),#2425,.T.);
#2398 = FACE_BOUND('',#2399,.T.);
#2399 = EDGE_LOOP('',(#2400,#2401,#2402,#2403,#2411,#2419));
#2400 = ORIENTED_EDGE('',*,*,#2377,.F.);
#2401 = ORIENTED_EDGE('',*,*,#1911,.T.);
#2402 = ORIENTED_EDGE('',*,*,#2152,.T.);
#2403 = ORIENTED_EDGE('',*,*,#2404,.T.);
#2404 = EDGE_CURVE('',#2145,#2405,#2407,.T.);
#2405 = VERTEX_POINT('',#2406);
#2406 = CARTESIAN_POINT('',(86.8,0.6,-3.15));
#2407 = LINE('',#2408,#2409);
#2408 = CARTESIAN_POINT('',(86.8,0.14,-3.15));
#2409 = VECTOR('',#2410,1.);
#2410 = DIRECTION('',(0.,1.,0.));
#2411 = ORIENTED_EDGE('',*,*,#2412,.T.);
#2412 = EDGE_CURVE('',#2405,#2413,#2415,.T.);
#2413 = VERTEX_POINT('',#2414);
#2414 = CARTESIAN_POINT('',(86.8,0.6,-2.35));
#2415 = LINE('',#2416,#2417);
#2416 = CARTESIAN_POINT('',(86.8,0.6,-3.15));
#2417 = VECTOR('',#2418,1.);
#2418 = DIRECTION('',(0.,0.,1.));
#2419 = ORIENTED_EDGE('',*,*,#2420,.F.);
#2420 = EDGE_CURVE('',#2378,#2413,#2421,.T.);
#2421 = LINE('',#2422,#2423);
#2422 = CARTESIAN_POINT('',(86.8,0.14,-2.35));
#2423 = VECTOR('',#2424,1.);
#2424 = DIRECTION('',(0.,1.,0.));
#2425 = PLANE('',#2426);
#2426 = AXIS2_PLACEMENT_3D('',#2427,#2428,#2429);
#2427 = CARTESIAN_POINT('',(86.8,0.14,-3.15));
#2428 = DIRECTION('',(1.,0.,0.));
#2429 = DIRECTION('',(0.,0.,1.));
#2430 = ADVANCED_FACE('',(#2431),#2442,.T.);
#2431 = FACE_BOUND('',#2432,.T.);
#2432 = EDGE_LOOP('',(#2433,#2434,#2435,#2436));
#2433 = ORIENTED_EDGE('',*,*,#2266,.F.);
#2434 = ORIENTED_EDGE('',*,*,#1880,.T.);
#2435 = ORIENTED_EDGE('',*,*,#2323,.T.);
#2436 = ORIENTED_EDGE('',*,*,#2437,.T.);
#2437 = EDGE_CURVE('',#2307,#2243,#2438,.T.);
#2438 = LINE('',#2439,#2440);
#2439 = CARTESIAN_POINT('',(4.2,-84.14,-2.35));
#2440 = VECTOR('',#2441,1.);
#2441 = DIRECTION('',(1.,0.,0.));
#2442 = PLANE('',#2443);
#2443 = AXIS2_PLACEMENT_3D('',#2444,#2445,#2446);
#2444 = CARTESIAN_POINT('',(4.2,-84.14,-3.15));
#2445 = DIRECTION('',(0.,1.,0.));
#2446 = DIRECTION('',(0.,0.,1.));
#2447 = ADVANCED_FACE('',(#2448),#2467,.T.);
#2448 = FACE_BOUND('',#2449,.T.);
#2449 = EDGE_LOOP('',(#2450,#2458,#2465,#2466));
#2450 = ORIENTED_EDGE('',*,*,#2451,.T.);
#2451 = EDGE_CURVE('',#1936,#2452,#2454,.T.);
#2452 = VERTEX_POINT('',#2453);
#2453 = CARTESIAN_POINT('',(6.2,-82.5,0.));
#2454 = LINE('',#2455,#2456);
#2455 = CARTESIAN_POINT('',(6.2,-82.5,-2.71));
#2456 = VECTOR('',#2457,1.);
#2457 = DIRECTION('',(0.,0.,1.));
#2458 = ORIENTED_EDGE('',*,*,#2459,.F.);
#2459 = EDGE_CURVE('',#2452,#2452,#2460,.T.);
#2460 = CIRCLE('',#2461,1.2);
#2461 = AXIS2_PLACEMENT_3D('',#2462,#2463,#2464);
#2462 = CARTESIAN_POINT('',(5.,-82.5,0.));
#2463 = DIRECTION('',(0.,0.,1.));
#2464 = DIRECTION('',(1.,0.,0.));
#2465 = ORIENTED_EDGE('',*,*,#2451,.F.);
#2466 = ORIENTED_EDGE('',*,*,#1935,.T.);
#2467 = CYLINDRICAL_SURFACE('',#2468,1.2);
#2468 = AXIS2_PLACEMENT_3D('',#2469,#2470,#2471);
#2469 = CARTESIAN_POINT('',(5.,-82.5,-2.71));
#2470 = DIRECTION('',(0.,0.,1.));
#2471 = DIRECTION('',(1.,0.,0.));
#2472 = ADVANCED_FACE('',(#2473),#2484,.F.);
#2473 = FACE_BOUND('',#2474,.F.);
#2474 = EDGE_LOOP('',(#2475,#2476,#2482,#2483));
#2475 = ORIENTED_EDGE('',*,*,#1946,.F.);
#2476 = ORIENTED_EDGE('',*,*,#2477,.F.);
#2477 = EDGE_CURVE('',#2179,#1947,#2478,.T.);
#2478 = LINE('',#2479,#2480);
#2479 = CARTESIAN_POINT('',(15.4,-80.5,-4.5));
#2480 = VECTOR('',#2481,1.);
#2481 = DIRECTION('',(0.,0.,1.));
#2482 = ORIENTED_EDGE('',*,*,#2178,.T.);
#2483 = ORIENTED_EDGE('',*,*,#2477,.T.);
#2484 = CYLINDRICAL_SURFACE('',#2485,1.4);
#2485 = AXIS2_PLACEMENT_3D('',#2486,#2487,#2488);
#2486 = CARTESIAN_POINT('',(14.,-80.5,-4.5));
#2487 = DIRECTION('',(0.,0.,1.));
#2488 = DIRECTION('',(1.,0.,0.));
#2489 = ADVANCED_FACE('',(#2490),#2501,.F.);
#2490 = FACE_BOUND('',#2491,.F.);
#2491 = EDGE_LOOP('',(#2492,#2493,#2499,#2500));
#2492 = ORIENTED_EDGE('',*,*,#1957,.F.);
#2493 = ORIENTED_EDGE('',*,*,#2494,.F.);
#2494 = EDGE_CURVE('',#2190,#1958,#2495,.T.);
#2495 = LINE('',#2496,#2497);
#2496 = CARTESIAN_POINT('',(25.4,-80.5,-4.5));
#2497 = VECTOR('',#2498,1.);
#2498 = DIRECTION('',(0.,0.,1.));
#2499 = ORIENTED_EDGE('',*,*,#2189,.T.);
#2500 = ORIENTED_EDGE('',*,*,#2494,.T.);
#2501 = CYLINDRICAL_SURFACE('',#2502,1.4);
#2502 = AXIS2_PLACEMENT_3D('',#2503,#2504,#2505);
#2503 = CARTESIAN_POINT('',(24.,-80.5,-4.5));
#2504 = DIRECTION('',(0.,0.,1.));
#2505 = DIRECTION('',(1.,0.,0.));
#2506 = ADVANCED_FACE('',(#2507),#2526,.T.);
#2507 = FACE_BOUND('',#2508,.T.);
#2508 = EDGE_LOOP('',(#2509,#2517,#2524,#2525));
#2509 = ORIENTED_EDGE('',*,*,#2510,.T.);
#2510 = EDGE_CURVE('',#1969,#2511,#2513,.T.);
#2511 = VERTEX_POINT('',#2512);
#2512 = CARTESIAN_POINT('',(34.2,-82.5,0.));
#2513 = LINE('',#2514,#2515);
#2514 = CARTESIAN_POINT('',(34.2,-82.5,-2.71));
#2515 = VECTOR('',#2516,1.);
#2516 = DIRECTION('',(0.,0.,1.));
#2517 = ORIENTED_EDGE('',*,*,#2518,.F.);
#2518 = EDGE_CURVE('',#2511,#2511,#2519,.T.);
#2519 = CIRCLE('',#2520,1.2);
#2520 = AXIS2_PLACEMENT_3D('',#2521,#2522,#2523);
#2521 = CARTESIAN_POINT('',(33.,-82.5,0.));
#2522 = DIRECTION('',(0.,0.,1.));
#2523 = DIRECTION('',(1.,0.,0.));
#2524 = ORIENTED_EDGE('',*,*,#2510,.F.);
#2525 = ORIENTED_EDGE('',*,*,#1968,.T.);
#2526 = CYLINDRICAL_SURFACE('',#2527,1.2);
#2527 = AXIS2_PLACEMENT_3D('',#2528,#2529,#2530);
#2528 = CARTESIAN_POINT('',(33.,-82.5,-2.71));
#2529 = DIRECTION('',(0.,0.,1.));
#2530 = DIRECTION('',(1.,0.,0.));
#2531 = ADVANCED_FACE('',(#2532),#2551,.T.);
#2532 = FACE_BOUND('',#2533,.T.);
#2533 = EDGE_LOOP('',(#2534,#2542,#2549,#2550));
#2534 = ORIENTED_EDGE('',*,*,#2535,.T.);
#2535 = EDGE_CURVE('',#1980,#2536,#2538,.T.);
#2536 = VERTEX_POINT('',#2537);
#2537 = CARTESIAN_POINT('',(62.2,-82.5,0.));
#2538 = LINE('',#2539,#2540);
#2539 = CARTESIAN_POINT('',(62.2,-82.5,-2.71));
#2540 = VECTOR('',#2541,1.);
#2541 = DIRECTION('',(0.,0.,1.));
#2542 = ORIENTED_EDGE('',*,*,#2543,.F.);
#2543 = EDGE_CURVE('',#2536,#2536,#2544,.T.);
#2544 = CIRCLE('',#2545,1.2);
#2545 = AXIS2_PLACEMENT_3D('',#2546,#2547,#2548);
#2546 = CARTESIAN_POINT('',(61.,-82.5,0.));
#2547 = DIRECTION('',(0.,0.,1.));
#2548 = DIRECTION('',(1.,0.,0.));
#2549 = ORIENTED_EDGE('',*,*,#2535,.F.);
#2550 = ORIENTED_EDGE('',*,*,#1979,.T.);
#2551 = CYLINDRICAL_SURFACE('',#2552,1.2);
#2552 = AXIS2_PLACEMENT_3D('',#2553,#2554,#2555);
#2553 = CARTESIAN_POINT('',(61.,-82.5,-2.71));
#2554 = DIRECTION('',(0.,0.,1.));
#2555 = DIRECTION('',(1.,0.,0.));
#2556 = ADVANCED_FACE('',(#2557),#2568,.F.);
#2557 = FACE_BOUND('',#2558,.F.);
#2558 = EDGE_LOOP('',(#2559,#2560,#2566,#2567));
#2559 = ORIENTED_EDGE('',*,*,#1990,.F.);
#2560 = ORIENTED_EDGE('',*,*,#2561,.F.);
#2561 = EDGE_CURVE('',#2201,#1991,#2562,.T.);
#2562 = LINE('',#2563,#2564);
#2563 = CARTESIAN_POINT('',(65.6,-81.,-4.5));
#2564 = VECTOR('',#2565,1.);
#2565 = DIRECTION('',(0.,0.,1.));
#2566 = ORIENTED_EDGE('',*,*,#2200,.T.);
#2567 = ORIENTED_EDGE('',*,*,#2561,.T.);
#2568 = CYLINDRICAL_SURFACE('',#2569,0.6);
#2569 = AXIS2_PLACEMENT_3D('',#2570,#2571,#2572);
#2570 = CARTESIAN_POINT('',(65.,-81.,-4.5));
#2571 = DIRECTION('',(0.,0.,1.));
#2572 = DIRECTION('',(1.,0.,0.));
#2573 = ADVANCED_FACE('',(#2574),#2585,.F.);
#2574 = FACE_BOUND('',#2575,.F.);
#2575 = EDGE_LOOP('',(#2576,#2577,#2583,#2584));
#2576 = ORIENTED_EDGE('',*,*,#2001,.F.);
#2577 = ORIENTED_EDGE('',*,*,#2578,.F.);
#2578 = EDGE_CURVE('',#2212,#2002,#2579,.T.);
#2579 = LINE('',#2580,#2581);
#2580 = CARTESIAN_POINT('',(87.1,-81.,-4.5));
#2581 = VECTOR('',#2582,1.);
#2582 = DIRECTION('',(0.,0.,1.));
#2583 = ORIENTED_EDGE('',*,*,#2211,.T.);
#2584 = ORIENTED_EDGE('',*,*,#2578,.T.);
#2585 = CYLINDRICAL_SURFACE('',#2586,0.6);
#2586 = AXIS2_PLACEMENT_3D('',#2587,#2588,#2589);
#2587 = CARTESIAN_POINT('',(86.5,-81.,-4.5));
#2588 = DIRECTION('',(0.,0.,1.));
#2589 = DIRECTION('',(1.,0.,0.));
#2590 = ADVANCED_FACE('',(#2591),#2616,.F.);
#2591 = FACE_BOUND('',#2592,.F.);
#2592 = EDGE_LOOP('',(#2593,#2601,#2602,#2610));
#2593 = ORIENTED_EDGE('',*,*,#2594,.F.);
#2594 = EDGE_CURVE('',#2013,#2595,#2597,.T.);
#2595 = VERTEX_POINT('',#2596);
#2596 = CARTESIAN_POINT('',(1.7,-83.7,0.));
#2597 = LINE('',#2598,#2599);
#2598 = CARTESIAN_POINT('',(1.7,-83.7,-2.71));
#2599 = VECTOR('',#2600,1.);
#2600 = DIRECTION('',(0.,0.,1.));
#2601 = ORIENTED_EDGE('',*,*,#2012,.T.);
#2602 = ORIENTED_EDGE('',*,*,#2603,.T.);
#2603 = EDGE_CURVE('',#2015,#2604,#2606,.T.);
#2604 = VERTEX_POINT('',#2605);
#2605 = CARTESIAN_POINT('',(0.3,-83.7,0.));
#2606 = LINE('',#2607,#2608);
#2607 = CARTESIAN_POINT('',(0.3,-83.7,-2.71));
#2608 = VECTOR('',#2609,1.);
#2609 = DIRECTION('',(0.,0.,1.));
#2610 = ORIENTED_EDGE('',*,*,#2611,.T.);
#2611 = EDGE_CURVE('',#2604,#2595,#2612,.T.);
#2612 = LINE('',#2613,#2614);
#2613 = CARTESIAN_POINT('',(0.3,-83.7,0.));
#2614 = VECTOR('',#2615,1.);
#2615 = DIRECTION('',(1.,0.,0.));
#2616 = PLANE('',#2617);
#2617 = AXIS2_PLACEMENT_3D('',#2618,#2619,#2620);
#2618 = CARTESIAN_POINT('',(0.3,-83.7,-2.71));
#2619 = DIRECTION('',(0.,1.,0.));
#2620 = DIRECTION('',(0.,0.,1.));
#2621 = ADVANCED_FACE('',(#2622),#2640,.T.);
#2622 = FACE_BOUND('',#2623,.T.);
#2623 = EDGE_LOOP('',(#2624,#2625,#2626,#2634));
#2624 = ORIENTED_EDGE('',*,*,#2594,.F.);
#2625 = ORIENTED_EDGE('',*,*,#2038,.T.);
#2626 = ORIENTED_EDGE('',*,*,#2627,.T.);
#2627 = EDGE_CURVE('',#2031,#2628,#2630,.T.);
#2628 = VERTEX_POINT('',#2629);
#2629 = CARTESIAN_POINT('',(1.7,-0.3,0.));
#2630 = LINE('',#2631,#2632);
#2631 = CARTESIAN_POINT('',(1.7,-0.3,-2.71));
#2632 = VECTOR('',#2633,1.);
#2633 = DIRECTION('',(0.,0.,1.));
#2634 = ORIENTED_EDGE('',*,*,#2635,.F.);
#2635 = EDGE_CURVE('',#2595,#2628,#2636,.T.);
#2636 = LINE('',#2637,#2638);
#2637 = CARTESIAN_POINT('',(1.7,-83.7,0.));
#2638 = VECTOR('',#2639,1.);
#2639 = DIRECTION('',(0.,1.,0.));
#2640 = PLANE('',#2641);
#2641 = AXIS2_PLACEMENT_3D('',#2642,#2643,#2644);
#2642 = CARTESIAN_POINT('',(1.7,-83.7,-2.71));
#2643 = DIRECTION('',(1.,0.,0.));
#2644 = DIRECTION('',(0.,0.,1.));
#2645 = ADVANCED_FACE('',(#2646),#2664,.F.);
#2646 = FACE_BOUND('',#2647,.F.);
#2647 = EDGE_LOOP('',(#2648,#2649,#2650,#2658));
#2648 = ORIENTED_EDGE('',*,*,#2603,.F.);
#2649 = ORIENTED_EDGE('',*,*,#2022,.T.);
#2650 = ORIENTED_EDGE('',*,*,#2651,.T.);
#2651 = EDGE_CURVE('',#2023,#2652,#2654,.T.);
#2652 = VERTEX_POINT('',#2653);
#2653 = CARTESIAN_POINT('',(0.3,-0.3,0.));
#2654 = LINE('',#2655,#2656);
#2655 = CARTESIAN_POINT('',(0.3,-0.3,-2.71));
#2656 = VECTOR('',#2657,1.);
#2657 = DIRECTION('',(0.,0.,1.));
#2658 = ORIENTED_EDGE('',*,*,#2659,.F.);
#2659 = EDGE_CURVE('',#2604,#2652,#2660,.T.);
#2660 = LINE('',#2661,#2662);
#2661 = CARTESIAN_POINT('',(0.3,-83.7,0.));
#2662 = VECTOR('',#2663,1.);
#2663 = DIRECTION('',(0.,1.,0.));
#2664 = PLANE('',#2665);
#2665 = AXIS2_PLACEMENT_3D('',#2666,#2667,#2668);
#2666 = CARTESIAN_POINT('',(0.3,-83.7,-2.71));
#2667 = DIRECTION('',(1.,0.,0.));
#2668 = DIRECTION('',(0.,0.,1.));
#2669 = ADVANCED_FACE('',(#2670),#2681,.T.);
#2670 = FACE_BOUND('',#2671,.T.);
#2671 = EDGE_LOOP('',(#2672,#2673,#2674,#2675));
#2672 = ORIENTED_EDGE('',*,*,#2627,.F.);
#2673 = ORIENTED_EDGE('',*,*,#2030,.T.);
#2674 = ORIENTED_EDGE('',*,*,#2651,.T.);
#2675 = ORIENTED_EDGE('',*,*,#2676,.T.);
#2676 = EDGE_CURVE('',#2652,#2628,#2677,.T.);
#2677 = LINE('',#2678,#2679);
#2678 = CARTESIAN_POINT('',(0.3,-0.3,0.));
#2679 = VECTOR('',#2680,1.);
#2680 = DIRECTION('',(1.,0.,0.));
#2681 = PLANE('',#2682);
#2682 = AXIS2_PLACEMENT_3D('',#2683,#2684,#2685);
#2683 = CARTESIAN_POINT('',(0.3,-0.3,-2.71));
#2684 = DIRECTION('',(0.,1.,0.));
#2685 = DIRECTION('',(0.,0.,1.));
#2686 = ADVANCED_FACE('',(#2687),#2712,.F.);
#2687 = FACE_BOUND('',#2688,.F.);
#2688 = EDGE_LOOP('',(#2689,#2697,#2698,#2706));
#2689 = ORIENTED_EDGE('',*,*,#2690,.F.);
#2690 = EDGE_CURVE('',#2047,#2691,#2693,.T.);
#2691 = VERTEX_POINT('',#2692);
#2692 = CARTESIAN_POINT('',(52.,-2.2,0.));
#2693 = LINE('',#2694,#2695);
#2694 = CARTESIAN_POINT('',(52.,-2.2,-2.71));
#2695 = VECTOR('',#2696,1.);
#2696 = DIRECTION('',(0.,0.,1.));
#2697 = ORIENTED_EDGE('',*,*,#2046,.T.);
#2698 = ORIENTED_EDGE('',*,*,#2699,.T.);
#2699 = EDGE_CURVE('',#2049,#2700,#2702,.T.);
#2700 = VERTEX_POINT('',#2701);
#2701 = CARTESIAN_POINT('',(3.,-2.2,0.));
#2702 = LINE('',#2703,#2704);
#2703 = CARTESIAN_POINT('',(3.,-2.2,-2.71));
#2704 = VECTOR('',#2705,1.);
#2705 = DIRECTION('',(0.,0.,1.));
#2706 = ORIENTED_EDGE('',*,*,#2707,.T.);
#2707 = EDGE_CURVE('',#2700,#2691,#2708,.T.);
#2708 = LINE('',#2709,#2710);
#2709 = CARTESIAN_POINT('',(3.,-2.2,0.));
#2710 = VECTOR('',#2711,1.);
#2711 = DIRECTION('',(1.,0.,0.));
#2712 = PLANE('',#2713);
#2713 = AXIS2_PLACEMENT_3D('',#2714,#2715,#2716);
#2714 = CARTESIAN_POINT('',(3.,-2.2,-2.71));
#2715 = DIRECTION('',(0.,1.,0.));
#2716 = DIRECTION('',(0.,0.,1.));
#2717 = ADVANCED_FACE('',(#2718),#2736,.T.);
#2718 = FACE_BOUND('',#2719,.T.);
#2719 = EDGE_LOOP('',(#2720,#2721,#2722,#2730));
#2720 = ORIENTED_EDGE('',*,*,#2690,.F.);
#2721 = ORIENTED_EDGE('',*,*,#2072,.T.);
#2722 = ORIENTED_EDGE('',*,*,#2723,.T.);
#2723 = EDGE_CURVE('',#2065,#2724,#2726,.T.);
#2724 = VERTEX_POINT('',#2725);
#2725 = CARTESIAN_POINT('',(52.,-0.3,0.));
#2726 = LINE('',#2727,#2728);
#2727 = CARTESIAN_POINT('',(52.,-0.3,-2.71));
#2728 = VECTOR('',#2729,1.);
#2729 = DIRECTION('',(0.,0.,1.));
#2730 = ORIENTED_EDGE('',*,*,#2731,.F.);
#2731 = EDGE_CURVE('',#2691,#2724,#2732,.T.);
#2732 = LINE('',#2733,#2734);
#2733 = CARTESIAN_POINT('',(52.,-2.2,0.));
#2734 = VECTOR('',#2735,1.);
#2735 = DIRECTION('',(0.,1.,0.));
#2736 = PLANE('',#2737);
#2737 = AXIS2_PLACEMENT_3D('',#2738,#2739,#2740);
#2738 = CARTESIAN_POINT('',(52.,-2.2,-2.71));
#2739 = DIRECTION('',(1.,0.,0.));
#2740 = DIRECTION('',(0.,0.,1.));
#2741 = ADVANCED_FACE('',(#2742),#2760,.F.);
#2742 = FACE_BOUND('',#2743,.F.);
#2743 = EDGE_LOOP('',(#2744,#2745,#2746,#2754));
#2744 = ORIENTED_EDGE('',*,*,#2699,.F.);
#2745 = ORIENTED_EDGE('',*,*,#2056,.T.);
#2746 = ORIENTED_EDGE('',*,*,#2747,.T.);
#2747 = EDGE_CURVE('',#2057,#2748,#2750,.T.);
#2748 = VERTEX_POINT('',#2749);
#2749 = CARTESIAN_POINT('',(3.,-0.3,0.));
#2750 = LINE('',#2751,#2752);
#2751 = CARTESIAN_POINT('',(3.,-0.3,-2.71));
#2752 = VECTOR('',#2753,1.);
#2753 = DIRECTION('',(0.,0.,1.));
#2754 = ORIENTED_EDGE('',*,*,#2755,.F.);
#2755 = EDGE_CURVE('',#2700,#2748,#2756,.T.);
#2756 = LINE('',#2757,#2758);
#2757 = CARTESIAN_POINT('',(3.,-2.2,0.));
#2758 = VECTOR('',#2759,1.);
#2759 = DIRECTION('',(0.,1.,0.));
#2760 = PLANE('',#2761);
#2761 = AXIS2_PLACEMENT_3D('',#2762,#2763,#2764);
#2762 = CARTESIAN_POINT('',(3.,-2.2,-2.71));
#2763 = DIRECTION('',(1.,0.,0.));
#2764 = DIRECTION('',(0.,0.,1.));
#2765 = ADVANCED_FACE('',(#2766),#2777,.T.);
#2766 = FACE_BOUND('',#2767,.T.);
#2767 = EDGE_LOOP('',(#2768,#2769,#2770,#2771));
#2768 = ORIENTED_EDGE('',*,*,#2723,.F.);
#2769 = ORIENTED_EDGE('',*,*,#2064,.T.);
#2770 = ORIENTED_EDGE('',*,*,#2747,.T.);
#2771 = ORIENTED_EDGE('',*,*,#2772,.T.);
#2772 = EDGE_CURVE('',#2748,#2724,#2773,.T.);
#2773 = LINE('',#2774,#2775);
#2774 = CARTESIAN_POINT('',(3.,-0.3,0.));
#2775 = VECTOR('',#2776,1.);
#2776 = DIRECTION('',(1.,0.,0.));
#2777 = PLANE('',#2778);
#2778 = AXIS2_PLACEMENT_3D('',#2779,#2780,#2781);
#2779 = CARTESIAN_POINT('',(3.,-0.3,-2.71));
#2780 = DIRECTION('',(0.,1.,0.));
#2781 = DIRECTION('',(0.,0.,1.));
#2782 = ADVANCED_FACE('',(#2783),#2808,.F.);
#2783 = FACE_BOUND('',#2784,.F.);
#2784 = EDGE_LOOP('',(#2785,#2793,#2794,#2802));
#2785 = ORIENTED_EDGE('',*,*,#2786,.F.);
#2786 = EDGE_CURVE('',#2081,#2787,#2789,.T.);
#2787 = VERTEX_POINT('',#2788);
#2788 = CARTESIAN_POINT('',(90.7,-76.,0.));
#2789 = LINE('',#2790,#2791);
#2790 = CARTESIAN_POINT('',(90.7,-76.,-2.71));
#2791 = VECTOR('',#2792,1.);
#2792 = DIRECTION('',(0.,0.,1.));
#2793 = ORIENTED_EDGE('',*,*,#2080,.T.);
#2794 = ORIENTED_EDGE('',*,*,#2795,.T.);
#2795 = EDGE_CURVE('',#2083,#2796,#2798,.T.);
#2796 = VERTEX_POINT('',#2797);
#2797 = CARTESIAN_POINT('',(89.3,-76.,0.));
#2798 = LINE('',#2799,#2800);
#2799 = CARTESIAN_POINT('',(89.3,-76.,-2.71));
#2800 = VECTOR('',#2801,1.);
#2801 = DIRECTION('',(0.,0.,1.));
#2802 = ORIENTED_EDGE('',*,*,#2803,.T.);
#2803 = EDGE_CURVE('',#2796,#2787,#2804,.T.);
#2804 = LINE('',#2805,#2806);
#2805 = CARTESIAN_POINT('',(89.3,-76.,0.));
#2806 = VECTOR('',#2807,1.);
#2807 = DIRECTION('',(1.,0.,0.));
#2808 = PLANE('',#2809);
#2809 = AXIS2_PLACEMENT_3D('',#2810,#2811,#2812);
#2810 = CARTESIAN_POINT('',(89.3,-76.,-2.71));
#2811 = DIRECTION('',(0.,1.,0.));
#2812 = DIRECTION('',(0.,0.,1.));
#2813 = ADVANCED_FACE('',(#2814),#2832,.T.);
#2814 = FACE_BOUND('',#2815,.T.);
#2815 = EDGE_LOOP('',(#2816,#2817,#2818,#2826));
#2816 = ORIENTED_EDGE('',*,*,#2786,.F.);
#2817 = ORIENTED_EDGE('',*,*,#2106,.T.);
#2818 = ORIENTED_EDGE('',*,*,#2819,.T.);
#2819 = EDGE_CURVE('',#2099,#2820,#2822,.T.);
#2820 = VERTEX_POINT('',#2821);
#2821 = CARTESIAN_POINT('',(90.7,-0.3,0.));
#2822 = LINE('',#2823,#2824);
#2823 = CARTESIAN_POINT('',(90.7,-0.3,-2.71));
#2824 = VECTOR('',#2825,1.);
#2825 = DIRECTION('',(0.,0.,1.));
#2826 = ORIENTED_EDGE('',*,*,#2827,.F.);
#2827 = EDGE_CURVE('',#2787,#2820,#2828,.T.);
#2828 = LINE('',#2829,#2830);
#2829 = CARTESIAN_POINT('',(90.7,-76.,0.));
#2830 = VECTOR('',#2831,1.);
#2831 = DIRECTION('',(0.,1.,0.));
#2832 = PLANE('',#2833);
#2833 = AXIS2_PLACEMENT_3D('',#2834,#2835,#2836);
#2834 = CARTESIAN_POINT('',(90.7,-76.,-2.71));
#2835 = DIRECTION('',(1.,0.,0.));
#2836 = DIRECTION('',(0.,0.,1.));
#2837 = ADVANCED_FACE('',(#2838),#2856,.F.);
#2838 = FACE_BOUND('',#2839,.F.);
#2839 = EDGE_LOOP('',(#2840,#2841,#2842,#2850));
#2840 = ORIENTED_EDGE('',*,*,#2795,.F.);
#2841 = ORIENTED_EDGE('',*,*,#2090,.T.);
#2842 = ORIENTED_EDGE('',*,*,#2843,.T.);
#2843 = EDGE_CURVE('',#2091,#2844,#2846,.T.);
#2844 = VERTEX_POINT('',#2845);
#2845 = CARTESIAN_POINT('',(89.3,-0.3,0.));
#2846 = LINE('',#2847,#2848);
#2847 = CARTESIAN_POINT('',(89.3,-0.3,-2.71));
#2848 = VECTOR('',#2849,1.);
#2849 = DIRECTION('',(0.,0.,1.));
#2850 = ORIENTED_EDGE('',*,*,#2851,.F.);
#2851 = EDGE_CURVE('',#2796,#2844,#2852,.T.);
#2852 = LINE('',#2853,#2854);
#2853 = CARTESIAN_POINT('',(89.3,-76.,0.));
#2854 = VECTOR('',#2855,1.);
#2855 = DIRECTION('',(0.,1.,0.));
#2856 = PLANE('',#2857);
#2857 = AXIS2_PLACEMENT_3D('',#2858,#2859,#2860);
#2858 = CARTESIAN_POINT('',(89.3,-76.,-2.71));
#2859 = DIRECTION('',(1.,0.,0.));
#2860 = DIRECTION('',(0.,0.,1.));
#2861 = ADVANCED_FACE('',(#2862),#2873,.T.);
#2862 = FACE_BOUND('',#2863,.T.);
#2863 = EDGE_LOOP('',(#2864,#2865,#2866,#2867));
#2864 = ORIENTED_EDGE('',*,*,#2819,.F.);
#2865 = ORIENTED_EDGE('',*,*,#2098,.T.);
#2866 = ORIENTED_EDGE('',*,*,#2843,.T.);
#2867 = ORIENTED_EDGE('',*,*,#2868,.T.);
#2868 = EDGE_CURVE('',#2844,#2820,#2869,.T.);
#2869 = LINE('',#2870,#2871);
#2870 = CARTESIAN_POINT('',(89.3,-0.3,0.));
#2871 = VECTOR('',#2872,1.);
#2872 = DIRECTION('',(1.,0.,0.));
#2873 = PLANE('',#2874);
#2874 = AXIS2_PLACEMENT_3D('',#2875,#2876,#2877);
#2875 = CARTESIAN_POINT('',(89.3,-0.3,-2.71));
#2876 = DIRECTION('',(0.,1.,0.));
#2877 = DIRECTION('',(0.,0.,1.));
#2878 = ADVANCED_FACE('',(#2879),#2890,.F.);
#2879 = FACE_BOUND('',#2880,.F.);
#2880 = EDGE_LOOP('',(#2881,#2882,#2883,#2884));
#2881 = ORIENTED_EDGE('',*,*,#2347,.F.);
#2882 = ORIENTED_EDGE('',*,*,#2144,.T.);
#2883 = ORIENTED_EDGE('',*,*,#2404,.T.);
#2884 = ORIENTED_EDGE('',*,*,#2885,.F.);
#2885 = EDGE_CURVE('',#2348,#2405,#2886,.T.);
#2886 = LINE('',#2887,#2888);
#2887 = CARTESIAN_POINT('',(4.2,0.6,-3.15));
#2888 = VECTOR('',#2889,1.);
#2889 = DIRECTION('',(1.,0.,0.));
#2890 = PLANE('',#2891);
#2891 = AXIS2_PLACEMENT_3D('',#2892,#2893,#2894);
#2892 = CARTESIAN_POINT('',(4.2,0.14,-3.15));
#2893 = DIRECTION('',(0.,0.,1.));
#2894 = DIRECTION('',(1.,0.,0.));
#2895 = ADVANCED_FACE('',(#2896),#2907,.T.);
#2896 = FACE_BOUND('',#2897,.T.);
#2897 = EDGE_LOOP('',(#2898,#2899,#2905,#2906));
#2898 = ORIENTED_EDGE('',*,*,#2304,.F.);
#2899 = ORIENTED_EDGE('',*,*,#2900,.T.);
#2900 = EDGE_CURVE('',#2305,#2241,#2901,.T.);
#2901 = LINE('',#2902,#2903);
#2902 = CARTESIAN_POINT('',(4.2,-84.6,-2.35));
#2903 = VECTOR('',#2904,1.);
#2904 = DIRECTION('',(1.,0.,0.));
#2905 = ORIENTED_EDGE('',*,*,#2240,.T.);
#2906 = ORIENTED_EDGE('',*,*,#2437,.F.);
#2907 = PLANE('',#2908);
#2908 = AXIS2_PLACEMENT_3D('',#2909,#2910,#2911);
#2909 = CARTESIAN_POINT('',(4.2,-84.6,-2.35));
#2910 = DIRECTION('',(0.,0.,1.));
#2911 = DIRECTION('',(1.,0.,0.));
#2912 = ADVANCED_FACE('',(#2913),#2919,.F.);
#2913 = FACE_BOUND('',#2914,.F.);
#2914 = EDGE_LOOP('',(#2915,#2916,#2917,#2918));
#2915 = ORIENTED_EDGE('',*,*,#2288,.F.);
#2916 = ORIENTED_EDGE('',*,*,#2314,.T.);
#2917 = ORIENTED_EDGE('',*,*,#2900,.T.);
#2918 = ORIENTED_EDGE('',*,*,#2250,.F.);
#2919 = PLANE('',#2920);
#2920 = AXIS2_PLACEMENT_3D('',#2921,#2922,#2923);
#2921 = CARTESIAN_POINT('',(4.2,-84.6,-3.15));
#2922 = DIRECTION('',(0.,1.,0.));
#2923 = DIRECTION('',(0.,0.,1.));
#2924 = ADVANCED_FACE('',(#2925),#2936,.T.);
#2925 = FACE_BOUND('',#2926,.T.);
#2926 = EDGE_LOOP('',(#2927,#2928,#2929,#2930));
#2927 = ORIENTED_EDGE('',*,*,#2363,.F.);
#2928 = ORIENTED_EDGE('',*,*,#2387,.T.);
#2929 = ORIENTED_EDGE('',*,*,#2420,.T.);
#2930 = ORIENTED_EDGE('',*,*,#2931,.F.);
#2931 = EDGE_CURVE('',#2356,#2413,#2932,.T.);
#2932 = LINE('',#2933,#2934);
#2933 = CARTESIAN_POINT('',(4.2,0.6,-2.35));
#2934 = VECTOR('',#2935,1.);
#2935 = DIRECTION('',(1.,0.,0.));
#2936 = PLANE('',#2937);
#2937 = AXIS2_PLACEMENT_3D('',#2938,#2939,#2940);
#2938 = CARTESIAN_POINT('',(4.2,0.14,-2.35));
#2939 = DIRECTION('',(0.,0.,1.));
#2940 = DIRECTION('',(1.,0.,0.));
#2941 = ADVANCED_FACE('',(#2942),#2948,.T.);
#2942 = FACE_BOUND('',#2943,.T.);
#2943 = EDGE_LOOP('',(#2944,#2945,#2946,#2947));
#2944 = ORIENTED_EDGE('',*,*,#2885,.F.);
#2945 = ORIENTED_EDGE('',*,*,#2355,.T.);
#2946 = ORIENTED_EDGE('',*,*,#2931,.T.);
#2947 = ORIENTED_EDGE('',*,*,#2412,.F.);
#2948 = PLANE('',#2949);
#2949 = AXIS2_PLACEMENT_3D('',#2950,#2951,#2952);
#2950 = CARTESIAN_POINT('',(4.2,0.6,-3.15));
#2951 = DIRECTION('',(0.,1.,0.));
#2952 = DIRECTION('',(0.,0.,1.));
#2953 = ADVANCED_FACE('',(#2954),#2957,.T.);
#2954 = FACE_BOUND('',#2955,.T.);
#2955 = EDGE_LOOP('',(#2956));
#2956 = ORIENTED_EDGE('',*,*,#2459,.T.);
#2957 = PLANE('',#2958);
#2958 = AXIS2_PLACEMENT_3D('',#2959,#2960,#2961);
#2959 = CARTESIAN_POINT('',(5.,-82.5,0.));
#2960 = DIRECTION('',(0.,0.,1.));
#2961 = DIRECTION('',(1.,0.,0.));
#2962 = ADVANCED_FACE('',(#2963),#2966,.T.);
#2963 = FACE_BOUND('',#2964,.T.);
#2964 = EDGE_LOOP('',(#2965));
#2965 = ORIENTED_EDGE('',*,*,#2518,.T.);
#2966 = PLANE('',#2967);
#2967 = AXIS2_PLACEMENT_3D('',#2968,#2969,#2970);
#2968 = CARTESIAN_POINT('',(33.,-82.5,0.));
#2969 = DIRECTION('',(0.,0.,1.));
#2970 = DIRECTION('',(1.,0.,0.));
#2971 = ADVANCED_FACE('',(#2972),#2975,.T.);
#2972 = FACE_BOUND('',#2973,.T.);
#2973 = EDGE_LOOP('',(#2974));
#2974 = ORIENTED_EDGE('',*,*,#2543,.T.);
#2975 = PLANE('',#2976);
#2976 = AXIS2_PLACEMENT_3D('',#2977,#2978,#2979);
#2977 = CARTESIAN_POINT('',(61.,-82.5,0.));
#2978 = DIRECTION('',(0.,0.,1.));
#2979 = DIRECTION('',(1.,0.,0.));
#2980 = ADVANCED_FACE('',(#2981),#2987,.T.);
#2981 = FACE_BOUND('',#2982,.T.);
#2982 = EDGE_LOOP('',(#2983,#2984,#2985,#2986));
#2983 = ORIENTED_EDGE('',*,*,#2659,.F.);
#2984 = ORIENTED_EDGE('',*,*,#2611,.T.);
#2985 = ORIENTED_EDGE('',*,*,#2635,.T.);
#2986 = ORIENTED_EDGE('',*,*,#2676,.F.);
#2987 = PLANE('',#2988);
#2988 = AXIS2_PLACEMENT_3D('',#2989,#2990,#2991);
#2989 = CARTESIAN_POINT('',(0.3,-83.7,0.));
#2990 = DIRECTION('',(0.,0.,1.));
#2991 = DIRECTION('',(1.,0.,0.));
#2992 = ADVANCED_FACE('',(#2993),#2999,.T.);
#2993 = FACE_BOUND('',#2994,.T.);
#2994 = EDGE_LOOP('',(#2995,#2996,#2997,#2998));
#2995 = ORIENTED_EDGE('',*,*,#2755,.F.);
#2996 = ORIENTED_EDGE('',*,*,#2707,.T.);
#2997 = ORIENTED_EDGE('',*,*,#2731,.T.);
#2998 = ORIENTED_EDGE('',*,*,#2772,.F.);
#2999 = PLANE('',#3000);
#3000 = AXIS2_PLACEMENT_3D('',#3001,#3002,#3003);
#3001 = CARTESIAN_POINT('',(3.,-2.2,0.));
#3002 = DIRECTION('',(0.,0.,1.));
#3003 = DIRECTION('',(1.,0.,0.));
#3004 = ADVANCED_FACE('',(#3005),#3011,.T.);
#3005 = FACE_BOUND('',#3006,.T.);
#3006 = EDGE_LOOP('',(#3007,#3008,#3009,#3010));
#3007 = ORIENTED_EDGE('',*,*,#2851,.F.);
#3008 = ORIENTED_EDGE('',*,*,#2803,.T.);
#3009 = ORIENTED_EDGE('',*,*,#2827,.T.);
#3010 = ORIENTED_EDGE('',*,*,#2868,.F.);
#3011 = PLANE('',#3012);
#3012 = AXIS2_PLACEMENT_3D('',#3013,#3014,#3015);
#3013 = CARTESIAN_POINT('',(89.3,-76.,0.));
#3014 = DIRECTION('',(0.,0.,1.));
#3015 = DIRECTION('',(1.,0.,0.));
#3016 = MANIFOLD_SOLID_BREP('',#3017);
#3017 = CLOSED_SHELL('',(#3018,#3058,#3098,#3120,#3142,#3154));
#3018 = ADVANCED_FACE('',(#3019),#3053,.F.);
#3019 = FACE_BOUND('',#3020,.F.);
#3020 = EDGE_LOOP('',(#3021,#3031,#3039,#3047));
#3021 = ORIENTED_EDGE('',*,*,#3022,.F.);
#3022 = EDGE_CURVE('',#3023,#3025,#3027,.T.);
#3023 = VERTEX_POINT('',#3024);
#3024 = CARTESIAN_POINT('',(0.,-77.,0.8));
#3025 = VERTEX_POINT('',#3026);
#3026 = CARTESIAN_POINT('',(0.,-77.,1.8));
#3027 = LINE('',#3028,#3029);
#3028 = CARTESIAN_POINT('',(0.,-77.,0.8));
#3029 = VECTOR('',#3030,1.);
#3030 = DIRECTION('',(0.,0.,1.));
#3031 = ORIENTED_EDGE('',*,*,#3032,.T.);
#3032 = EDGE_CURVE('',#3023,#3033,#3035,.T.);
#3033 = VERTEX_POINT('',#3034);
#3034 = CARTESIAN_POINT('',(0.,0.,0.8));
#3035 = LINE('',#3036,#3037);
#3036 = CARTESIAN_POINT('',(0.,-77.,0.8));
#3037 = VECTOR('',#3038,1.);
#3038 = DIRECTION('',(0.,1.,0.));
#3039 = ORIENTED_EDGE('',*,*,#3040,.T.);
#3040 = EDGE_CURVE('',#3033,#3041,#3043,.T.);
#3041 = VERTEX_POINT('',#3042);
#3042 = CARTESIAN_POINT('',(0.,0.,1.8));
#3043 = LINE('',#3044,#3045);
#3044 = CARTESIAN_POINT('',(0.,0.,0.8));
#3045 = VECTOR('',#3046,1.);
#3046 = DIRECTION('',(0.,0.,1.));
#3047 = ORIENTED_EDGE('',*,*,#3048,.F.);
#3048 = EDGE_CURVE('',#3025,#3041,#3049,.T.);
#3049 = LINE('',#3050,#3051);
#3050 = CARTESIAN_POINT('',(0.,-77.,1.8));
#3051 = VECTOR('',#3052,1.);
#3052 = DIRECTION('',(0.,1.,0.));
#3053 = PLANE('',#3054);
#3054 = AXIS2_PLACEMENT_3D('',#3055,#3056,#3057);
#3055 = CARTESIAN_POINT('',(0.,-77.,0.8));
#3056 = DIRECTION('',(1.,0.,0.));
#3057 = DIRECTION('',(0.,0.,1.));
#3058 = ADVANCED_FACE('',(#3059),#3093,.T.);
#3059 = FACE_BOUND('',#3060,.T.);
#3060 = EDGE_LOOP('',(#3061,#3071,#3079,#3087));
#3061 = ORIENTED_EDGE('',*,*,#3062,.F.);
#3062 = EDGE_CURVE('',#3063,#3065,#3067,.T.);
#3063 = VERTEX_POINT('',#3064);
#3064 = CARTESIAN_POINT('',(91.,-77.,0.8));
#3065 = VERTEX_POINT('',#3066);
#3066 = CARTESIAN_POINT('',(91.,-77.,1.8));
#3067 = LINE('',#3068,#3069);
#3068 = CARTESIAN_POINT('',(91.,-77.,0.8));
#3069 = VECTOR('',#3070,1.);
#3070 = DIRECTION('',(0.,0.,1.));
#3071 = ORIENTED_EDGE('',*,*,#3072,.T.);
#3072 = EDGE_CURVE('',#3063,#3073,#3075,.T.);
#3073 = VERTEX_POINT('',#3074);
#3074 = CARTESIAN_POINT('',(91.,0.,0.8));
#3075 = LINE('',#3076,#3077);
#3076 = CARTESIAN_POINT('',(91.,-77.,0.8));
#3077 = VECTOR('',#3078,1.);
#3078 = DIRECTION('',(0.,1.,0.));
#3079 = ORIENTED_EDGE('',*,*,#3080,.T.);
#3080 = EDGE_CURVE('',#3073,#3081,#3083,.T.);
#3081 = VERTEX_POINT('',#3082);
#3082 = CARTESIAN_POINT('',(91.,0.,1.8));
#3083 = LINE('',#3084,#3085);
#3084 = CARTESIAN_POINT('',(91.,0.,0.8));
#3085 = VECTOR('',#3086,1.);
#3086 = DIRECTION('',(0.,0.,1.));
#3087 = ORIENTED_EDGE('',*,*,#3088,.F.);
#3088 = EDGE_CURVE('',#3065,#3081,#3089,.T.);
#3089 = LINE('',#3090,#3091);
#3090 = CARTESIAN_POINT('',(91.,-77.,1.8));
#3091 = VECTOR('',#3092,1.);
#3092 = DIRECTION('',(0.,1.,0.));
#3093 = PLANE('',#3094);
#3094 = AXIS2_PLACEMENT_3D('',#3095,#3096,#3097);
#3095 = CARTESIAN_POINT('',(91.,-77.,0.8));
#3096 = DIRECTION('',(1.,0.,0.));
#3097 = DIRECTION('',(0.,0.,1.));
#3098 = ADVANCED_FACE('',(#3099),#3115,.F.);
#3099 = FACE_BOUND('',#3100,.F.);
#3100 = EDGE_LOOP('',(#3101,#3107,#3108,#3114));
#3101 = ORIENTED_EDGE('',*,*,#3102,.F.);
#3102 = EDGE_CURVE('',#3023,#3063,#3103,.T.);
#3103 = LINE('',#3104,#3105);
#3104 = CARTESIAN_POINT('',(0.,-77.,0.8));
#3105 = VECTOR('',#3106,1.);
#3106 = DIRECTION('',(1.,0.,0.));
#3107 = ORIENTED_EDGE('',*,*,#3022,.T.);
#3108 = ORIENTED_EDGE('',*,*,#3109,.T.);
#3109 = EDGE_CURVE('',#3025,#3065,#3110,.T.);
#3110 = LINE('',#3111,#3112);
#3111 = CARTESIAN_POINT('',(0.,-77.,1.8));
#3112 = VECTOR('',#3113,1.);
#3113 = DIRECTION('',(1.,0.,0.));
#3114 = ORIENTED_EDGE('',*,*,#3062,.F.);
#3115 = PLANE('',#3116);
#3116 = AXIS2_PLACEMENT_3D('',#3117,#3118,#3119);
#3117 = CARTESIAN_POINT('',(0.,-77.,0.8));
#3118 = DIRECTION('',(0.,1.,0.));
#3119 = DIRECTION('',(0.,0.,1.));
#3120 = ADVANCED_FACE('',(#3121),#3137,.T.);
#3121 = FACE_BOUND('',#3122,.T.);
#3122 = EDGE_LOOP('',(#3123,#3129,#3130,#3136));
#3123 = ORIENTED_EDGE('',*,*,#3124,.F.);
#3124 = EDGE_CURVE('',#3033,#3073,#3125,.T.);
#3125 = LINE('',#3126,#3127);
#3126 = CARTESIAN_POINT('',(0.,0.,0.8));
#3127 = VECTOR('',#3128,1.);
#3128 = DIRECTION('',(1.,0.,0.));
#3129 = ORIENTED_EDGE('',*,*,#3040,.T.);
#3130 = ORIENTED_EDGE('',*,*,#3131,.T.);
#3131 = EDGE_CURVE('',#3041,#3081,#3132,.T.);
#3132 = LINE('',#3133,#3134);
#3133 = CARTESIAN_POINT('',(0.,0.,1.8));
#3134 = VECTOR('',#3135,1.);
#3135 = DIRECTION('',(1.,0.,0.));
#3136 = ORIENTED_EDGE('',*,*,#3080,.F.);
#3137 = PLANE('',#3138);
#3138 = AXIS2_PLACEMENT_3D('',#3139,#3140,#3141);
#3139 = CARTESIAN_POINT('',(0.,0.,0.8));
#3140 = DIRECTION('',(0.,1.,0.));
#3141 = DIRECTION('',(0.,0.,1.));
#3142 = ADVANCED_FACE('',(#3143),#3149,.F.);
#3143 = FACE_BOUND('',#3144,.F.);
#3144 = EDGE_LOOP('',(#3145,#3146,#3147,#3148));
#3145 = ORIENTED_EDGE('',*,*,#3032,.F.);
#3146 = ORIENTED_EDGE('',*,*,#3102,.T.);
#3147 = ORIENTED_EDGE('',*,*,#3072,.T.);
#3148 = ORIENTED_EDGE('',*,*,#3124,.F.);
#3149 = PLANE('',#3150);
#3150 = AXIS2_PLACEMENT_3D('',#3151,#3152,#3153);
#3151 = CARTESIAN_POINT('',(0.,-77.,0.8));
#3152 = DIRECTION('',(0.,0.,1.));
#3153 = DIRECTION('',(1.,0.,0.));
#3154 = ADVANCED_FACE('',(#3155),#3161,.T.);
#3155 = FACE_BOUND('',#3156,.T.);
#3156 = EDGE_LOOP('',(#3157,#3158,#3159,#3160));
#3157 = ORIENTED_EDGE('',*,*,#3048,.F.);
#3158 = ORIENTED_EDGE('',*,*,#3109,.T.);
#3159 = ORIENTED_EDGE('',*,*,#3088,.T.);
#3160 = ORIENTED_EDGE('',*,*,#3131,.F.);
#3161 = PLANE('',#3162);
#3162 = AXIS2_PLACEMENT_3D('',#3163,#3164,#3165);
#3163 = CARTESIAN_POINT('',(0.,-77.,1.8));
#3164 = DIRECTION('',(0.,0.,1.));
#3165 = DIRECTION('',(1.,0.,0.));
#3166 = MANIFOLD_SOLID_BREP('',#3167);
#3167 = CLOSED_SHELL('',(#3168,#3208,#3341,#3366,#3391,#3508,#3525,#3542
    ,#3559,#3576,#3593,#3610,#3627,#3644,#3656,#3678,#3695,#3712));
#3168 = ADVANCED_FACE('',(#3169),#3203,.F.);
#3169 = FACE_BOUND('',#3170,.F.);
#3170 = EDGE_LOOP('',(#3171,#3181,#3189,#3197));
#3171 = ORIENTED_EDGE('',*,*,#3172,.F.);
#3172 = EDGE_CURVE('',#3173,#3175,#3177,.T.);
#3173 = VERTEX_POINT('',#3174);
#3174 = CARTESIAN_POINT('',(-4.440892098501E-16,-82.,0.8));
#3175 = VERTEX_POINT('',#3176);
#3176 = CARTESIAN_POINT('',(-4.440892098501E-16,-2.,0.8));
#3177 = LINE('',#3178,#3179);
#3178 = CARTESIAN_POINT('',(0.,-84.,0.8));
#3179 = VECTOR('',#3180,1.);
#3180 = DIRECTION('',(0.,1.,0.));
#3181 = ORIENTED_EDGE('',*,*,#3182,.F.);
#3182 = EDGE_CURVE('',#3183,#3173,#3185,.T.);
#3183 = VERTEX_POINT('',#3184);
#3184 = CARTESIAN_POINT('',(-4.440892098501E-16,-82.,0.));
#3185 = LINE('',#3186,#3187);
#3186 = CARTESIAN_POINT('',(-4.440892098501E-16,-82.,0.));
#3187 = VECTOR('',#3188,1.);
#3188 = DIRECTION('',(0.,0.,1.));
#3189 = ORIENTED_EDGE('',*,*,#3190,.T.);
#3190 = EDGE_CURVE('',#3183,#3191,#3193,.T.);
#3191 = VERTEX_POINT('',#3192);
#3192 = CARTESIAN_POINT('',(-4.440892098501E-16,-2.,0.));
#3193 = LINE('',#3194,#3195);
#3194 = CARTESIAN_POINT('',(0.,-84.,0.));
#3195 = VECTOR('',#3196,1.);
#3196 = DIRECTION('',(0.,1.,0.));
#3197 = ORIENTED_EDGE('',*,*,#3198,.T.);
#3198 = EDGE_CURVE('',#3191,#3175,#3199,.T.);
#3199 = LINE('',#3200,#3201);
#3200 = CARTESIAN_POINT('',(-4.440892098501E-16,-2.,0.));
#3201 = VECTOR('',#3202,1.);
#3202 = DIRECTION('',(0.,0.,1.));
#3203 = PLANE('',#3204);
#3204 = AXIS2_PLACEMENT_3D('',#3205,#3206,#3207);
#3205 = CARTESIAN_POINT('',(0.,-84.,0.));
#3206 = DIRECTION('',(1.,0.,0.));
#3207 = DIRECTION('',(0.,0.,1.));
#3208 = ADVANCED_FACE('',(#3209,#3302),#3336,.T.);
#3209 = FACE_BOUND('',#3210,.T.);
#3210 = EDGE_LOOP('',(#3211,#3212,#3221,#3229,#3237,#3245,#3253,#3261,
    #3270,#3278,#3287,#3295));
#3211 = ORIENTED_EDGE('',*,*,#3172,.F.);
#3212 = ORIENTED_EDGE('',*,*,#3213,.T.);
#3213 = EDGE_CURVE('',#3173,#3214,#3216,.T.);
#3214 = VERTEX_POINT('',#3215);
#3215 = CARTESIAN_POINT('',(2.,-84.,0.8));
#3216 = CIRCLE('',#3217,2.);
#3217 = AXIS2_PLACEMENT_3D('',#3218,#3219,#3220);
#3218 = CARTESIAN_POINT('',(2.,-82.,0.8));
#3219 = DIRECTION('',(-0.,0.,1.));
#3220 = DIRECTION('',(0.,-1.,0.));
#3221 = ORIENTED_EDGE('',*,*,#3222,.T.);
#3222 = EDGE_CURVE('',#3214,#3223,#3225,.T.);
#3223 = VERTEX_POINT('',#3224);
#3224 = CARTESIAN_POINT('',(70.325,-84.,0.8));
#3225 = LINE('',#3226,#3227);
#3226 = CARTESIAN_POINT('',(0.,-84.,0.8));
#3227 = VECTOR('',#3228,1.);
#3228 = DIRECTION('',(1.,0.,0.));
#3229 = ORIENTED_EDGE('',*,*,#3230,.T.);
#3230 = EDGE_CURVE('',#3223,#3231,#3233,.T.);
#3231 = VERTEX_POINT('',#3232);
#3232 = CARTESIAN_POINT('',(70.325,-77.95,0.8));
#3233 = LINE('',#3234,#3235);
#3234 = CARTESIAN_POINT('',(70.325,-84.5,0.8));
#3235 = VECTOR('',#3236,1.);
#3236 = DIRECTION('',(0.,1.,0.));
#3237 = ORIENTED_EDGE('',*,*,#3238,.F.);
#3238 = EDGE_CURVE('',#3239,#3231,#3241,.T.);
#3239 = VERTEX_POINT('',#3240);
#3240 = CARTESIAN_POINT('',(79.675,-77.95,0.8));
#3241 = LINE('',#3242,#3243);
#3242 = CARTESIAN_POINT('',(35.1625,-77.95,0.8));
#3243 = VECTOR('',#3244,1.);
#3244 = DIRECTION('',(-1.,0.,0.));
#3245 = ORIENTED_EDGE('',*,*,#3246,.F.);
#3246 = EDGE_CURVE('',#3247,#3239,#3249,.T.);
#3247 = VERTEX_POINT('',#3248);
#3248 = CARTESIAN_POINT('',(79.675,-84.,0.8));
#3249 = LINE('',#3250,#3251);
#3250 = CARTESIAN_POINT('',(79.675,-84.5,0.8));
#3251 = VECTOR('',#3252,1.);
#3252 = DIRECTION('',(0.,1.,0.));
#3253 = ORIENTED_EDGE('',*,*,#3254,.T.);
#3254 = EDGE_CURVE('',#3247,#3255,#3257,.T.);
#3255 = VERTEX_POINT('',#3256);
#3256 = CARTESIAN_POINT('',(89.,-84.,0.8));
#3257 = LINE('',#3258,#3259);
#3258 = CARTESIAN_POINT('',(0.,-84.,0.8));
#3259 = VECTOR('',#3260,1.);
#3260 = DIRECTION('',(1.,0.,0.));
#3261 = ORIENTED_EDGE('',*,*,#3262,.F.);
#3262 = EDGE_CURVE('',#3263,#3255,#3265,.T.);
#3263 = VERTEX_POINT('',#3264);
#3264 = CARTESIAN_POINT('',(91.,-82.,0.8));
#3265 = CIRCLE('',#3266,2.);
#3266 = AXIS2_PLACEMENT_3D('',#3267,#3268,#3269);
#3267 = CARTESIAN_POINT('',(89.,-82.,0.8));
#3268 = DIRECTION('',(-0.,-0.,-1.));
#3269 = DIRECTION('',(0.,-1.,0.));
#3270 = ORIENTED_EDGE('',*,*,#3271,.T.);
#3271 = EDGE_CURVE('',#3263,#3272,#3274,.T.);
#3272 = VERTEX_POINT('',#3273);
#3273 = CARTESIAN_POINT('',(91.,-2.,0.8));
#3274 = LINE('',#3275,#3276);
#3275 = CARTESIAN_POINT('',(91.,-84.,0.8));
#3276 = VECTOR('',#3277,1.);
#3277 = DIRECTION('',(0.,1.,0.));
#3278 = ORIENTED_EDGE('',*,*,#3279,.T.);
#3279 = EDGE_CURVE('',#3272,#3280,#3282,.T.);
#3280 = VERTEX_POINT('',#3281);
#3281 = CARTESIAN_POINT('',(89.,4.440892098501E-16,0.8));
#3282 = CIRCLE('',#3283,2.);
#3283 = AXIS2_PLACEMENT_3D('',#3284,#3285,#3286);
#3284 = CARTESIAN_POINT('',(89.,-2.,0.8));
#3285 = DIRECTION('',(-0.,0.,1.));
#3286 = DIRECTION('',(0.,-1.,0.));
#3287 = ORIENTED_EDGE('',*,*,#3288,.F.);
#3288 = EDGE_CURVE('',#3289,#3280,#3291,.T.);
#3289 = VERTEX_POINT('',#3290);
#3290 = CARTESIAN_POINT('',(2.,4.440892098501E-16,0.8));
#3291 = LINE('',#3292,#3293);
#3292 = CARTESIAN_POINT('',(0.,0.,0.8));
#3293 = VECTOR('',#3294,1.);
#3294 = DIRECTION('',(1.,0.,0.));
#3295 = ORIENTED_EDGE('',*,*,#3296,.F.);
#3296 = EDGE_CURVE('',#3175,#3289,#3297,.T.);
#3297 = CIRCLE('',#3298,2.);
#3298 = AXIS2_PLACEMENT_3D('',#3299,#3300,#3301);
#3299 = CARTESIAN_POINT('',(2.,-2.,0.8));
#3300 = DIRECTION('',(-0.,-0.,-1.));
#3301 = DIRECTION('',(0.,-1.,0.));
#3302 = FACE_BOUND('',#3303,.T.);
#3303 = EDGE_LOOP('',(#3304,#3314,#3322,#3330));
#3304 = ORIENTED_EDGE('',*,*,#3305,.T.);
#3305 = EDGE_CURVE('',#3306,#3308,#3310,.T.);
#3306 = VERTEX_POINT('',#3307);
#3307 = CARTESIAN_POINT('',(60.,-79.6,0.8));
#3308 = VERTEX_POINT('',#3309);
#3309 = CARTESIAN_POINT('',(30.,-79.6,0.8));
#3310 = LINE('',#3311,#3312);
#3311 = CARTESIAN_POINT('',(15.,-79.6,0.8));
#3312 = VECTOR('',#3313,1.);
#3313 = DIRECTION('',(-1.,0.,0.));
#3314 = ORIENTED_EDGE('',*,*,#3315,.T.);
#3315 = EDGE_CURVE('',#3308,#3316,#3318,.T.);
#3316 = VERTEX_POINT('',#3317);
#3317 = CARTESIAN_POINT('',(30.,-77.6,0.8));
#3318 = LINE('',#3319,#3320);
#3319 = CARTESIAN_POINT('',(30.,-81.8,0.8));
#3320 = VECTOR('',#3321,1.);
#3321 = DIRECTION('',(0.,1.,0.));
#3322 = ORIENTED_EDGE('',*,*,#3323,.F.);
#3323 = EDGE_CURVE('',#3324,#3316,#3326,.T.);
#3324 = VERTEX_POINT('',#3325);
#3325 = CARTESIAN_POINT('',(60.,-77.6,0.8));
#3326 = LINE('',#3327,#3328);
#3327 = CARTESIAN_POINT('',(15.,-77.6,0.8));
#3328 = VECTOR('',#3329,1.);
#3329 = DIRECTION('',(-1.,0.,0.));
#3330 = ORIENTED_EDGE('',*,*,#3331,.F.);
#3331 = EDGE_CURVE('',#3306,#3324,#3332,.T.);
#3332 = LINE('',#3333,#3334);
#3333 = CARTESIAN_POINT('',(60.,-81.8,0.8));
#3334 = VECTOR('',#3335,1.);
#3335 = DIRECTION('',(0.,1.,0.));
#3336 = PLANE('',#3337);
#3337 = AXIS2_PLACEMENT_3D('',#3338,#3339,#3340);
#3338 = CARTESIAN_POINT('',(0.,-84.,0.8));
#3339 = DIRECTION('',(0.,0.,1.));
#3340 = DIRECTION('',(1.,0.,0.));
#3341 = ADVANCED_FACE('',(#3342),#3361,.T.);
#3342 = FACE_BOUND('',#3343,.T.);
#3343 = EDGE_LOOP('',(#3344,#3353,#3359,#3360));
#3344 = ORIENTED_EDGE('',*,*,#3345,.T.);
#3345 = EDGE_CURVE('',#3183,#3346,#3348,.T.);
#3346 = VERTEX_POINT('',#3347);
#3347 = CARTESIAN_POINT('',(2.,-84.,0.));
#3348 = CIRCLE('',#3349,2.);
#3349 = AXIS2_PLACEMENT_3D('',#3350,#3351,#3352);
#3350 = CARTESIAN_POINT('',(2.,-82.,0.));
#3351 = DIRECTION('',(-0.,0.,1.));
#3352 = DIRECTION('',(0.,-1.,0.));
#3353 = ORIENTED_EDGE('',*,*,#3354,.T.);
#3354 = EDGE_CURVE('',#3346,#3214,#3355,.T.);
#3355 = LINE('',#3356,#3357);
#3356 = CARTESIAN_POINT('',(2.,-84.,0.));
#3357 = VECTOR('',#3358,1.);
#3358 = DIRECTION('',(0.,0.,1.));
#3359 = ORIENTED_EDGE('',*,*,#3213,.F.);
#3360 = ORIENTED_EDGE('',*,*,#3182,.F.);
#3361 = CYLINDRICAL_SURFACE('',#3362,2.);
#3362 = AXIS2_PLACEMENT_3D('',#3363,#3364,#3365);
#3363 = CARTESIAN_POINT('',(2.,-82.,0.));
#3364 = DIRECTION('',(0.,0.,1.));
#3365 = DIRECTION('',(-1.,0.,0.));
#3366 = ADVANCED_FACE('',(#3367),#3386,.T.);
#3367 = FACE_BOUND('',#3368,.F.);
#3368 = EDGE_LOOP('',(#3369,#3378,#3384,#3385));
#3369 = ORIENTED_EDGE('',*,*,#3370,.T.);
#3370 = EDGE_CURVE('',#3191,#3371,#3373,.T.);
#3371 = VERTEX_POINT('',#3372);
#3372 = CARTESIAN_POINT('',(2.,4.440892098501E-16,0.));
#3373 = CIRCLE('',#3374,2.);
#3374 = AXIS2_PLACEMENT_3D('',#3375,#3376,#3377);
#3375 = CARTESIAN_POINT('',(2.,-2.,0.));
#3376 = DIRECTION('',(-0.,-0.,-1.));
#3377 = DIRECTION('',(0.,-1.,0.));
#3378 = ORIENTED_EDGE('',*,*,#3379,.T.);
#3379 = EDGE_CURVE('',#3371,#3289,#3380,.T.);
#3380 = LINE('',#3381,#3382);
#3381 = CARTESIAN_POINT('',(2.,4.440892098501E-16,0.));
#3382 = VECTOR('',#3383,1.);
#3383 = DIRECTION('',(0.,0.,1.));
#3384 = ORIENTED_EDGE('',*,*,#3296,.F.);
#3385 = ORIENTED_EDGE('',*,*,#3198,.F.);
#3386 = CYLINDRICAL_SURFACE('',#3387,2.);
#3387 = AXIS2_PLACEMENT_3D('',#3388,#3389,#3390);
#3388 = CARTESIAN_POINT('',(2.,-2.,0.));
#3389 = DIRECTION('',(0.,0.,1.));
#3390 = DIRECTION('',(-1.,0.,0.));
#3391 = ADVANCED_FACE('',(#3392,#3469),#3503,.F.);
#3392 = FACE_BOUND('',#3393,.F.);
#3393 = EDGE_LOOP('',(#3394,#3395,#3396,#3404,#3412,#3420,#3428,#3436,
    #3445,#3453,#3462,#3468));
#3394 = ORIENTED_EDGE('',*,*,#3190,.F.);
#3395 = ORIENTED_EDGE('',*,*,#3345,.T.);
#3396 = ORIENTED_EDGE('',*,*,#3397,.T.);
#3397 = EDGE_CURVE('',#3346,#3398,#3400,.T.);
#3398 = VERTEX_POINT('',#3399);
#3399 = CARTESIAN_POINT('',(70.325,-84.,0.));
#3400 = LINE('',#3401,#3402);
#3401 = CARTESIAN_POINT('',(0.,-84.,0.));
#3402 = VECTOR('',#3403,1.);
#3403 = DIRECTION('',(1.,0.,0.));
#3404 = ORIENTED_EDGE('',*,*,#3405,.T.);
#3405 = EDGE_CURVE('',#3398,#3406,#3408,.T.);
#3406 = VERTEX_POINT('',#3407);
#3407 = CARTESIAN_POINT('',(70.325,-77.95,0.));
#3408 = LINE('',#3409,#3410);
#3409 = CARTESIAN_POINT('',(70.325,-84.5,0.));
#3410 = VECTOR('',#3411,1.);
#3411 = DIRECTION('',(0.,1.,0.));
#3412 = ORIENTED_EDGE('',*,*,#3413,.F.);
#3413 = EDGE_CURVE('',#3414,#3406,#3416,.T.);
#3414 = VERTEX_POINT('',#3415);
#3415 = CARTESIAN_POINT('',(79.675,-77.95,0.));
#3416 = LINE('',#3417,#3418);
#3417 = CARTESIAN_POINT('',(35.1625,-77.95,0.));
#3418 = VECTOR('',#3419,1.);
#3419 = DIRECTION('',(-1.,0.,0.));
#3420 = ORIENTED_EDGE('',*,*,#3421,.F.);
#3421 = EDGE_CURVE('',#3422,#3414,#3424,.T.);
#3422 = VERTEX_POINT('',#3423);
#3423 = CARTESIAN_POINT('',(79.675,-84.,0.));
#3424 = LINE('',#3425,#3426);
#3425 = CARTESIAN_POINT('',(79.675,-84.5,0.));
#3426 = VECTOR('',#3427,1.);
#3427 = DIRECTION('',(0.,1.,0.));
#3428 = ORIENTED_EDGE('',*,*,#3429,.T.);
#3429 = EDGE_CURVE('',#3422,#3430,#3432,.T.);
#3430 = VERTEX_POINT('',#3431);
#3431 = CARTESIAN_POINT('',(89.,-84.,0.));
#3432 = LINE('',#3433,#3434);
#3433 = CARTESIAN_POINT('',(0.,-84.,0.));
#3434 = VECTOR('',#3435,1.);
#3435 = DIRECTION('',(1.,0.,0.));
#3436 = ORIENTED_EDGE('',*,*,#3437,.F.);
#3437 = EDGE_CURVE('',#3438,#3430,#3440,.T.);
#3438 = VERTEX_POINT('',#3439);
#3439 = CARTESIAN_POINT('',(91.,-82.,0.));
#3440 = CIRCLE('',#3441,2.);
#3441 = AXIS2_PLACEMENT_3D('',#3442,#3443,#3444);
#3442 = CARTESIAN_POINT('',(89.,-82.,0.));
#3443 = DIRECTION('',(-0.,-0.,-1.));
#3444 = DIRECTION('',(0.,-1.,0.));
#3445 = ORIENTED_EDGE('',*,*,#3446,.T.);
#3446 = EDGE_CURVE('',#3438,#3447,#3449,.T.);
#3447 = VERTEX_POINT('',#3448);
#3448 = CARTESIAN_POINT('',(91.,-2.,0.));
#3449 = LINE('',#3450,#3451);
#3450 = CARTESIAN_POINT('',(91.,-84.,0.));
#3451 = VECTOR('',#3452,1.);
#3452 = DIRECTION('',(0.,1.,0.));
#3453 = ORIENTED_EDGE('',*,*,#3454,.T.);
#3454 = EDGE_CURVE('',#3447,#3455,#3457,.T.);
#3455 = VERTEX_POINT('',#3456);
#3456 = CARTESIAN_POINT('',(89.,4.440892098501E-16,0.));
#3457 = CIRCLE('',#3458,2.);
#3458 = AXIS2_PLACEMENT_3D('',#3459,#3460,#3461);
#3459 = CARTESIAN_POINT('',(89.,-2.,0.));
#3460 = DIRECTION('',(-0.,0.,1.));
#3461 = DIRECTION('',(0.,-1.,0.));
#3462 = ORIENTED_EDGE('',*,*,#3463,.F.);
#3463 = EDGE_CURVE('',#3371,#3455,#3464,.T.);
#3464 = LINE('',#3465,#3466);
#3465 = CARTESIAN_POINT('',(0.,0.,0.));
#3466 = VECTOR('',#3467,1.);
#3467 = DIRECTION('',(1.,0.,0.));
#3468 = ORIENTED_EDGE('',*,*,#3370,.F.);
#3469 = FACE_BOUND('',#3470,.F.);
#3470 = EDGE_LOOP('',(#3471,#3481,#3489,#3497));
#3471 = ORIENTED_EDGE('',*,*,#3472,.T.);
#3472 = EDGE_CURVE('',#3473,#3475,#3477,.T.);
#3473 = VERTEX_POINT('',#3474);
#3474 = CARTESIAN_POINT('',(60.,-79.6,0.));
#3475 = VERTEX_POINT('',#3476);
#3476 = CARTESIAN_POINT('',(30.,-79.6,0.));
#3477 = LINE('',#3478,#3479);
#3478 = CARTESIAN_POINT('',(15.,-79.6,0.));
#3479 = VECTOR('',#3480,1.);
#3480 = DIRECTION('',(-1.,0.,0.));
#3481 = ORIENTED_EDGE('',*,*,#3482,.T.);
#3482 = EDGE_CURVE('',#3475,#3483,#3485,.T.);
#3483 = VERTEX_POINT('',#3484);
#3484 = CARTESIAN_POINT('',(30.,-77.6,0.));
#3485 = LINE('',#3486,#3487);
#3486 = CARTESIAN_POINT('',(30.,-81.8,0.));
#3487 = VECTOR('',#3488,1.);
#3488 = DIRECTION('',(0.,1.,0.));
#3489 = ORIENTED_EDGE('',*,*,#3490,.F.);
#3490 = EDGE_CURVE('',#3491,#3483,#3493,.T.);
#3491 = VERTEX_POINT('',#3492);
#3492 = CARTESIAN_POINT('',(60.,-77.6,0.));
#3493 = LINE('',#3494,#3495);
#3494 = CARTESIAN_POINT('',(15.,-77.6,0.));
#3495 = VECTOR('',#3496,1.);
#3496 = DIRECTION('',(-1.,0.,0.));
#3497 = ORIENTED_EDGE('',*,*,#3498,.F.);
#3498 = EDGE_CURVE('',#3473,#3491,#3499,.T.);
#3499 = LINE('',#3500,#3501);
#3500 = CARTESIAN_POINT('',(60.,-81.8,0.));
#3501 = VECTOR('',#3502,1.);
#3502 = DIRECTION('',(0.,1.,0.));
#3503 = PLANE('',#3504);
#3504 = AXIS2_PLACEMENT_3D('',#3505,#3506,#3507);
#3505 = CARTESIAN_POINT('',(0.,-84.,0.));
#3506 = DIRECTION('',(0.,0.,1.));
#3507 = DIRECTION('',(1.,0.,0.));
#3508 = ADVANCED_FACE('',(#3509),#3520,.F.);
#3509 = FACE_BOUND('',#3510,.F.);
#3510 = EDGE_LOOP('',(#3511,#3512,#3513,#3514));
#3511 = ORIENTED_EDGE('',*,*,#3397,.F.);
#3512 = ORIENTED_EDGE('',*,*,#3354,.T.);
#3513 = ORIENTED_EDGE('',*,*,#3222,.T.);
#3514 = ORIENTED_EDGE('',*,*,#3515,.T.);
#3515 = EDGE_CURVE('',#3223,#3398,#3516,.T.);
#3516 = LINE('',#3517,#3518);
#3517 = CARTESIAN_POINT('',(70.325,-84.,-0.5));
#3518 = VECTOR('',#3519,1.);
#3519 = DIRECTION('',(0.,0.,-1.));
#3520 = PLANE('',#3521);
#3521 = AXIS2_PLACEMENT_3D('',#3522,#3523,#3524);
#3522 = CARTESIAN_POINT('',(0.,-84.,0.));
#3523 = DIRECTION('',(0.,1.,0.));
#3524 = DIRECTION('',(0.,0.,1.));
#3525 = ADVANCED_FACE('',(#3526),#3537,.T.);
#3526 = FACE_BOUND('',#3527,.T.);
#3527 = EDGE_LOOP('',(#3528,#3529,#3530,#3531));
#3528 = ORIENTED_EDGE('',*,*,#3463,.F.);
#3529 = ORIENTED_EDGE('',*,*,#3379,.T.);
#3530 = ORIENTED_EDGE('',*,*,#3288,.T.);
#3531 = ORIENTED_EDGE('',*,*,#3532,.F.);
#3532 = EDGE_CURVE('',#3455,#3280,#3533,.T.);
#3533 = LINE('',#3534,#3535);
#3534 = CARTESIAN_POINT('',(89.,4.440892098501E-16,0.));
#3535 = VECTOR('',#3536,1.);
#3536 = DIRECTION('',(0.,0.,1.));
#3537 = PLANE('',#3538);
#3538 = AXIS2_PLACEMENT_3D('',#3539,#3540,#3541);
#3539 = CARTESIAN_POINT('',(0.,0.,0.));
#3540 = DIRECTION('',(0.,1.,0.));
#3541 = DIRECTION('',(0.,0.,1.));
#3542 = ADVANCED_FACE('',(#3543),#3554,.T.);
#3543 = FACE_BOUND('',#3544,.T.);
#3544 = EDGE_LOOP('',(#3545,#3551,#3552,#3553));
#3545 = ORIENTED_EDGE('',*,*,#3546,.T.);
#3546 = EDGE_CURVE('',#3406,#3231,#3547,.T.);
#3547 = LINE('',#3548,#3549);
#3548 = CARTESIAN_POINT('',(70.325,-77.95,-1.));
#3549 = VECTOR('',#3550,1.);
#3550 = DIRECTION('',(0.,0.,1.));
#3551 = ORIENTED_EDGE('',*,*,#3230,.F.);
#3552 = ORIENTED_EDGE('',*,*,#3515,.T.);
#3553 = ORIENTED_EDGE('',*,*,#3405,.T.);
#3554 = PLANE('',#3555);
#3555 = AXIS2_PLACEMENT_3D('',#3556,#3557,#3558);
#3556 = CARTESIAN_POINT('',(70.325,-85.,-1.));
#3557 = DIRECTION('',(1.,0.,0.));
#3558 = DIRECTION('',(0.,0.,1.));
#3559 = ADVANCED_FACE('',(#3560),#3571,.T.);
#3560 = FACE_BOUND('',#3561,.T.);
#3561 = EDGE_LOOP('',(#3562,#3563,#3564,#3565));
#3562 = ORIENTED_EDGE('',*,*,#3454,.T.);
#3563 = ORIENTED_EDGE('',*,*,#3532,.T.);
#3564 = ORIENTED_EDGE('',*,*,#3279,.F.);
#3565 = ORIENTED_EDGE('',*,*,#3566,.F.);
#3566 = EDGE_CURVE('',#3447,#3272,#3567,.T.);
#3567 = LINE('',#3568,#3569);
#3568 = CARTESIAN_POINT('',(91.,-2.,0.));
#3569 = VECTOR('',#3570,1.);
#3570 = DIRECTION('',(0.,0.,1.));
#3571 = CYLINDRICAL_SURFACE('',#3572,2.);
#3572 = AXIS2_PLACEMENT_3D('',#3573,#3574,#3575);
#3573 = CARTESIAN_POINT('',(89.,-2.,0.));
#3574 = DIRECTION('',(0.,0.,1.));
#3575 = DIRECTION('',(1.,0.,0.));
#3576 = ADVANCED_FACE('',(#3577),#3588,.F.);
#3577 = FACE_BOUND('',#3578,.F.);
#3578 = EDGE_LOOP('',(#3579,#3585,#3586,#3587));
#3579 = ORIENTED_EDGE('',*,*,#3580,.F.);
#3580 = EDGE_CURVE('',#3414,#3239,#3581,.T.);
#3581 = LINE('',#3582,#3583);
#3582 = CARTESIAN_POINT('',(79.675,-77.95,-1.));
#3583 = VECTOR('',#3584,1.);
#3584 = DIRECTION('',(0.,0.,1.));
#3585 = ORIENTED_EDGE('',*,*,#3413,.T.);
#3586 = ORIENTED_EDGE('',*,*,#3546,.T.);
#3587 = ORIENTED_EDGE('',*,*,#3238,.F.);
#3588 = PLANE('',#3589);
#3589 = AXIS2_PLACEMENT_3D('',#3590,#3591,#3592);
#3590 = CARTESIAN_POINT('',(70.325,-77.95,-1.));
#3591 = DIRECTION('',(0.,1.,0.));
#3592 = DIRECTION('',(0.,0.,1.));
#3593 = ADVANCED_FACE('',(#3594),#3605,.T.);
#3594 = FACE_BOUND('',#3595,.T.);
#3595 = EDGE_LOOP('',(#3596,#3597,#3603,#3604));
#3596 = ORIENTED_EDGE('',*,*,#3271,.F.);
#3597 = ORIENTED_EDGE('',*,*,#3598,.F.);
#3598 = EDGE_CURVE('',#3438,#3263,#3599,.T.);
#3599 = LINE('',#3600,#3601);
#3600 = CARTESIAN_POINT('',(91.,-82.,0.));
#3601 = VECTOR('',#3602,1.);
#3602 = DIRECTION('',(0.,0.,1.));
#3603 = ORIENTED_EDGE('',*,*,#3446,.T.);
#3604 = ORIENTED_EDGE('',*,*,#3566,.T.);
#3605 = PLANE('',#3606);
#3606 = AXIS2_PLACEMENT_3D('',#3607,#3608,#3609);
#3607 = CARTESIAN_POINT('',(91.,-84.,0.));
#3608 = DIRECTION('',(1.,0.,0.));
#3609 = DIRECTION('',(0.,0.,1.));
#3610 = ADVANCED_FACE('',(#3611),#3622,.F.);
#3611 = FACE_BOUND('',#3612,.F.);
#3612 = EDGE_LOOP('',(#3613,#3614,#3615,#3621));
#3613 = ORIENTED_EDGE('',*,*,#3580,.T.);
#3614 = ORIENTED_EDGE('',*,*,#3246,.F.);
#3615 = ORIENTED_EDGE('',*,*,#3616,.T.);
#3616 = EDGE_CURVE('',#3247,#3422,#3617,.T.);
#3617 = LINE('',#3618,#3619);
#3618 = CARTESIAN_POINT('',(79.675,-84.,-0.5));
#3619 = VECTOR('',#3620,1.);
#3620 = DIRECTION('',(0.,0.,-1.));
#3621 = ORIENTED_EDGE('',*,*,#3421,.T.);
#3622 = PLANE('',#3623);
#3623 = AXIS2_PLACEMENT_3D('',#3624,#3625,#3626);
#3624 = CARTESIAN_POINT('',(79.675,-85.,-1.));
#3625 = DIRECTION('',(1.,0.,0.));
#3626 = DIRECTION('',(0.,0.,1.));
#3627 = ADVANCED_FACE('',(#3628),#3639,.T.);
#3628 = FACE_BOUND('',#3629,.F.);
#3629 = EDGE_LOOP('',(#3630,#3631,#3637,#3638));
#3630 = ORIENTED_EDGE('',*,*,#3437,.T.);
#3631 = ORIENTED_EDGE('',*,*,#3632,.T.);
#3632 = EDGE_CURVE('',#3430,#3255,#3633,.T.);
#3633 = LINE('',#3634,#3635);
#3634 = CARTESIAN_POINT('',(89.,-84.,0.));
#3635 = VECTOR('',#3636,1.);
#3636 = DIRECTION('',(0.,0.,1.));
#3637 = ORIENTED_EDGE('',*,*,#3262,.F.);
#3638 = ORIENTED_EDGE('',*,*,#3598,.F.);
#3639 = CYLINDRICAL_SURFACE('',#3640,2.);
#3640 = AXIS2_PLACEMENT_3D('',#3641,#3642,#3643);
#3641 = CARTESIAN_POINT('',(89.,-82.,0.));
#3642 = DIRECTION('',(0.,0.,1.));
#3643 = DIRECTION('',(1.,0.,0.));
#3644 = ADVANCED_FACE('',(#3645),#3651,.F.);
#3645 = FACE_BOUND('',#3646,.F.);
#3646 = EDGE_LOOP('',(#3647,#3648,#3649,#3650));
#3647 = ORIENTED_EDGE('',*,*,#3429,.F.);
#3648 = ORIENTED_EDGE('',*,*,#3616,.F.);
#3649 = ORIENTED_EDGE('',*,*,#3254,.T.);
#3650 = ORIENTED_EDGE('',*,*,#3632,.F.);
#3651 = PLANE('',#3652);
#3652 = AXIS2_PLACEMENT_3D('',#3653,#3654,#3655);
#3653 = CARTESIAN_POINT('',(0.,-84.,0.));
#3654 = DIRECTION('',(0.,1.,0.));
#3655 = DIRECTION('',(0.,0.,1.));
#3656 = ADVANCED_FACE('',(#3657),#3673,.T.);
#3657 = FACE_BOUND('',#3658,.T.);
#3658 = EDGE_LOOP('',(#3659,#3665,#3666,#3672));
#3659 = ORIENTED_EDGE('',*,*,#3660,.F.);
#3660 = EDGE_CURVE('',#3473,#3306,#3661,.T.);
#3661 = LINE('',#3662,#3663);
#3662 = CARTESIAN_POINT('',(60.,-79.6,-1.));
#3663 = VECTOR('',#3664,1.);
#3664 = DIRECTION('',(0.,0.,1.));
#3665 = ORIENTED_EDGE('',*,*,#3472,.T.);
#3666 = ORIENTED_EDGE('',*,*,#3667,.T.);
#3667 = EDGE_CURVE('',#3475,#3308,#3668,.T.);
#3668 = LINE('',#3669,#3670);
#3669 = CARTESIAN_POINT('',(30.,-79.6,-1.));
#3670 = VECTOR('',#3671,1.);
#3671 = DIRECTION('',(0.,0.,1.));
#3672 = ORIENTED_EDGE('',*,*,#3305,.F.);
#3673 = PLANE('',#3674);
#3674 = AXIS2_PLACEMENT_3D('',#3675,#3676,#3677);
#3675 = CARTESIAN_POINT('',(30.,-79.6,-1.));
#3676 = DIRECTION('',(0.,1.,0.));
#3677 = DIRECTION('',(0.,0.,1.));
#3678 = ADVANCED_FACE('',(#3679),#3690,.F.);
#3679 = FACE_BOUND('',#3680,.F.);
#3680 = EDGE_LOOP('',(#3681,#3682,#3683,#3689));
#3681 = ORIENTED_EDGE('',*,*,#3660,.F.);
#3682 = ORIENTED_EDGE('',*,*,#3498,.T.);
#3683 = ORIENTED_EDGE('',*,*,#3684,.T.);
#3684 = EDGE_CURVE('',#3491,#3324,#3685,.T.);
#3685 = LINE('',#3686,#3687);
#3686 = CARTESIAN_POINT('',(60.,-77.6,-1.));
#3687 = VECTOR('',#3688,1.);
#3688 = DIRECTION('',(0.,0.,1.));
#3689 = ORIENTED_EDGE('',*,*,#3331,.F.);
#3690 = PLANE('',#3691);
#3691 = AXIS2_PLACEMENT_3D('',#3692,#3693,#3694);
#3692 = CARTESIAN_POINT('',(60.,-79.6,-1.));
#3693 = DIRECTION('',(1.,0.,0.));
#3694 = DIRECTION('',(0.,0.,1.));
#3695 = ADVANCED_FACE('',(#3696),#3707,.F.);
#3696 = FACE_BOUND('',#3697,.F.);
#3697 = EDGE_LOOP('',(#3698,#3699,#3700,#3706));
#3698 = ORIENTED_EDGE('',*,*,#3684,.F.);
#3699 = ORIENTED_EDGE('',*,*,#3490,.T.);
#3700 = ORIENTED_EDGE('',*,*,#3701,.T.);
#3701 = EDGE_CURVE('',#3483,#3316,#3702,.T.);
#3702 = LINE('',#3703,#3704);
#3703 = CARTESIAN_POINT('',(30.,-77.6,-1.));
#3704 = VECTOR('',#3705,1.);
#3705 = DIRECTION('',(0.,0.,1.));
#3706 = ORIENTED_EDGE('',*,*,#3323,.F.);
#3707 = PLANE('',#3708);
#3708 = AXIS2_PLACEMENT_3D('',#3709,#3710,#3711);
#3709 = CARTESIAN_POINT('',(30.,-77.6,-1.));
#3710 = DIRECTION('',(0.,1.,0.));
#3711 = DIRECTION('',(0.,0.,1.));
#3712 = ADVANCED_FACE('',(#3713),#3719,.T.);
#3713 = FACE_BOUND('',#3714,.T.);
#3714 = EDGE_LOOP('',(#3715,#3716,#3717,#3718));
#3715 = ORIENTED_EDGE('',*,*,#3667,.F.);
#3716 = ORIENTED_EDGE('',*,*,#3482,.T.);
#3717 = ORIENTED_EDGE('',*,*,#3701,.T.);
#3718 = ORIENTED_EDGE('',*,*,#3315,.F.);
#3719 = PLANE('',#3720);
#3720 = AXIS2_PLACEMENT_3D('',#3721,#3722,#3723);
#3721 = CARTESIAN_POINT('',(30.,-79.6,-1.));
#3722 = DIRECTION('',(1.,0.,0.));
#3723 = DIRECTION('',(0.,0.,1.));
#3724 = MANIFOLD_SOLID_BREP('',#3725);
#3725 = CLOSED_SHELL('',(#3726,#3766,#3806,#3828,#3850,#3862));
#3726 = ADVANCED_FACE('',(#3727),#3761,.F.);
#3727 = FACE_BOUND('',#3728,.F.);
#3728 = EDGE_LOOP('',(#3729,#3739,#3747,#3755));
#3729 = ORIENTED_EDGE('',*,*,#3730,.F.);
#3730 = EDGE_CURVE('',#3731,#3733,#3735,.T.);
#3731 = VERTEX_POINT('',#3732);
#3732 = CARTESIAN_POINT('',(53.2,-65.5,-2.4));
#3733 = VERTEX_POINT('',#3734);
#3734 = CARTESIAN_POINT('',(53.2,-65.5,0.));
#3735 = LINE('',#3736,#3737);
#3736 = CARTESIAN_POINT('',(53.2,-65.5,-2.4));
#3737 = VECTOR('',#3738,1.);
#3738 = DIRECTION('',(0.,0.,1.));
#3739 = ORIENTED_EDGE('',*,*,#3740,.T.);
#3740 = EDGE_CURVE('',#3731,#3741,#3743,.T.);
#3741 = VERTEX_POINT('',#3742);
#3742 = CARTESIAN_POINT('',(53.2,-48.5,-2.4));
#3743 = LINE('',#3744,#3745);
#3744 = CARTESIAN_POINT('',(53.2,-65.5,-2.4));
#3745 = VECTOR('',#3746,1.);
#3746 = DIRECTION('',(0.,1.,0.));
#3747 = ORIENTED_EDGE('',*,*,#3748,.T.);
#3748 = EDGE_CURVE('',#3741,#3749,#3751,.T.);
#3749 = VERTEX_POINT('',#3750);
#3750 = CARTESIAN_POINT('',(53.2,-48.5,0.));
#3751 = LINE('',#3752,#3753);
#3752 = CARTESIAN_POINT('',(53.2,-48.5,-2.4));
#3753 = VECTOR('',#3754,1.);
#3754 = DIRECTION('',(0.,0.,1.));
#3755 = ORIENTED_EDGE('',*,*,#3756,.F.);
#3756 = EDGE_CURVE('',#3733,#3749,#3757,.T.);
#3757 = LINE('',#3758,#3759);
#3758 = CARTESIAN_POINT('',(53.2,-65.5,0.));
#3759 = VECTOR('',#3760,1.);
#3760 = DIRECTION('',(0.,1.,0.));
#3761 = PLANE('',#3762);
#3762 = AXIS2_PLACEMENT_3D('',#3763,#3764,#3765);
#3763 = CARTESIAN_POINT('',(53.2,-65.5,-2.4));
#3764 = DIRECTION('',(1.,0.,0.));
#3765 = DIRECTION('',(0.,0.,1.));
#3766 = ADVANCED_FACE('',(#3767),#3801,.T.);
#3767 = FACE_BOUND('',#3768,.T.);
#3768 = EDGE_LOOP('',(#3769,#3779,#3787,#3795));
#3769 = ORIENTED_EDGE('',*,*,#3770,.F.);
#3770 = EDGE_CURVE('',#3771,#3773,#3775,.T.);
#3771 = VERTEX_POINT('',#3772);
#3772 = CARTESIAN_POINT('',(66.8,-65.5,-2.4));
#3773 = VERTEX_POINT('',#3774);
#3774 = CARTESIAN_POINT('',(66.8,-65.5,0.));
#3775 = LINE('',#3776,#3777);
#3776 = CARTESIAN_POINT('',(66.8,-65.5,-2.4));
#3777 = VECTOR('',#3778,1.);
#3778 = DIRECTION('',(0.,0.,1.));
#3779 = ORIENTED_EDGE('',*,*,#3780,.T.);
#3780 = EDGE_CURVE('',#3771,#3781,#3783,.T.);
#3781 = VERTEX_POINT('',#3782);
#3782 = CARTESIAN_POINT('',(66.8,-48.5,-2.4));
#3783 = LINE('',#3784,#3785);
#3784 = CARTESIAN_POINT('',(66.8,-65.5,-2.4));
#3785 = VECTOR('',#3786,1.);
#3786 = DIRECTION('',(0.,1.,0.));
#3787 = ORIENTED_EDGE('',*,*,#3788,.T.);
#3788 = EDGE_CURVE('',#3781,#3789,#3791,.T.);
#3789 = VERTEX_POINT('',#3790);
#3790 = CARTESIAN_POINT('',(66.8,-48.5,0.));
#3791 = LINE('',#3792,#3793);
#3792 = CARTESIAN_POINT('',(66.8,-48.5,-2.4));
#3793 = VECTOR('',#3794,1.);
#3794 = DIRECTION('',(0.,0.,1.));
#3795 = ORIENTED_EDGE('',*,*,#3796,.F.);
#3796 = EDGE_CURVE('',#3773,#3789,#3797,.T.);
#3797 = LINE('',#3798,#3799);
#3798 = CARTESIAN_POINT('',(66.8,-65.5,0.));
#3799 = VECTOR('',#3800,1.);
#3800 = DIRECTION('',(0.,1.,0.));
#3801 = PLANE('',#3802);
#3802 = AXIS2_PLACEMENT_3D('',#3803,#3804,#3805);
#3803 = CARTESIAN_POINT('',(66.8,-65.5,-2.4));
#3804 = DIRECTION('',(1.,0.,0.));
#3805 = DIRECTION('',(0.,0.,1.));
#3806 = ADVANCED_FACE('',(#3807),#3823,.F.);
#3807 = FACE_BOUND('',#3808,.F.);
#3808 = EDGE_LOOP('',(#3809,#3815,#3816,#3822));
#3809 = ORIENTED_EDGE('',*,*,#3810,.F.);
#3810 = EDGE_CURVE('',#3731,#3771,#3811,.T.);
#3811 = LINE('',#3812,#3813);
#3812 = CARTESIAN_POINT('',(53.2,-65.5,-2.4));
#3813 = VECTOR('',#3814,1.);
#3814 = DIRECTION('',(1.,0.,0.));
#3815 = ORIENTED_EDGE('',*,*,#3730,.T.);
#3816 = ORIENTED_EDGE('',*,*,#3817,.T.);
#3817 = EDGE_CURVE('',#3733,#3773,#3818,.T.);
#3818 = LINE('',#3819,#3820);
#3819 = CARTESIAN_POINT('',(53.2,-65.5,0.));
#3820 = VECTOR('',#3821,1.);
#3821 = DIRECTION('',(1.,0.,0.));
#3822 = ORIENTED_EDGE('',*,*,#3770,.F.);
#3823 = PLANE('',#3824);
#3824 = AXIS2_PLACEMENT_3D('',#3825,#3826,#3827);
#3825 = CARTESIAN_POINT('',(53.2,-65.5,-2.4));
#3826 = DIRECTION('',(0.,1.,0.));
#3827 = DIRECTION('',(0.,0.,1.));
#3828 = ADVANCED_FACE('',(#3829),#3845,.T.);
#3829 = FACE_BOUND('',#3830,.T.);
#3830 = EDGE_LOOP('',(#3831,#3837,#3838,#3844));
#3831 = ORIENTED_EDGE('',*,*,#3832,.F.);
#3832 = EDGE_CURVE('',#3741,#3781,#3833,.T.);
#3833 = LINE('',#3834,#3835);
#3834 = CARTESIAN_POINT('',(53.2,-48.5,-2.4));
#3835 = VECTOR('',#3836,1.);
#3836 = DIRECTION('',(1.,0.,0.));
#3837 = ORIENTED_EDGE('',*,*,#3748,.T.);
#3838 = ORIENTED_EDGE('',*,*,#3839,.T.);
#3839 = EDGE_CURVE('',#3749,#3789,#3840,.T.);
#3840 = LINE('',#3841,#3842);
#3841 = CARTESIAN_POINT('',(53.2,-48.5,0.));
#3842 = VECTOR('',#3843,1.);
#3843 = DIRECTION('',(1.,0.,0.));
#3844 = ORIENTED_EDGE('',*,*,#3788,.F.);
#3845 = PLANE('',#3846);
#3846 = AXIS2_PLACEMENT_3D('',#3847,#3848,#3849);
#3847 = CARTESIAN_POINT('',(53.2,-48.5,-2.4));
#3848 = DIRECTION('',(0.,1.,0.));
#3849 = DIRECTION('',(0.,0.,1.));
#3850 = ADVANCED_FACE('',(#3851),#3857,.F.);
#3851 = FACE_BOUND('',#3852,.F.);
#3852 = EDGE_LOOP('',(#3853,#3854,#3855,#3856));
#3853 = ORIENTED_EDGE('',*,*,#3740,.F.);
#3854 = ORIENTED_EDGE('',*,*,#3810,.T.);
#3855 = ORIENTED_EDGE('',*,*,#3780,.T.);
#3856 = ORIENTED_EDGE('',*,*,#3832,.F.);
#3857 = PLANE('',#3858);
#3858 = AXIS2_PLACEMENT_3D('',#3859,#3860,#3861);
#3859 = CARTESIAN_POINT('',(53.2,-65.5,-2.4));
#3860 = DIRECTION('',(0.,0.,1.));
#3861 = DIRECTION('',(1.,0.,0.));
#3862 = ADVANCED_FACE('',(#3863),#3869,.T.);
#3863 = FACE_BOUND('',#3864,.T.);
#3864 = EDGE_LOOP('',(#3865,#3866,#3867,#3868));
#3865 = ORIENTED_EDGE('',*,*,#3756,.F.);
#3866 = ORIENTED_EDGE('',*,*,#3817,.T.);
#3867 = ORIENTED_EDGE('',*,*,#3796,.T.);
#3868 = ORIENTED_EDGE('',*,*,#3839,.F.);
#3869 = PLANE('',#3870);
#3870 = AXIS2_PLACEMENT_3D('',#3871,#3872,#3873);
#3871 = CARTESIAN_POINT('',(53.2,-65.5,0.));
#3872 = DIRECTION('',(0.,0.,1.));
#3873 = DIRECTION('',(1.,0.,0.));
#3874 = MANIFOLD_SOLID_BREP('',#3875);
#3875 = CLOSED_SHELL('',(#3876,#3916,#3956,#3978,#4000,#4012));
#3876 = ADVANCED_FACE('',(#3877),#3911,.F.);
#3877 = FACE_BOUND('',#3878,.F.);
#3878 = EDGE_LOOP('',(#3879,#3889,#3897,#3905));
#3879 = ORIENTED_EDGE('',*,*,#3880,.F.);
#3880 = EDGE_CURVE('',#3881,#3883,#3885,.T.);
#3881 = VERTEX_POINT('',#3882);
#3882 = CARTESIAN_POINT('',(70.525,-85.2,-2.));
#3883 = VERTEX_POINT('',#3884);
#3884 = CARTESIAN_POINT('',(70.525,-85.2,1.25));
#3885 = LINE('',#3886,#3887);
#3886 = CARTESIAN_POINT('',(70.525,-85.2,-2.));
#3887 = VECTOR('',#3888,1.);
#3888 = DIRECTION('',(0.,0.,1.));
#3889 = ORIENTED_EDGE('',*,*,#3890,.T.);
#3890 = EDGE_CURVE('',#3881,#3891,#3893,.T.);
#3891 = VERTEX_POINT('',#3892);
#3892 = CARTESIAN_POINT('',(70.525,-76.65,-2.));
#3893 = LINE('',#3894,#3895);
#3894 = CARTESIAN_POINT('',(70.525,-85.2,-2.));
#3895 = VECTOR('',#3896,1.);
#3896 = DIRECTION('',(0.,1.,0.));
#3897 = ORIENTED_EDGE('',*,*,#3898,.T.);
#3898 = EDGE_CURVE('',#3891,#3899,#3901,.T.);
#3899 = VERTEX_POINT('',#3900);
#3900 = CARTESIAN_POINT('',(70.525,-76.65,1.25));
#3901 = LINE('',#3902,#3903);
#3902 = CARTESIAN_POINT('',(70.525,-76.65,-2.));
#3903 = VECTOR('',#3904,1.);
#3904 = DIRECTION('',(0.,0.,1.));
#3905 = ORIENTED_EDGE('',*,*,#3906,.F.);
#3906 = EDGE_CURVE('',#3883,#3899,#3907,.T.);
#3907 = LINE('',#3908,#3909);
#3908 = CARTESIAN_POINT('',(70.525,-85.2,1.25));
#3909 = VECTOR('',#3910,1.);
#3910 = DIRECTION('',(0.,1.,0.));
#3911 = PLANE('',#3912);
#3912 = AXIS2_PLACEMENT_3D('',#3913,#3914,#3915);
#3913 = CARTESIAN_POINT('',(70.525,-85.2,-2.));
#3914 = DIRECTION('',(1.,0.,0.));
#3915 = DIRECTION('',(0.,0.,1.));
#3916 = ADVANCED_FACE('',(#3917),#3951,.T.);
#3917 = FACE_BOUND('',#3918,.T.);
#3918 = EDGE_LOOP('',(#3919,#3929,#3937,#3945));
#3919 = ORIENTED_EDGE('',*,*,#3920,.F.);
#3920 = EDGE_CURVE('',#3921,#3923,#3925,.T.);
#3921 = VERTEX_POINT('',#3922);
#3922 = CARTESIAN_POINT('',(79.475,-85.2,-2.));
#3923 = VERTEX_POINT('',#3924);
#3924 = CARTESIAN_POINT('',(79.475,-85.2,1.25));
#3925 = LINE('',#3926,#3927);
#3926 = CARTESIAN_POINT('',(79.475,-85.2,-2.));
#3927 = VECTOR('',#3928,1.);
#3928 = DIRECTION('',(0.,0.,1.));
#3929 = ORIENTED_EDGE('',*,*,#3930,.T.);
#3930 = EDGE_CURVE('',#3921,#3931,#3933,.T.);
#3931 = VERTEX_POINT('',#3932);
#3932 = CARTESIAN_POINT('',(79.475,-76.65,-2.));
#3933 = LINE('',#3934,#3935);
#3934 = CARTESIAN_POINT('',(79.475,-85.2,-2.));
#3935 = VECTOR('',#3936,1.);
#3936 = DIRECTION('',(0.,1.,0.));
#3937 = ORIENTED_EDGE('',*,*,#3938,.T.);
#3938 = EDGE_CURVE('',#3931,#3939,#3941,.T.);
#3939 = VERTEX_POINT('',#3940);
#3940 = CARTESIAN_POINT('',(79.475,-76.65,1.25));
#3941 = LINE('',#3942,#3943);
#3942 = CARTESIAN_POINT('',(79.475,-76.65,-2.));
#3943 = VECTOR('',#3944,1.);
#3944 = DIRECTION('',(0.,0.,1.));
#3945 = ORIENTED_EDGE('',*,*,#3946,.F.);
#3946 = EDGE_CURVE('',#3923,#3939,#3947,.T.);
#3947 = LINE('',#3948,#3949);
#3948 = CARTESIAN_POINT('',(79.475,-85.2,1.25));
#3949 = VECTOR('',#3950,1.);
#3950 = DIRECTION('',(0.,1.,0.));
#3951 = PLANE('',#3952);
#3952 = AXIS2_PLACEMENT_3D('',#3953,#3954,#3955);
#3953 = CARTESIAN_POINT('',(79.475,-85.2,-2.));
#3954 = DIRECTION('',(1.,0.,0.));
#3955 = DIRECTION('',(0.,0.,1.));
#3956 = ADVANCED_FACE('',(#3957),#3973,.F.);
#3957 = FACE_BOUND('',#3958,.F.);
#3958 = EDGE_LOOP('',(#3959,#3965,#3966,#3972));
#3959 = ORIENTED_EDGE('',*,*,#3960,.F.);
#3960 = EDGE_CURVE('',#3881,#3921,#3961,.T.);
#3961 = LINE('',#3962,#3963);
#3962 = CARTESIAN_POINT('',(70.525,-85.2,-2.));
#3963 = VECTOR('',#3964,1.);
#3964 = DIRECTION('',(1.,0.,0.));
#3965 = ORIENTED_EDGE('',*,*,#3880,.T.);
#3966 = ORIENTED_EDGE('',*,*,#3967,.T.);
#3967 = EDGE_CURVE('',#3883,#3923,#3968,.T.);
#3968 = LINE('',#3969,#3970);
#3969 = CARTESIAN_POINT('',(70.525,-85.2,1.25));
#3970 = VECTOR('',#3971,1.);
#3971 = DIRECTION('',(1.,0.,0.));
#3972 = ORIENTED_EDGE('',*,*,#3920,.F.);
#3973 = PLANE('',#3974);
#3974 = AXIS2_PLACEMENT_3D('',#3975,#3976,#3977);
#3975 = CARTESIAN_POINT('',(70.525,-85.2,-2.));
#3976 = DIRECTION('',(0.,1.,0.));
#3977 = DIRECTION('',(0.,0.,1.));
#3978 = ADVANCED_FACE('',(#3979),#3995,.T.);
#3979 = FACE_BOUND('',#3980,.T.);
#3980 = EDGE_LOOP('',(#3981,#3987,#3988,#3994));
#3981 = ORIENTED_EDGE('',*,*,#3982,.F.);
#3982 = EDGE_CURVE('',#3891,#3931,#3983,.T.);
#3983 = LINE('',#3984,#3985);
#3984 = CARTESIAN_POINT('',(70.525,-76.65,-2.));
#3985 = VECTOR('',#3986,1.);
#3986 = DIRECTION('',(1.,0.,0.));
#3987 = ORIENTED_EDGE('',*,*,#3898,.T.);
#3988 = ORIENTED_EDGE('',*,*,#3989,.T.);
#3989 = EDGE_CURVE('',#3899,#3939,#3990,.T.);
#3990 = LINE('',#3991,#3992);
#3991 = CARTESIAN_POINT('',(70.525,-76.65,1.25));
#3992 = VECTOR('',#3993,1.);
#3993 = DIRECTION('',(1.,0.,0.));
#3994 = ORIENTED_EDGE('',*,*,#3938,.F.);
#3995 = PLANE('',#3996);
#3996 = AXIS2_PLACEMENT_3D('',#3997,#3998,#3999);
#3997 = CARTESIAN_POINT('',(70.525,-76.65,-2.));
#3998 = DIRECTION('',(0.,1.,0.));
#3999 = DIRECTION('',(0.,0.,1.));
#4000 = ADVANCED_FACE('',(#4001),#4007,.F.);
#4001 = FACE_BOUND('',#4002,.F.);
#4002 = EDGE_LOOP('',(#4003,#4004,#4005,#4006));
#4003 = ORIENTED_EDGE('',*,*,#3890,.F.);
#4004 = ORIENTED_EDGE('',*,*,#3960,.T.);
#4005 = ORIENTED_EDGE('',*,*,#3930,.T.);
#4006 = ORIENTED_EDGE('',*,*,#3982,.F.);
#4007 = PLANE('',#4008);
#4008 = AXIS2_PLACEMENT_3D('',#4009,#4010,#4011);
#4009 = CARTESIAN_POINT('',(70.525,-85.2,-2.));
#4010 = DIRECTION('',(0.,0.,1.));
#4011 = DIRECTION('',(1.,0.,0.));
#4012 = ADVANCED_FACE('',(#4013),#4019,.T.);
#4013 = FACE_BOUND('',#4014,.T.);
#4014 = EDGE_LOOP('',(#4015,#4016,#4017,#4018));
#4015 = ORIENTED_EDGE('',*,*,#3906,.F.);
#4016 = ORIENTED_EDGE('',*,*,#3967,.T.);
#4017 = ORIENTED_EDGE('',*,*,#3946,.T.);
#4018 = ORIENTED_EDGE('',*,*,#3989,.F.);
#4019 = PLANE('',#4020);
#4020 = AXIS2_PLACEMENT_3D('',#4021,#4022,#4023);
#4021 = CARTESIAN_POINT('',(70.525,-85.2,1.25));
#4022 = DIRECTION('',(0.,0.,1.));
#4023 = DIRECTION('',(1.,0.,0.));
#4024 = MANIFOLD_SOLID_BREP('',#4025);
#4025 = CLOSED_SHELL('',(#4026,#4066,#4106,#4128,#4150,#4162));
#4026 = ADVANCED_FACE('',(#4027),#4061,.F.);
#4027 = FACE_BOUND('',#4028,.F.);
#4028 = EDGE_LOOP('',(#4029,#4039,#4047,#4055));
#4029 = ORIENTED_EDGE('',*,*,#4030,.F.);
#4030 = EDGE_CURVE('',#4031,#4033,#4035,.T.);
#4031 = VERTEX_POINT('',#4032);
#4032 = CARTESIAN_POINT('',(4.,-52.,-2.));
#4033 = VERTEX_POINT('',#4034);
#4034 = CARTESIAN_POINT('',(4.,-52.,0.));
#4035 = LINE('',#4036,#4037);
#4036 = CARTESIAN_POINT('',(4.,-52.,-2.));
#4037 = VECTOR('',#4038,1.);
#4038 = DIRECTION('',(0.,0.,1.));
#4039 = ORIENTED_EDGE('',*,*,#4040,.T.);
#4040 = EDGE_CURVE('',#4031,#4041,#4043,.T.);
#4041 = VERTEX_POINT('',#4042);
#4042 = CARTESIAN_POINT('',(4.,-4.,-2.));
#4043 = LINE('',#4044,#4045);
#4044 = CARTESIAN_POINT('',(4.,-52.,-2.));
#4045 = VECTOR('',#4046,1.);
#4046 = DIRECTION('',(0.,1.,0.));
#4047 = ORIENTED_EDGE('',*,*,#4048,.T.);
#4048 = EDGE_CURVE('',#4041,#4049,#4051,.T.);
#4049 = VERTEX_POINT('',#4050);
#4050 = CARTESIAN_POINT('',(4.,-4.,0.));
#4051 = LINE('',#4052,#4053);
#4052 = CARTESIAN_POINT('',(4.,-4.,-2.));
#4053 = VECTOR('',#4054,1.);
#4054 = DIRECTION('',(0.,0.,1.));
#4055 = ORIENTED_EDGE('',*,*,#4056,.F.);
#4056 = EDGE_CURVE('',#4033,#4049,#4057,.T.);
#4057 = LINE('',#4058,#4059);
#4058 = CARTESIAN_POINT('',(4.,-52.,0.));
#4059 = VECTOR('',#4060,1.);
#4060 = DIRECTION('',(0.,1.,0.));
#4061 = PLANE('',#4062);
#4062 = AXIS2_PLACEMENT_3D('',#4063,#4064,#4065);
#4063 = CARTESIAN_POINT('',(4.,-52.,-2.));
#4064 = DIRECTION('',(1.,0.,0.));
#4065 = DIRECTION('',(0.,0.,1.));
#4066 = ADVANCED_FACE('',(#4067),#4101,.T.);
#4067 = FACE_BOUND('',#4068,.T.);
#4068 = EDGE_LOOP('',(#4069,#4079,#4087,#4095));
#4069 = ORIENTED_EDGE('',*,*,#4070,.F.);
#4070 = EDGE_CURVE('',#4071,#4073,#4075,.T.);
#4071 = VERTEX_POINT('',#4072);
#4072 = CARTESIAN_POINT('',(49.,-52.,-2.));
#4073 = VERTEX_POINT('',#4074);
#4074 = CARTESIAN_POINT('',(49.,-52.,0.));
#4075 = LINE('',#4076,#4077);
#4076 = CARTESIAN_POINT('',(49.,-52.,-2.));
#4077 = VECTOR('',#4078,1.);
#4078 = DIRECTION('',(0.,0.,1.));
#4079 = ORIENTED_EDGE('',*,*,#4080,.T.);
#4080 = EDGE_CURVE('',#4071,#4081,#4083,.T.);
#4081 = VERTEX_POINT('',#4082);
#4082 = CARTESIAN_POINT('',(49.,-4.,-2.));
#4083 = LINE('',#4084,#4085);
#4084 = CARTESIAN_POINT('',(49.,-52.,-2.));
#4085 = VECTOR('',#4086,1.);
#4086 = DIRECTION('',(0.,1.,0.));
#4087 = ORIENTED_EDGE('',*,*,#4088,.T.);
#4088 = EDGE_CURVE('',#4081,#4089,#4091,.T.);
#4089 = VERTEX_POINT('',#4090);
#4090 = CARTESIAN_POINT('',(49.,-4.,0.));
#4091 = LINE('',#4092,#4093);
#4092 = CARTESIAN_POINT('',(49.,-4.,-2.));
#4093 = VECTOR('',#4094,1.);
#4094 = DIRECTION('',(0.,0.,1.));
#4095 = ORIENTED_EDGE('',*,*,#4096,.F.);
#4096 = EDGE_CURVE('',#4073,#4089,#4097,.T.);
#4097 = LINE('',#4098,#4099);
#4098 = CARTESIAN_POINT('',(49.,-52.,0.));
#4099 = VECTOR('',#4100,1.);
#4100 = DIRECTION('',(0.,1.,0.));
#4101 = PLANE('',#4102);
#4102 = AXIS2_PLACEMENT_3D('',#4103,#4104,#4105);
#4103 = CARTESIAN_POINT('',(49.,-52.,-2.));
#4104 = DIRECTION('',(1.,0.,0.));
#4105 = DIRECTION('',(0.,0.,1.));
#4106 = ADVANCED_FACE('',(#4107),#4123,.F.);
#4107 = FACE_BOUND('',#4108,.F.);
#4108 = EDGE_LOOP('',(#4109,#4115,#4116,#4122));
#4109 = ORIENTED_EDGE('',*,*,#4110,.F.);
#4110 = EDGE_CURVE('',#4031,#4071,#4111,.T.);
#4111 = LINE('',#4112,#4113);
#4112 = CARTESIAN_POINT('',(4.,-52.,-2.));
#4113 = VECTOR('',#4114,1.);
#4114 = DIRECTION('',(1.,0.,0.));
#4115 = ORIENTED_EDGE('',*,*,#4030,.T.);
#4116 = ORIENTED_EDGE('',*,*,#4117,.T.);
#4117 = EDGE_CURVE('',#4033,#4073,#4118,.T.);
#4118 = LINE('',#4119,#4120);
#4119 = CARTESIAN_POINT('',(4.,-52.,0.));
#4120 = VECTOR('',#4121,1.);
#4121 = DIRECTION('',(1.,0.,0.));
#4122 = ORIENTED_EDGE('',*,*,#4070,.F.);
#4123 = PLANE('',#4124);
#4124 = AXIS2_PLACEMENT_3D('',#4125,#4126,#4127);
#4125 = CARTESIAN_POINT('',(4.,-52.,-2.));
#4126 = DIRECTION('',(0.,1.,0.));
#4127 = DIRECTION('',(0.,0.,1.));
#4128 = ADVANCED_FACE('',(#4129),#4145,.T.);
#4129 = FACE_BOUND('',#4130,.T.);
#4130 = EDGE_LOOP('',(#4131,#4137,#4138,#4144));
#4131 = ORIENTED_EDGE('',*,*,#4132,.F.);
#4132 = EDGE_CURVE('',#4041,#4081,#4133,.T.);
#4133 = LINE('',#4134,#4135);
#4134 = CARTESIAN_POINT('',(4.,-4.,-2.));
#4135 = VECTOR('',#4136,1.);
#4136 = DIRECTION('',(1.,0.,0.));
#4137 = ORIENTED_EDGE('',*,*,#4048,.T.);
#4138 = ORIENTED_EDGE('',*,*,#4139,.T.);
#4139 = EDGE_CURVE('',#4049,#4089,#4140,.T.);
#4140 = LINE('',#4141,#4142);
#4141 = CARTESIAN_POINT('',(4.,-4.,0.));
#4142 = VECTOR('',#4143,1.);
#4143 = DIRECTION('',(1.,0.,0.));
#4144 = ORIENTED_EDGE('',*,*,#4088,.F.);
#4145 = PLANE('',#4146);
#4146 = AXIS2_PLACEMENT_3D('',#4147,#4148,#4149);
#4147 = CARTESIAN_POINT('',(4.,-4.,-2.));
#4148 = DIRECTION('',(0.,1.,0.));
#4149 = DIRECTION('',(0.,0.,1.));
#4150 = ADVANCED_FACE('',(#4151),#4157,.F.);
#4151 = FACE_BOUND('',#4152,.F.);
#4152 = EDGE_LOOP('',(#4153,#4154,#4155,#4156));
#4153 = ORIENTED_EDGE('',*,*,#4040,.F.);
#4154 = ORIENTED_EDGE('',*,*,#4110,.T.);
#4155 = ORIENTED_EDGE('',*,*,#4080,.T.);
#4156 = ORIENTED_EDGE('',*,*,#4132,.F.);
#4157 = PLANE('',#4158);
#4158 = AXIS2_PLACEMENT_3D('',#4159,#4160,#4161);
#4159 = CARTESIAN_POINT('',(4.,-52.,-2.));
#4160 = DIRECTION('',(0.,0.,1.));
#4161 = DIRECTION('',(1.,0.,0.));
#4162 = ADVANCED_FACE('',(#4163),#4169,.T.);
#4163 = FACE_BOUND('',#4164,.T.);
#4164 = EDGE_LOOP('',(#4165,#4166,#4167,#4168));
#4165 = ORIENTED_EDGE('',*,*,#4056,.F.);
#4166 = ORIENTED_EDGE('',*,*,#4117,.T.);
#4167 = ORIENTED_EDGE('',*,*,#4096,.T.);
#4168 = ORIENTED_EDGE('',*,*,#4139,.F.);
#4169 = PLANE('',#4170);
#4170 = AXIS2_PLACEMENT_3D('',#4171,#4172,#4173);
#4171 = CARTESIAN_POINT('',(4.,-52.,0.));
#4172 = DIRECTION('',(0.,0.,1.));
#4173 = DIRECTION('',(1.,0.,0.));
#4174 = ( GEOMETRIC_REPRESENTATION_CONTEXT(3) 
GLOBAL_UNCERTAINTY_ASSIGNED_CONTEXT((#4178)) 
GLOBAL_UNIT_ASSIGNED_CONTEXT((#4175,#4176,#4177)) REPRESENTATION_CONTEXT
('Context #1','3D Context with UNIT and UNCERTAINTY') );
#4175 = ( LENGTH_UNIT() NAMED_UNIT(*) SI_UNIT(.MILLI.,.METRE.) );
#4176 = ( NAMED_UNIT(*) PLANE_ANGLE_UNIT() SI_UNIT($,.RADIAN.) );
#4177 = ( NAMED_UNIT(*) SI_UNIT($,.STERADIAN.) SOLID_ANGLE_UNIT() );
#4178 = UNCERTAINTY_MEASURE_WITH_UNIT(LENGTH_MEASURE(1.E-07),#4175,
  'distance_accuracy_value','confusion accuracy');
#4179 = PRODUCT_RELATED_PRODUCT_CATEGORY('part',$,(#7));
ENDSEC;
END-ISO-10303-21;
